1741819620,4.227,105.89,4,0,99.45,22.35,502,18.98,18.86,35.96,38.03,38.03,38.03,250.68,286.28,286.97,287.04,287.08,0.28,0,0,1
1741819680,4.21,105.89,4,0,99.45,22.86,505,19.13,18.94,13.38,14.15,14.15,14.15,93.31,106.56,106.81,106.84,106.86,0.28,1,0,1
1741819740,4.222,105.73,4,0,99.45,23.41,506,19.27,18.89,16.53,17.48,17.48,17.48,115.26,131.63,131.94,131.98,132,0.28,1,0,1
1741819800,4.214,105.73,4,0,99.45,23.78,510,19.26,18.72,44.15,46.69,46.69,46.69,307.83,351.53,352.38,352.47,352.52,0.28,1,0,1
1741819860,4.238,105.57,4,0,99.45,23.99,510,19.14,18.49,134.9,142.65,142.65,142.65,940.51,1074.04,1076.63,1076.9,1077.05,0.28,1,0,1
1741819920,4.211,105.57,3,0,99.45,24.04,515,18.93,18.67,3.23,3.41,3.41,3.41,22.5,25.7,25.76,25.76,25.77,0.28,1,0,1
1741819980,4.21,105.41,4,0,99.45,24.07,515,19.02,18.59,4.93,5.22,5.22,5.22,34.38,39.27,39.36,39.37,39.38,0.29,1,0,1
1741820040,4.21,105.41,4,0,99.45,24.12,524,19.04,18.64,5.35,5.66,5.66,5.66,37.3,42.59,42.7,42.71,42.71,0.29,1,0,1
1741820100,4.209,105.25,4,0,99.45,24.25,522,19.13,18.63,4.91,5.19,5.19,5.19,34.2,39.06,39.15,39.16,39.17,0.3,1,0,1
1741820160,4.21,105.25,4,0,99.46,24.47,520,19.14,18.6,4.71,4.99,4.99,4.99,32.87,37.53,37.62,37.63,37.64,0.3,1,0,1
1741820220,4.209,105.09,3,0,99.46,24.65,522,19.33,18.52,5,5.28,5.28,5.28,34.84,39.79,39.88,39.89,39.9,0.3,1,0,0
1741820280,4.21,106.2,4,0,99.46,24.3,506,21.64,15.86,1.46,2.69,3.61,3.79,7.5,10.34,11.6,11.84,11.88,1.06,1,0,0
1741820340,4.21,106.2,4,0,99.46,23.61,493,19.99,17.34,23.36,24.7,24.7,24.7,162.87,185.99,186.44,186.49,186.51,0.32,1,0,1
1741820400,4.227,106.04,3,0,99.45,23.34,492,19.23,17.96,31.38,33.19,33.19,33.19,218.81,249.87,250.48,250.54,250.57,0.28,1,0,1
1741820460,4.213,105.89,3,0,99.45,23.43,495,18.95,18.29,28.52,30.16,30.16,30.16,198.82,227.05,227.6,227.66,227.69,0.28,1,0,1
1741820520,4.211,105.89,3,0,99.45,23.71,498,18.89,18.4,110.63,116.99,116.99,116.99,771.31,880.81,882.94,883.16,883.28,0.28,1,0,1
1741820580,4.213,105.73,3,0,99.45,24.05,502,18.98,18.37,48.02,50.78,50.78,50.78,334.81,382.35,383.27,383.37,383.42,0.28,1,0,1
1741820640,4.213,105.73,3,0,99.45,24.08,499,18.93,18.23,49.15,51.97,51.97,51.97,342.66,391.31,392.26,392.36,392.41,0.28,1,0,1
1741820700,4.229,105.57,3,0,99.45,24.26,503,19.01,18.19,42.14,44.56,44.56,44.56,293.8,335.51,336.32,336.41,336.46,0.28,1,0,1
1741820760,4.213,105.57,3,0,99.45,24.3,504,18.93,18.43,2.3,2.43,2.43,2.43,16.02,18.3,18.34,18.35,18.35,0.28,1,0,1
1741820820,4.211,105.41,3,0,99.45,23.88,499,18.63,18.43,5.23,5.53,5.53,5.53,36.45,41.62,41.72,41.73,41.74,0.29,1,0,1
1741820880,4.213,105.41,3,0,99.45,23.71,497,18.82,18.47,5.19,5.49,5.49,5.49,36.17,41.3,41.4,41.41,41.42,0.29,1,0,1
1741820940,4.211,105.25,2,0,99.45,23.58,499,18.53,18.42,4.74,5.01,5.01,5.01,33.06,37.75,37.84,37.85,37.85,0.3,1,0,1
1741821000,4.106,104.94,5,0,99.45,23.44,497,18.28,18.68,4.88,5.16,5.16,5.16,34,38.83,38.93,38.94,38.94,0.3,0,0,1
1741821060,4.122,104.46,2,0,99.44,23.3,498,18.15,18.67,4.4,4.65,4.65,4.65,30.67,35.02,35.1,35.11,35.12,0.3,0,0,0
1741821120,4.154,103.99,3,0,99.44,22.99,495,18.1,18.72,1.19,1.26,1.26,1.26,8.31,9.49,9.51,9.51,9.51,0.31,0,0,0
1741821180,4.133,103.67,2,0,99.44,22.25,488,17.73,18.89,1.09,1.15,1.15,1.15,7.58,8.66,8.68,8.68,8.68,0.33,0,0,0
1741821240,4.114,103.2,1,0,99.44,22.17,504,18.11,20.69,3.3,3.49,3.49,3.49,22.99,26.25,26.31,26.32,26.33,0.37,0,0,0
1741821300,4.23,103.2,1,0,99.44,22.91,598,19.18,22.51,4.16,4.4,4.4,4.4,29,33.12,33.2,33.2,33.21,0.44,1,0,0
1741821361,4.23,103.2,1,0,99.45,23.4,651,20,22.62,4.09,4.33,4.33,4.33,28.53,32.58,32.66,32.67,32.67,0.49,1,0,0
1741821421,4.23,103.36,0,0,99.45,23.8,664,20.63,22.14,3.26,3.44,3.44,3.44,22.71,25.93,26,26,26.01,0.54,1,0,0
1741821481,4.231,103.36,0,0,99.45,24.18,669,21.14,22.08,4.03,4.26,4.26,4.26,28.09,32.08,32.16,32.17,32.17,0.57,1,0,0
1741821541,4.23,103.51,0,0,99.46,24.51,674,21.6,21.85,4.27,4.63,4.71,4.73,29.54,33.9,34.1,34.13,34.14,0.59,1,0,0
1741821601,4.231,103.51,0,0,99.45,24.8,676,21.93,21.69,5,5.52,5.7,5.74,34.33,39.56,39.9,39.96,39.97,0.65,1,0,0
1741821661,4.231,103.67,0,0,99.45,25.09,682,22.27,21.57,4.36,4.84,5.03,5.07,29.8,34.4,34.74,34.8,34.81,0.66,1,0,0
1741821721,4.231,103.67,1,0,99.45,25.42,688,22.58,21.37,4.35,4.92,5.18,5.23,29.58,34.28,34.72,34.79,34.81,0.68,1,0,0
1741821781,4.23,103.67,1,0,99.45,25.71,691,22.83,21.34,4.21,4.73,4.95,5,28.72,33.23,33.61,33.68,33.69,0.63,1,0,0
1741821841,4.231,103.83,0,0,99.45,25.95,695,23.04,21.18,4.97,5.48,5.66,5.69,34.12,39.32,39.65,39.71,39.72,0.63,1,0,0
1741821901,4.23,103.83,0,0,99.45,26.14,696,23.29,21.01,4.04,4.43,4.55,4.57,27.82,32.01,32.25,32.29,32.3,0.65,1,0,0
1741821961,4.209,103.83,0,0,99.45,26.32,695,23.45,20.92,4.2,4.67,4.85,4.89,28.75,33.18,33.51,33.56,33.58,0.66,1,0,0
1741822021,4.207,103.83,0,0,99.45,26.44,696,23.58,20.83,4.1,4.57,4.75,4.79,28.07,32.42,32.74,32.8,32.81,0.65,1,0,0
1741822081,4.207,103.67,0,0,99.45,26.56,695,23.7,20.8,3.87,4.37,4.6,4.65,26.29,30.47,30.85,30.92,30.93,0.68,1,0,0
1741822141,4.207,103.67,0,0,99.45,26.65,704,23.81,20.85,4.14,4.8,5.14,5.21,27.89,32.51,33.04,33.14,33.15,0.7,1,0,0
1741822201,4.207,103.67,1,0,99.45,26.76,725,23.92,20.9,4.23,4.85,5.16,5.22,28.61,33.26,33.75,33.84,33.85,0.69,1,0,0
1741822261,4.206,103.67,0,0,99.45,26.92,740,24.01,20.94,4.19,4.72,4.95,5,28.5,33,33.4,33.47,33.48,0.67,1,0,0
1741822321,4.206,103.51,0,0,99.45,27.07,749,24.11,20.89,3.37,3.81,4.01,4.05,22.91,26.55,26.88,26.94,26.95,0.66,1,0,0
1741822381,4.206,103.51,0,0,99.45,27.19,749,24.23,20.9,3.89,4.41,4.65,4.7,26.38,30.59,30.99,31.06,31.07,0.66,1,0,0
1741822441,4.207,103.51,0,0,99.45,27.24,750,24.28,20.88,3.99,4.47,4.68,4.72,27.22,31.48,31.84,31.9,31.91,0.65,1,0,0
1741822501,4.207,103.51,0,0,99.45,27.31,748,24.38,20.98,4.13,4.61,4.8,4.84,28.21,32.6,32.94,33,33.01,0.65,1,0,0
1741822561,4.206,103.36,0,0,99.45,27.36,749,24.45,21.06,4.45,4.94,5.13,5.17,30.45,35.14,35.48,35.54,35.55,0.64,1,0,0
1741822621,4.209,103.36,1,0,99.45,27.42,758,24.52,21.21,3.97,4.44,4.64,4.68,27.09,31.32,31.66,31.72,31.74,0.63,1,0,0
1741822681,4.206,103.36,0,0,99.45,27.51,771,24.59,21.49,4.16,4.62,4.79,4.82,28.5,32.88,33.2,33.25,33.26,0.63,1,0,0
1741822741,4.206,103.36,0,0,99.45,27.56,778,24.65,21.58,3.45,3.92,4.14,4.19,23.39,27.13,27.5,27.56,27.57,0.65,1,0,0
1741822801,4.209,103.36,0,0,99.45,27.6,780,24.71,21.61,3.64,4.17,4.43,4.48,24.61,28.61,29.03,29.1,29.11,0.65,1,0,0
1741822861,4.207,103.2,0,0,99.45,27.64,784,24.75,21.74,3.78,4.33,4.6,4.66,25.52,29.67,30.11,30.19,30.21,0.68,1,0,0
1741822921,4.206,103.2,0,0,99.45,27.68,789,24.82,21.97,3.84,4.41,4.69,4.75,25.98,30.21,30.66,30.74,30.75,0.66,1,0,0
1741822981,4.206,103.2,0,0,99.45,27.72,795,24.85,22.12,3.88,4.4,4.64,4.69,26.38,30.59,30.98,31.05,31.06,0.67,1,0,0
1741823041,4.206,103.2,0,0,99.45,27.76,802,24.91,22.15,4.02,4.54,4.77,4.82,27.33,31.66,32.05,32.12,32.13,0.68,1,0,0
1741823101,4.206,103.2,0,0,99.44,27.8,803,24.95,22.29,3.89,4.41,4.65,4.7,26.41,30.63,31.02,31.09,31.11,0.69,1,0,0
1741823161,4.207,103.04,0,0,99.44,27.83,811,25,22.4,3.74,4.19,4.37,4.41,25.56,29.55,29.87,29.92,29.93,0.66,1,0,0
1741823221,4.207,103.04,0,0,99.44,27.86,814,25.02,22.55,3.73,4.17,4.36,4.39,25.45,29.42,29.74,29.8,29.81,0.67,1,0,0
1741823281,4.206,103.04,0,0,99.44,27.92,817,25.09,22.6,3.92,4.45,4.69,4.74,26.58,30.83,31.24,31.31,31.32,0.66,1,0,0
1741823341,4.206,103.04,0,0,99.44,27.96,820,25.14,22.74,4.16,4.62,4.8,4.84,28.48,32.87,33.19,33.25,33.26,0.66,1,0,0
1741823401,4.205,103.04,0,0,99.43,28,822,25.18,22.87,4.57,5.06,5.25,5.28,31.32,36.13,36.46,36.52,36.53,0.65,1,0,0
1741823461,4.207,103.04,0,0,99.43,28.05,824,25.22,22.91,5.49,6.1,6.33,6.38,37.62,43.41,43.83,43.9,43.92,0.65,1,0,0
1741823521,4.207,103.04,1,0,99.43,28.16,825,25.23,23.04,6.38,6.99,7.18,7.22,43.95,50.56,50.94,51,51.02,0.64,1,0,0
1741823581,4.207,102.88,1,0,99.43,28.14,797,25.15,21.62,3.92,4.28,4.38,4.4,27.05,31.09,31.3,31.34,31.35,0.64,1,0,0
1741823641,4.209,102.88,0,0,99.43,27.96,692,25,20.92,3.99,4.31,4.38,4.39,27.6,31.65,31.83,31.86,31.86,0.61,1,0,0
1741823701,4.209,102.88,0,0,99.43,27.91,682,25.03,21.23,4.57,4.94,5.02,5.04,31.58,36.24,36.44,36.47,36.48,0.62,1,0,0
1741823761,4.207,102.88,0,0,99.43,27.97,711,25.06,21.99,6.31,6.82,6.94,6.96,43.67,50.1,50.37,50.42,50.43,0.62,1,0,0
1741823821,4.206,102.88,0,0,99.43,28.08,755,25.15,22.3,7.1,7.66,7.78,7.8,49.11,56.31,56.62,56.66,56.68,0.63,1,0,0
1741823881,4.206,102.88,0,0,99.43,27.96,740,24.95,20.68,3.15,3.39,3.43,3.44,21.85,25.04,25.16,25.18,25.18,0.62,1,0,0
1741823941,4.206,102.88,0,0,99.43,27.57,618,24.62,19.51,2.39,2.57,2.61,2.62,16.56,18.98,19.07,19.09,19.09,0.64,1,0,0
1741824001,4.207,102.88,0,0,99.43,27.47,603,24.64,19.74,2.76,2.98,3.03,3.04,19.14,21.94,22.06,22.08,22.08,0.63,1,0,0
1741824061,4.205,102.88,0,0,99.43,27.51,599,24.74,20.18,3.89,4.18,4.23,4.24,26.95,30.88,31.03,31.05,31.06,0.62,1,0,0
1741824121,4.207,102.72,0,0,99.43,27.57,641,24.81,20.99,5.7,6.14,6.23,6.25,39.45,45.23,45.46,45.5,45.51,0.64,1,0,0
1741824181,4.206,102.72,0,0,99.43,27.66,701,24.87,21.46,5.34,5.82,5.96,5.98,36.81,42.3,42.59,42.64,42.65,0.67,1,0,0
1741824241,4.207,102.72,0,0,99.43,27.81,729,24.97,21.92,5.31,5.86,6.06,6.1,36.42,41.98,42.35,42.41,42.43,0.66,1,0,0
1741824301,4.205,102.72,1,0,99.43,27.96,751,25.02,22.09,5.18,5.61,5.71,5.73,35.83,41.12,41.36,41.39,41.4,0.66,1,0,0
1741824361,4.206,102.72,0,0,99.43,28.09,756,25.07,22.12,5.57,5.99,6.08,6.1,38.56,44.2,44.42,44.46,44.47,0.65,1,0,0
1741824421,4.206,102.72,0,0,99.43,28.17,759,25.13,22.12,5.76,6.22,6.32,6.35,39.84,45.7,45.95,45.99,46,0.64,1,0,0
1741824481,4.206,102.72,0,0,99.43,28.26,769,25.17,22.19,5.04,5.45,5.54,5.56,34.89,40.02,40.25,40.28,40.29,0.63,1,0,0
1741824541,4.209,102.72,0,0,99.44,28.34,776,25.19,22.23,5.52,5.98,6.1,6.12,38.17,43.81,44.07,44.11,44.12,0.63,1,0,0
1741824601,4.207,102.72,0,0,99.44,28.4,784,25.25,22.29,5.31,5.73,5.82,5.84,36.75,42.15,42.37,42.41,42.42,0.62,1,0,0
1741824661,4.209,102.72,0,0,99.44,28.48,794,25.33,22.49,4.71,5.13,5.25,5.27,32.51,37.35,37.6,37.64,37.65,0.65,1,0,0
1741824721,4.206,102.72,0,0,99.44,28.56,798,25.34,22.45,4.5,4.92,5.05,5.07,31,35.65,35.91,35.95,35.96,0.67,1,0,0
1741824781,4.206,102.72,0,0,99.44,28.64,802,25.37,22.39,5.02,5.43,5.52,5.54,34.69,39.81,40.03,40.07,40.08,0.64,1,0,0
1741824841,4.207,102.72,0,0,99.43,28.68,805,25.43,22.53,4.55,4.89,4.95,4.96,31.5,36.09,36.27,36.29,36.3,0.64,1,0,0
1741824901,4.207,102.72,0,0,99.43,28.72,810,25.46,22.51,5.42,5.83,5.92,5.93,37.52,43.01,43.22,43.26,43.26,0.63,1,0,0
1741824961,4.207,102.72,0,0,99.43,28.7,821,25.52,22.62,5.56,6.06,6.21,6.24,38.29,44.02,44.33,44.38,44.39,0.67,1,0,0
1741825021,4.206,102.56,1,0,99.43,28.76,836,25.53,22.67,4.39,4.85,5.01,5.05,30.14,34.74,35.04,35.09,35.1,0.67,1,0,0
1741825081,4.207,102.56,0,0,99.43,28.8,843,25.54,22.78,5.11,5.58,5.73,5.76,35.19,40.47,40.76,40.81,40.82,0.66,1,0,0
1741825141,4.206,102.56,0,0,99.43,28.84,854,25.53,22.87,5.03,5.48,5.61,5.63,34.71,39.88,40.15,40.2,40.21,0.64,1,0,0
1741825201,4.206,102.56,0,0,99.43,28.87,857,25.57,22.89,4.94,5.3,5.36,5.37,34.25,39.23,39.41,39.43,39.44,0.61,1,0,0
1741825261,4.207,102.56,0,0,99.42,28.9,863,25.59,22.87,4.59,4.88,4.9,4.91,31.97,36.55,36.66,36.68,36.68,0.61,1,0,0
1741825321,4.206,102.56,0,0,99.42,28.9,865,25.62,22.9,5.06,5.36,5.36,5.36,35.31,40.32,40.42,40.43,40.44,0.58,1,0,0
1741825381,4.205,102.56,0,0,99.42,28.88,870,25.66,23.01,4.66,5,5.06,5.08,32.27,36.97,37.15,37.17,37.18,0.64,1,0,0
1741825441,4.206,102.56,0,0,99.42,28.92,876,25.66,23.04,5.11,5.45,5.5,5.51,35.49,40.61,40.77,40.79,40.8,0.62,1,0,0
1741825501,4.206,102.56,1,0,99.43,28.96,879,25.69,23.06,4.77,5.13,5.21,5.22,33.03,37.87,38.06,38.09,38.09,0.65,1,0,0
1741825561,4.206,102.56,0,0,99.43,29.02,880,25.68,23.07,4.23,4.58,4.67,4.69,29.25,33.57,33.77,33.81,33.81,0.65,1,0,0
1741825621,4.207,102.56,0,0,99.43,29.06,881,25.69,23.1,4.43,4.78,4.85,4.87,30.64,35.14,35.33,35.36,35.36,0.64,1,0,0
1741825681,4.206,102.56,0,0,99.43,29.04,888,25.71,23.16,4.35,4.69,4.76,4.78,30.1,34.52,34.7,34.73,34.73,0.63,1,0,0
1741825741,4.206,102.56,0,0,99.43,28.99,894,25.73,23.22,4.77,5.18,5.29,5.31,32.96,37.85,38.08,38.12,38.13,0.64,1,0,0
1741825801,4.206,102.56,0,0,99.43,29,898,25.73,23.18,3.89,4.23,4.33,4.35,26.88,30.87,31.08,31.11,31.12,0.66,1,0,0
1741825861,4.205,102.56,0,0,99.43,29.03,898,25.73,23.26,4.37,4.8,4.95,4.98,30.04,34.59,34.87,34.92,34.93,0.65,1,0,0
1741825921,4.207,102.56,0,0,99.43,29.01,899,25.76,23.32,4.49,4.91,5.03,5.06,30.96,35.6,35.85,35.89,35.9,0.65,1,0,0
1741825981,4.206,102.56,1,0,99.43,29.02,902,25.78,23.34,4.46,4.85,4.96,4.98,30.76,35.33,35.57,35.6,35.61,0.66,1,0,0
1741826041,4.207,102.56,0,0,99.43,29.04,907,25.79,23.32,4.5,4.88,4.98,5,31.1,35.71,35.93,35.96,35.97,0.66,1,0,0
1741826101,4.206,102.56,0,0,99.43,29.1,909,25.81,23.38,4.41,4.76,4.84,4.86,30.55,35.04,35.23,35.25,35.26,0.63,1,0,0
1741826161,4.206,102.56,0,0,99.44,29.12,912,25.81,23.33,4.04,4.38,4.46,4.48,27.88,32.01,32.2,32.23,32.24,0.63,1,0,0
1741826221,4.206,102.56,0,0,99.43,29.1,912,25.83,23.35,4.18,4.54,4.63,4.65,28.88,33.16,33.37,33.4,33.41,0.65,1,0,0
1741826281,4.206,102.56,0,0,99.44,29.1,913,25.85,23.35,4.49,4.92,5.06,5.09,30.91,35.57,35.84,35.88,35.89,0.65,1,0,0
1741826341,4.206,102.41,0,0,99.44,29.11,913,25.84,23.38,3.83,4.24,4.39,4.42,26.27,30.3,30.57,30.62,30.63,0.69,1,0,0
1741826401,4.207,102.41,0,0,99.44,29.14,915,25.87,23.43,4.47,4.93,5.09,5.12,30.73,35.4,35.7,35.75,35.76,0.67,1,0,0
1741826461,4.205,102.41,0,0,99.44,29.17,918,25.89,23.46,4.24,4.7,4.88,4.92,29.03,33.49,33.81,33.87,33.88,0.66,1,0,0
1741826521,4.206,102.41,0,0,99.44,29.19,920,25.91,23.41,3.74,4.09,4.19,4.21,25.76,29.62,29.83,29.87,29.88,0.66,1,0,0
1741826581,4.207,102.41,0,0,99.44,29.19,925,25.92,23.45,4.45,4.87,5,5.03,30.63,35.23,35.49,35.54,35.55,0.65,1,0,0
1741826641,4.207,102.41,0,0,99.44,29.19,930,25.93,23.52,3.97,4.36,4.49,4.52,27.32,31.45,31.7,31.74,31.75,0.65,1,0,0
1741826701,4.207,102.41,0,0,99.43,29.23,932,25.95,23.39,4.46,4.88,5.01,5.04,30.72,35.33,35.59,35.63,35.64,0.67,1,0,0
1741826761,4.206,102.41,1,0,99.43,29.24,936,25.98,23.47,3.9,4.25,4.35,4.37,26.87,30.88,31.09,31.12,31.13,0.66,1,0,0
1741826821,4.206,102.41,0,0,99.43,29.28,937,25.99,23.46,3.88,4.24,4.36,4.38,26.68,30.69,30.92,30.96,30.97,0.66,1,0,0
1741826881,4.206,102.41,0,0,99.43,29.25,940,26.02,23.51,4.15,4.54,4.67,4.69,28.58,32.88,33.13,33.17,33.18,0.66,1,0,0
1741826941,4.206,102.41,0,0,99.44,29.24,944,26.02,23.49,3.76,4.07,4.14,4.15,26.03,29.87,30.03,30.06,30.07,0.63,1,0,0
1741827001,4.207,102.41,0,0,99.44,29.21,946,26.04,23.52,4.32,4.64,4.71,4.72,29.92,34.28,34.45,34.48,34.48,0.64,1,0,0
1741827061,4.206,102.41,0,0,99.44,29.21,950,26.02,23.6,3.97,4.3,4.39,4.4,27.39,31.45,31.64,31.67,31.68,0.66,1,0,0
1741827121,4.207,102.41,0,0,99.44,29.2,953,26.04,23.55,4.09,4.42,4.5,4.52,28.3,32.47,32.66,32.69,32.69,0.64,1,0,0
1741827181,4.206,102.41,0,0,99.44,29.21,958,26.07,23.49,3.82,4.14,4.22,4.24,26.37,30.27,30.46,30.49,30.49,0.67,1,0,0
1741827241,4.205,102.41,0,0,99.44,29.19,959,26.06,23.58,4.11,4.49,4.61,4.63,28.33,32.57,32.81,32.85,32.85,0.67,1,0,0
1741827301,4.206,102.41,0,0,99.44,29.2,960,26.06,23.56,3.88,4.25,4.36,4.39,26.75,30.76,30.99,31.03,31.04,0.66,1,0,0
1741827361,4.207,102.41,0,0,99.44,29.19,959,26.08,23.56,3.83,4.18,4.29,4.31,26.38,30.33,30.55,30.59,30.6,0.66,1,0,0
1741827421,4.207,102.41,0,0,99.44,29.21,962,26.08,23.59,3.71,4.01,4.08,4.09,25.64,29.41,29.58,29.6,29.61,0.65,1,0,0
1741827481,4.207,102.41,0,0,99.44,29.2,964,26.08,23.61,3.39,3.67,3.73,3.75,23.43,26.88,27.04,27.06,27.07,0.65,1,0,0
1741827541,4.207,102.41,0,0,99.44,29.22,965,26.09,23.64,3.73,4.05,4.14,4.16,25.72,29.54,29.73,29.76,29.77,0.65,1,0,0
1741827601,4.206,102.41,0,0,99.45,29.24,969,26.11,23.66,4.01,4.34,4.43,4.45,27.69,31.78,31.97,32,32.01,0.65,1,0,0
1741827661,4.206,102.41,0,0,99.44,29.23,973,26.15,23.64,3.81,4.13,4.21,4.23,26.32,30.22,30.4,30.43,30.44,0.66,1,0,0
1741827721,4.209,102.41,0,0,99.44,29.23,979,26.14,23.67,3.68,4,4.09,4.11,25.39,29.17,29.36,29.39,29.4,0.67,1,0,0
1741827781,4.206,102.41,0,0,99.43,29.25,981,26.14,23.65,3.6,3.93,4.03,4.05,24.83,28.54,28.74,28.78,28.78,0.66,1,0,0
1741827841,4.207,102.41,0,0,99.43,29.25,981,26.17,23.69,3.64,4,4.11,4.14,25.06,28.85,29.07,29.11,29.12,0.66,1,0,0
1741827901,4.206,102.41,0,0,99.43,29.28,982,26.16,23.71,3.18,3.47,3.56,3.58,21.89,25.17,25.35,25.38,25.39,0.66,1,0,0
1741827961,4.205,102.41,0,0,99.42,29.3,986,26.16,23.73,3.22,3.49,3.55,3.57,22.27,25.56,25.71,25.74,25.74,0.65,1,0,0
1741828021,4.207,102.41,0,0,99.41,29.31,990,26.2,23.72,3.51,3.82,3.9,3.92,24.24,27.84,28.02,28.05,28.06,0.63,1,0,0
1741828081,4.206,102.41,0,0,99.41,29.31,994,26.2,23.75,3.48,3.81,3.92,3.94,23.92,27.53,27.74,27.78,27.78,0.66,1,0,0
1741828141,4.207,102.41,0,0,99.41,29.32,996,26.22,23.75,3.27,3.57,3.66,3.68,22.53,25.9,26.08,26.11,26.12,0.65,1,0,0
1741828201,4.207,102.41,0,0,99.4,29.34,998,26.25,23.76,3.25,3.54,3.64,3.65,22.36,25.71,25.89,25.92,25.93,0.66,1,0,0
1741828261,4.206,102.41,0,0,99.39,29.34,997,26.23,23.7,3.27,3.55,3.63,3.65,22.53,25.89,26.05,26.08,26.09,0.65,1,0,0
1741828321,4.209,102.41,0,0,99.39,29.35,996,26.23,23.73,3.57,3.86,3.94,3.95,24.69,28.33,28.5,28.52,28.53,0.65,1,0,0
1741828381,4.206,102.41,0,0,99.39,29.36,994,26.26,23.76,3.2,3.44,3.49,3.5,22.15,25.38,25.51,25.53,25.53,0.63,1,0,0
1741828441,4.207,102.41,0,0,99.38,29.37,998,26.25,23.81,3.37,3.68,3.78,3.79,23.25,26.74,26.92,26.96,26.96,0.68,1,0,0
1741828501,4.206,102.41,0,0,99.38,29.37,1004,26.26,23.76,3.46,3.78,3.88,3.9,23.83,27.41,27.61,27.64,27.65,0.67,1,0,0
1741828561,4.206,102.41,0,0,99.38,29.38,1004,26.3,23.81,3.23,3.54,3.65,3.67,22.19,25.55,25.75,25.78,25.79,0.69,1,0,0
1741828621,4.206,102.41,0,0,99.38,29.4,1008,26.3,23.81,3.12,3.44,3.56,3.58,21.41,24.67,24.88,24.92,24.93,0.68,1,0,0
1741828681,4.206,102.41,0,0,99.38,29.42,1013,26.3,23.9,3.26,3.61,3.75,3.77,22.32,25.75,25.99,26.03,26.04,0.68,1,0,0
1741828741,4.207,102.41,0,0,99.38,29.46,1018,26.36,23.91,3.47,3.85,4,4.03,23.72,27.38,27.65,27.7,27.71,0.68,1,0,0
1741828801,4.207,102.41,0,0,99.39,29.45,1021,26.34,23.88,3.28,3.61,3.72,3.75,22.51,25.93,26.15,26.19,26.19,0.66,1,0,0
1741828861,4.207,102.41,0,0,99.39,29.47,1023,26.37,23.92,3.1,3.42,3.54,3.57,21.26,24.5,24.72,24.76,24.76,0.68,1,0,0
1741828921,4.205,102.41,0,0,99.39,29.46,1023,26.37,23.85,3.06,3.39,3.52,3.55,20.94,24.17,24.4,24.44,24.45,0.68,1,0,0
1741828981,4.205,102.41,0,0,99.39,29.47,1026,26.35,23.92,3.09,3.46,3.61,3.64,21.1,24.38,24.65,24.69,24.7,0.7,1,0,0
1741829041,4.207,102.41,0,0,99.39,29.48,1024,26.38,23.88,3.39,3.78,3.94,3.98,23.18,26.78,27.05,27.1,27.11,0.68,1,0,0
1741829101,4.206,102.41,0,0,99.39,29.47,1024,26.39,23.89,3.11,3.41,3.51,3.53,21.37,24.59,24.78,24.82,24.82,0.65,1,0,0
1741829161,4.206,102.41,0,0,99.39,29.49,1025,26.38,23.87,2.7,2.96,3.05,3.07,18.57,21.38,21.55,21.57,21.58,0.65,1,0,0
1741829221,4.206,102.41,0,0,99.4,29.5,1024,26.44,23.96,3.36,3.66,3.75,3.76,23.15,26.61,26.79,26.82,26.83,0.66,1,0,0
1741829281,4.207,102.41,0,0,99.39,29.48,1028,26.44,23.86,3.14,3.41,3.49,3.51,21.66,24.88,25.04,25.07,25.08,0.63,1,0,0
1741829341,4.205,102.41,0,0,99.4,29.5,1032,26.46,23.97,3.07,3.32,3.38,3.39,21.21,24.33,24.47,24.49,24.5,0.64,1,0,0
1741829401,4.207,102.41,0,0,99.4,29.52,1034,26.44,23.97,3.2,3.45,3.51,3.52,22.17,25.42,25.56,25.58,25.58,0.64,1,0,0
1741829461,4.207,102.41,0,0,99.4,29.45,973,26.32,22.71,2.3,2.48,2.52,2.53,15.93,18.27,18.36,18.38,18.38,0.63,1,0,0
1741829521,4.207,102.41,0,0,99.4,29.32,909,26.24,22.81,2.7,2.93,2.99,3,18.65,21.41,21.54,21.56,21.57,0.64,1,0,0
1741829581,4.207,102.41,0,0,99.4,29.29,907,26.29,22.98,2.41,2.6,2.64,2.65,16.67,19.12,19.23,19.24,19.25,0.62,1,0,0
1741829641,4.206,102.41,0,0,99.4,29.27,914,26.34,23.08,3.02,3.23,3.27,3.27,20.94,23.98,24.08,24.1,24.1,0.62,1,0,0
1741829701,4.206,102.41,0,0,99.4,29.28,925,26.35,23.12,2.75,2.94,2.97,2.97,19.07,21.83,21.92,21.94,21.94,0.61,1,0,0
1741829761,4.205,102.41,0,0,99.39,29.29,937,26.38,23.25,2.69,2.87,2.89,2.9,18.66,21.35,21.44,21.45,21.45,0.6,1,0,0
1741829821,4.205,102.41,0,0,99.4,29.32,951,26.36,23.24,2.53,2.68,2.68,2.68,17.61,20.11,20.17,20.17,20.18,0.59,1,0,0
1741829881,4.206,102.41,0,0,99.4,29.37,959,26.37,23.29,2.83,3.04,3.08,3.09,19.61,22.47,22.58,22.6,22.6,0.61,1,0,0
1741829941,4.205,102.41,0,0,99.4,29.4,966,26.37,23.39,2.55,2.75,2.79,2.8,17.63,20.22,20.32,20.34,20.34,0.63,1,0,0
1741830001,4.207,102.41,0,0,99.4,29.43,972,26.37,23.47,2.66,2.87,2.91,2.92,18.42,21.12,21.22,21.24,21.24,0.63,1,0,0
1741830061,4.207,102.41,0,0,99.4,29.43,980,26.4,23.51,2.71,2.95,3.02,3.04,18.71,21.5,21.64,21.67,21.67,0.63,1,0,0
1741830121,4.206,102.41,0,0,99.4,29.45,988,26.38,23.5,2.39,2.61,2.68,2.69,16.48,18.95,19.09,19.11,19.11,0.64,1,0,0
1741830181,4.207,102.41,0,0,99.4,29.47,998,26.41,23.62,2.91,3.2,3.3,3.32,19.98,23.01,23.2,23.23,23.23,0.67,1,0,0
1741830241,4.207,102.41,0,0,99.39,29.49,1009,26.41,23.61,2.38,2.6,2.67,2.68,16.42,18.88,19.01,19.04,19.04,0.64,1,0,0
1741830301,4.207,102.41,0,0,99.39,29.49,1015,26.41,23.68,2.5,2.71,2.76,2.77,17.28,19.83,19.95,19.97,19.97,0.64,1,0,0
1741830361,4.206,102.41,0,0,99.39,29.51,1024,26.42,23.74,2.24,2.42,2.47,2.48,15.48,17.76,17.87,17.88,17.89,0.62,1,0,0
1741830421,4.206,102.41,0,0,99.4,29.53,1027,26.44,23.76,2.53,2.74,2.79,2.8,17.46,20.04,20.16,20.18,20.18,0.63,1,0,0
1741830481,4.207,102.41,0,0,99.4,29.55,1030,26.44,23.78,2.56,2.8,2.86,2.88,17.67,20.31,20.45,20.47,20.48,0.63,1,0,0
1741830541,4.206,102.41,0,0,99.4,29.55,1033,26.45,23.77,2.63,2.85,2.91,2.92,18.14,20.82,20.95,20.97,20.97,0.62,1,0,0
1741830601,4.206,102.41,0,0,99.4,29.55,1037,26.45,23.77,2.66,2.87,2.92,2.93,18.39,21.1,21.22,21.24,21.24,0.62,1,0,0
1741830661,4.206,102.41,0,0,99.4,29.57,1038,26.46,23.87,2.4,2.6,2.64,2.65,16.6,19.04,19.15,19.17,19.17,0.63,1,0,0
1741830721,4.207,102.41,0,0,99.39,29.59,1041,26.46,23.89,2.75,2.96,3,3.01,19.06,21.85,21.96,21.98,21.98,0.63,1,0,0
1741830781,4.206,102.41,0,0,99.39,29.6,1042,26.48,23.95,2.83,3.05,3.1,3.11,19.55,22.42,22.54,22.56,22.57,0.63,1,0,0
1741830841,4.206,102.41,0,0,99.39,29.61,1045,26.49,23.94,2.44,2.64,2.68,2.69,16.92,19.4,19.5,19.52,19.53,0.63,1,0,0
1741830901,4.207,102.41,0,0,99.39,29.62,1051,26.5,23.95,2.56,2.76,2.8,2.81,17.73,20.33,20.43,20.45,20.45,0.62,1,0,0
1741830961,4.206,102.41,0,0,99.39,29.62,1052,26.51,23.98,2.76,2.98,3.02,3.03,19.14,21.94,22.05,22.06,22.07,0.61,1,0,0
1741831021,4.207,102.41,0,0,99.39,29.63,1054,26.5,23.98,2.25,2.41,2.43,2.43,15.64,17.9,17.98,17.99,17.99,0.61,1,0,0
1741831081,4.206,102.41,0,0,99.39,29.64,1053,26.53,24.03,2.6,2.76,2.77,2.78,18.09,20.68,20.74,20.75,20.75,0.61,1,0,0
1741831141,4.207,102.41,0,0,99.39,29.65,1053,26.5,23.96,2.22,2.36,2.36,2.36,15.47,17.68,17.73,17.74,17.74,0.62,1,0,0
1741831201,4.206,102.41,0,0,99.39,29.65,1061,26.54,24.05,2.76,2.93,2.94,2.95,19.2,21.94,22.01,22.02,22.02,0.62,1,0,0
1741831261,4.206,102.41,0,0,99.39,29.65,1063,26.55,24.09,2.47,2.65,2.68,2.68,17.15,19.64,19.73,19.74,19.74,0.65,1,0,0
1741831321,4.205,102.41,0,0,99.39,29.67,1066,26.55,24.04,2.44,2.64,2.68,2.69,16.84,19.33,19.44,19.45,19.46,0.67,1,0,0
1741831381,4.207,102.41,0,0,99.39,29.68,1071,26.56,24.08,2.26,2.46,2.53,2.54,15.56,17.88,18.01,18.03,18.04,0.67,1,0,0
1741831441,4.206,102.41,0,0,99.39,29.7,1072,26.58,24.11,2.42,2.64,2.71,2.72,16.71,19.21,19.34,19.36,19.37,0.67,1,0,0
1741831501,4.206,102.41,0,0,99.39,29.71,1075,26.58,24.2,2.24,2.46,2.53,2.55,15.39,17.72,17.86,17.88,17.89,0.67,1,0,0
1741831561,4.205,102.41,0,0,99.39,29.72,1075,26.59,24.11,1.97,2.17,2.25,2.26,13.49,15.55,15.68,15.71,15.71,0.67,1,0,0
1741831621,4.209,102.41,0,0,99.4,29.73,1075,26.58,24.17,2.26,2.47,2.53,2.55,15.57,17.9,18.03,18.05,18.06,0.66,1,0,0
1741831681,4.206,102.41,0,0,99.4,29.73,1077,26.59,24.16,2.43,2.64,2.7,2.72,16.78,19.28,19.4,19.42,19.43,0.65,1,0,0
1741831741,4.207,102.41,0,0,99.4,29.75,1080,26.58,24.11,2.4,2.58,2.61,2.62,16.63,19.06,19.15,19.16,19.16,0.62,1,0,0
1741831801,4.205,102.41,0,0,99.4,29.75,1083,26.62,24.18,1.95,2.1,2.13,2.13,13.52,15.5,15.57,15.58,15.59,0.63,1,0,0
1741831861,4.206,102.41,0,0,99.39,29.77,1084,26.63,24.19,2.06,2.23,2.27,2.27,14.28,16.38,16.47,16.48,16.49,0.61,1,0,0
1741831921,4.206,102.41,0,0,99.39,29.78,1084,26.6,24.26,2.12,2.3,2.34,2.35,14.68,16.84,16.94,16.96,16.96,0.62,1,0,0
1741831981,4.206,102.41,0,0,99.39,29.79,1086,26.63,24.25,2.17,2.36,2.42,2.43,15,17.23,17.34,17.36,17.36,0.63,1,0,0
1741832041,4.207,102.41,0,0,99.39,29.8,1092,26.62,24.23,2.53,2.72,2.76,2.76,17.51,20.07,20.17,20.18,20.19,0.62,1,0,0
1741832101,4.207,102.41,0,0,99.39,29.82,1093,26.63,24.31,2.15,2.31,2.33,2.34,14.9,17.07,17.14,17.16,17.16,0.61,1,0,0
1741832161,4.207,102.41,0,0,99.4,29.82,1095,26.63,24.29,1.85,1.98,2,2,12.88,14.74,14.8,14.81,14.81,0.61,1,0,0
1741832221,4.206,102.41,0,0,99.4,29.85,1099,26.65,24.32,2.3,2.47,2.5,2.5,15.97,18.29,18.37,18.38,18.39,0.63,1,0,0
1741832281,4.206,102.41,0,0,99.39,29.86,1103,26.66,24.38,2.12,2.27,2.29,2.3,14.69,16.82,16.89,16.9,16.91,0.61,1,0,0
1741832341,4.205,102.41,0,0,99.39,29.85,1107,26.68,24.36,1.92,2.08,2.11,2.12,13.3,15.26,15.34,15.36,15.36,0.63,1,0,0
1741832401,4.205,102.41,0,0,99.39,29.87,1108,26.68,24.41,2.07,2.23,2.27,2.27,14.36,16.46,16.55,16.56,16.56,0.64,1,0,0
1741832461,4.206,102.41,0,0,99.39,29.88,1109,26.68,24.39,1.98,2.15,2.19,2.19,13.69,15.71,15.81,15.82,15.82,0.63,1,0,0
1741832521,4.205,102.41,0,0,99.39,29.89,1107,26.7,24.41,1.91,2.08,2.12,2.13,13.17,15.13,15.23,15.24,15.25,0.66,1,0,0
1741832581,4.205,102.41,0,0,99.39,29.88,1110,26.71,24.44,2.41,2.61,2.67,2.68,16.64,19.11,19.22,19.24,19.25,0.65,1,0,0
1741832641,4.207,102.41,0,0,99.39,29.9,1112,26.71,24.42,2.07,2.24,2.28,2.29,14.27,16.38,16.48,16.49,16.5,0.64,1,0,0
1741832701,4.209,102.41,0,0,99.39,29.89,1115,26.73,24.45,2.07,2.23,2.27,2.27,14.37,16.47,16.55,16.57,16.57,0.64,1,0,0
1741832761,4.205,102.41,0,0,99.39,29.89,1118,26.72,24.47,1.97,2.12,2.15,2.15,13.67,15.66,15.73,15.75,15.75,0.64,1,0,0
1741832821,4.206,102.41,0,0,99.38,29.9,1119,26.73,24.37,2.06,2.22,2.25,2.26,14.28,16.37,16.45,16.47,16.47,0.65,1,0,0
1741832881,4.206,102.41,0,0,99.38,29.91,1119,26.75,24.47,1.94,2.08,2.1,2.11,13.46,15.41,15.48,15.49,15.49,0.63,1,0,0
1741832941,4.206,102.41,0,0,99.39,29.91,1122,26.76,24.42,1.91,2.05,2.08,2.08,13.22,15.15,15.22,15.23,15.24,0.65,1,0,0
1741833001,4.206,102.41,0,0,99.39,29.93,1125,26.78,24.52,1.75,1.9,1.93,1.94,12.1,13.88,13.97,13.98,13.98,0.65,1,0,0
1741833061,4.206,102.41,0,0,99.39,29.92,1126,26.79,24.48,2.01,2.19,2.25,2.26,13.89,15.97,16.07,16.09,16.1,0.65,1,0,0
1741833121,4.205,102.41,0,0,99.39,29.92,1127,26.77,24.43,2.05,2.22,2.27,2.28,14.14,16.24,16.34,16.36,16.36,0.64,1,0,0
1741833181,4.206,102.41,0,0,99.39,29.92,1127,26.79,24.42,1.7,1.84,1.87,1.87,11.79,13.52,13.59,13.6,13.6,0.63,1,0,0
1741833241,4.207,102.41,0,0,99.39,29.93,1123,26.78,24.49,1.99,2.17,2.21,2.22,13.76,15.8,15.9,15.92,15.92,0.64,1,0,0
1741833301,4.207,102.41,0,0,99.39,29.92,1118,26.82,24.46,1.96,2.15,2.21,2.22,13.5,15.54,15.66,15.68,15.68,0.64,1,0,0
1741833361,4.206,102.41,0,0,99.39,29.91,1119,26.81,24.48,2.08,2.27,2.33,2.34,14.32,16.46,16.58,16.6,16.6,0.64,1,0,0
1741833421,4.206,102.41,0,0,99.39,29.92,1117,26.8,24.44,1.75,1.92,1.98,1.99,12.07,13.89,14,14.02,14.02,0.66,1,0,0
1741833481,4.206,102.41,0,0,99.39,29.96,1113,26.83,24.39,1.92,2.12,2.18,2.19,13.22,15.23,15.35,15.37,15.38,0.67,1,0,0
1741833541,4.206,102.41,0,0,99.39,29.97,1112,26.82,24.41,2.01,2.21,2.27,2.28,13.86,15.94,16.06,16.08,16.09,0.66,1,0,0
1741833601,4.206,102.41,0,0,99.39,29.98,1115,26.84,24.46,1.52,1.68,1.73,1.74,10.47,12.06,12.16,12.18,12.18,0.67,1,0,0
1741833661,4.207,102.41,0,0,99.39,29.96,1117,26.82,24.47,2.04,2.24,2.31,2.32,14.03,16.15,16.28,16.3,16.31,0.66,1,0,0
1741833721,4.206,102.41,0,0,99.39,29.97,1118,26.84,24.39,1.95,2.13,2.19,2.2,13.45,15.47,15.58,15.6,15.61,0.66,1,0,0
1741833781,4.206,102.41,0,0,99.39,29.97,1119,26.84,24.42,1.84,2.01,2.07,2.08,12.65,14.55,14.66,14.68,14.68,0.65,1,0,0
1741833841,4.206,102.41,0,0,99.39,29.97,1118,26.82,24.45,1.68,1.82,1.86,1.87,11.58,13.3,13.38,13.4,13.4,0.65,1,0,0
1741833901,4.206,102.41,0,0,99.4,30,1119,26.84,24.45,1.84,2.03,2.1,2.12,12.61,14.53,14.66,14.68,14.69,0.68,1,0,0
1741833961,4.206,102.41,0,0,99.4,29.99,1118,26.86,24.49,1.97,2.2,2.3,2.32,13.46,15.56,15.73,15.76,15.76,0.68,1,0,0
1741834021,4.206,102.41,0,0,99.39,29.98,1113,26.87,24.48,1.95,2.13,2.2,2.21,13.38,15.4,15.52,15.54,15.54,0.66,1,0,0
1741834081,4.205,102.41,0,0,99.4,30,1112,26.86,24.51,1.74,1.9,1.95,1.96,12.01,13.81,13.9,13.92,13.92,0.66,1,0,0
1741834141,4.205,102.41,0,0,99.4,29.99,1113,26.87,24.53,1.67,1.82,1.87,1.87,11.52,13.24,13.33,13.34,13.35,0.64,1,0,0
1741834201,4.206,102.41,0,0,99.39,30,1113,26.87,24.58,1.93,2.1,2.15,2.16,13.32,15.3,15.41,15.43,15.43,0.64,1,0,0
1741834261,4.205,102.41,0,0,99.39,30.01,1114,26.87,24.61,1.9,2.07,2.12,2.12,13.14,15.09,15.19,15.21,15.21,0.64,1,0,0
1741834321,4.206,102.41,0,0,99.39,30.01,1115,26.89,24.74,1.63,1.76,1.79,1.8,11.3,12.96,13.03,13.04,13.04,0.61,1,0,0
1741834381,4.206,102.41,0,0,99.39,29.99,1118,26.9,24.73,1.95,2.09,2.12,2.12,13.56,15.53,15.6,15.61,15.61,0.62,1,0,0
1741834441,4.206,102.41,0,0,99.39,29.93,1087,26.9,23.88,1.3,1.4,1.43,1.44,8.99,10.31,10.37,10.38,10.38,0.63,1,0,0
1741834501,4.207,102.41,0,0,99.39,29.7,813,26.58,21.15,1.5,1.63,1.67,1.68,10.35,11.9,11.98,11.99,11.99,0.64,1,0,0
1741834561,4.207,102.41,0,0,99.39,29.39,672,26.37,19.98,1.59,1.74,1.78,1.79,10.98,12.62,12.71,12.73,12.73,0.64,1,0,0
1741834621,4.205,102.41,0,0,99.39,29.07,614,26.11,19.27,1.48,1.61,1.66,1.67,10.18,11.71,11.79,11.8,11.81,0.65,1,0,0
1741834681,4.205,102.41,0,0,99.39,28.75,585,25.92,18.77,1.28,1.4,1.45,1.45,8.77,10.09,10.18,10.19,10.19,0.67,1,0,0
1741834741,4.207,102.41,0,0,99.39,28.47,563,25.73,18.46,1.19,1.31,1.36,1.36,8.17,9.41,9.49,9.5,9.51,0.66,1,0,0
1741834801,4.206,102.41,0,0,99.39,28.23,542,25.61,18.31,1.12,1.23,1.27,1.27,7.66,8.82,8.9,8.91,8.91,0.66,1,0,0
1741834861,4.205,102.41,0,0,99.39,28.01,533,25.47,18.23,1.34,1.48,1.53,1.54,9.23,10.63,10.73,10.74,10.75,0.66,1,0,0
1741834921,4.206,102.41,0,0,99.39,27.82,531,25.3,18.07,1.27,1.4,1.43,1.44,8.76,10.08,10.16,10.17,10.18,0.64,1,0,0
1741834981,4.206,102.41,0,0,99.38,27.64,523,25.19,18.09,1.41,1.53,1.57,1.58,9.71,11.15,11.23,11.24,11.25,0.64,1,0,0
1741835041,4.207,102.41,0,0,99.38,27.45,512,25.02,17.81,1.56,1.7,1.74,1.75,10.74,12.35,12.43,12.45,12.45,0.64,1,0,0
1741835101,4.206,102.41,0,0,99.38,27.27,503,24.9,17.58,1.28,1.39,1.42,1.43,8.85,10.17,10.23,10.24,10.24,0.63,1,0,0
1741835161,4.205,102.41,0,0,99.38,27.1,495,24.77,17.48,1.38,1.49,1.52,1.53,9.52,10.93,11,11.01,11.01,0.63,1,0,0
1741835221,4.206,102.41,0,0,99.38,26.96,489,24.59,17.35,1.54,1.67,1.7,1.7,10.68,12.25,12.32,12.33,12.33,0.61,1,0,0
1741835281,4.207,102.41,0,0,99.38,26.81,485,24.45,17.24,1.54,1.66,1.68,1.68,10.68,12.24,12.3,12.31,12.31,0.61,1,0,0
1741835341,4.206,102.41,0,0,99.38,26.68,479,24.38,17.17,1.17,1.26,1.27,1.28,8.1,9.28,9.32,9.33,9.33,0.6,1,0,0
1741835401,4.206,102.41,0,0,99.37,26.56,475,24.38,17.37,1.24,1.33,1.35,1.35,8.59,9.85,9.89,9.9,9.9,0.62,1,0,0
1741835461,4.206,102.41,0,0,99.37,26.51,476,24.4,17.59,0.91,0.98,0.99,0.99,6.31,7.23,7.26,7.27,7.27,0.62,1,0,0
1741835521,4.206,102.41,0,0,99.37,26.5,478,24.38,17.51,1.3,1.39,1.4,1.4,9.02,10.32,10.36,10.37,10.37,0.62,1,0,0
1741835581,4.207,102.41,0,0,99.37,26.47,477,24.31,17.4,1.35,1.44,1.46,1.46,9.37,10.73,10.77,10.78,10.78,0.62,1,0,0
1741835641,4.206,102.41,0,0,99.37,26.39,477,24.25,17.46,1.04,1.11,1.12,1.12,7.21,8.26,8.29,8.29,8.3,0.61,1,0,0
1741835701,4.206,102.41,0,0,99.37,26.33,479,24.22,17.2,1.3,1.39,1.4,1.4,9.02,10.32,10.36,10.37,10.37,0.62,1,0,0
1741835761,4.206,102.41,0,0,99.38,26.25,480,24.07,17.08,1.14,1.22,1.22,1.23,7.94,9.08,9.11,9.12,9.12,0.62,1,0,0
1741835821,4.209,102.41,0,0,99.38,26.19,480,23.99,17.04,1.26,1.34,1.34,1.34,8.76,10.02,10.05,10.05,10.05,0.61,1,0,0
1741835881,4.206,102.41,0,0,99.38,26.12,476,23.86,17.03,1.17,1.24,1.24,1.24,8.13,9.29,9.32,9.32,9.32,0.6,1,0,0
1741835941,4.204,102.41,0,0,99.37,26.03,471,23.79,17.06,1.15,1.22,1.23,1.23,7.99,9.14,9.17,9.17,9.17,0.61,1,0,0
1741836001,4.205,102.41,0,0,99.37,25.95,470,23.74,17.05,1.21,1.29,1.29,1.29,8.41,9.62,9.65,9.65,9.66,0.6,1,0,0
1741836061,4.206,102.41,0,0,99.37,25.89,472,23.66,17,1.12,1.19,1.2,1.2,7.78,8.9,8.93,8.93,8.93,0.59,1,0,0
1741836121,4.207,102.41,0,0,99.37,25.81,470,23.58,16.92,1.27,1.34,1.34,1.34,8.86,10.12,10.15,10.15,10.15,0.58,1,0,0
1741836181,4.206,102.41,0,0,99.37,25.71,471,23.52,16.84,1.42,1.5,1.5,1.5,9.88,11.29,11.31,11.32,11.32,0.57,1,0,0
1741836241,4.207,102.41,0,0,99.37,25.64,469,23.42,16.89,1.3,1.37,1.37,1.37,9.06,10.34,10.37,10.37,10.37,0.58,1,0,0
1741836301,4.207,102.41,0,0,99.37,25.58,464,23.37,16.87,1.2,1.27,1.27,1.27,8.37,9.55,9.58,9.58,9.58,0.57,1,0,0
1741836361,4.205,102.41,0,0,99.38,25.5,462,23.32,16.87,1.16,1.23,1.23,1.23,8.1,9.25,9.27,9.27,9.28,0.6,1,0,0
1741836421,4.207,102.41,0,0,99.37,25.44,460,23.25,16.86,1.27,1.34,1.35,1.35,8.86,10.12,10.14,10.15,10.15,0.6,1,0,0
1741836481,4.205,102.41,0,0,99.37,25.39,461,23.18,16.91,1.3,1.37,1.37,1.37,9.06,10.34,10.37,10.37,10.37,0.58,1,0,0
1741836541,4.207,102.41,0,0,99.37,25.33,459,23.09,16.94,1.37,1.45,1.45,1.45,9.52,10.88,10.91,10.91,10.91,0.59,1,0,0
1741836601,4.206,102.41,0,0,99.37,25.26,458,23.04,16.89,1.23,1.3,1.3,1.3,8.59,9.81,9.83,9.83,9.83,0.58,1,0,0
1741836661,4.206,102.41,0,0,99.37,25.2,457,22.98,16.86,1.11,1.18,1.18,1.18,7.76,8.86,8.88,8.88,8.88,0.58,1,0,0
1741836721,4.207,102.41,0,0,99.36,25.15,458,22.94,16.94,1.36,1.44,1.44,1.44,9.5,10.85,10.88,10.88,10.88,0.59,1,0,0
1741836781,4.206,102.41,0,0,99.36,25.09,457,22.89,16.95,1.25,1.32,1.32,1.32,8.7,9.94,9.96,9.97,9.97,0.59,1,0,0
1741836841,4.207,102.41,0,0,99.36,25.05,459,22.82,17.05,1.25,1.32,1.32,1.32,8.72,9.96,9.98,9.98,9.98,0.58,1,0,0
1741836901,4.206,102.41,0,0,99.36,25,457,22.79,16.98,1.41,1.49,1.49,1.49,9.85,11.24,11.27,11.27,11.28,0.58,1,0,0
1741836961,4.205,102.41,0,0,99.36,24.96,457,22.72,16.98,1.23,1.3,1.3,1.3,8.55,9.77,9.79,9.8,9.8,0.57,1,0,0
1741837021,4.206,102.41,0,0,99.36,24.9,458,22.71,17,1.3,1.37,1.37,1.37,9.03,10.31,10.34,10.34,10.34,0.56,1,0,0
1741837081,4.206,102.41,0,0,99.36,24.87,456,22.66,17.01,1.41,1.49,1.49,1.49,9.8,11.2,11.22,11.23,11.23,0.57,1,0,0
1741837141,4.207,102.41,0,0,99.36,24.8,456,22.54,17.1,1.48,1.57,1.57,1.57,10.34,11.81,11.84,11.84,11.84,0.57,1,0,0
1741837201,4.206,102.41,0,0,99.36,24.78,456,22.48,17.21,1.42,1.5,1.5,1.5,9.89,11.29,11.32,11.32,11.32,0.57,1,0,0
1741837261,4.207,102.41,0,0,99.36,24.81,457,22.45,17.35,1.18,1.25,1.25,1.25,8.23,9.4,9.42,9.42,9.43,0.58,1,0,0
1741837321,4.206,102.41,0,0,99.36,24.77,456,22.51,17.19,1.32,1.4,1.41,1.41,9.22,10.54,10.57,10.57,10.57,0.6,1,0,0
1741837381,4.207,102.41,0,0,99.36,24.72,455,22.48,17.14,1.5,1.59,1.6,1.6,10.46,11.96,11.99,11.99,12,0.6,1,0,0
1741837441,4.206,102.41,0,0,99.36,24.66,456,22.4,17.14,1.28,1.35,1.35,1.35,8.9,10.16,10.19,10.19,10.19,0.59,1,0,0
1741837501,4.207,102.41,0,0,99.36,24.58,456,22.34,17.04,1.39,1.47,1.47,1.47,9.7,11.08,11.11,11.11,11.11,0.59,1,0,0
1741837561,4.206,102.41,0,0,99.36,24.53,455,22.28,17.04,1.48,1.56,1.56,1.56,10.29,11.75,11.77,11.78,11.78,0.58,1,0,0
1741837621,4.207,102.41,0,0,99.36,24.47,455,22.21,16.98,1.44,1.52,1.53,1.53,10.02,11.45,11.48,11.48,11.48,0.61,1,0,0
1741837681,4.207,102.41,0,0,99.35,24.38,455,22.18,16.9,1.54,1.64,1.64,1.64,10.73,12.26,12.3,12.3,12.3,0.61,1,0,0
1741837741,4.206,102.41,0,0,99.35,24.33,453,22.08,16.89,1.33,1.41,1.41,1.42,9.23,10.55,10.58,10.59,10.59,0.62,1,0,0
1741837801,4.206,102.41,0,0,99.35,24.3,454,22.02,16.87,1.4,1.49,1.49,1.49,9.76,11.16,11.19,11.19,11.2,0.61,1,0,0
1741837861,4.207,102.41,0,0,99.35,24.2,452,22.01,16.8,1.49,1.58,1.59,1.59,10.35,11.84,11.87,11.88,11.88,0.61,1,0,0
1741837921,4.206,102.41,0,0,99.35,24.15,455,21.98,16.76,1.52,1.62,1.63,1.63,10.6,12.12,12.16,12.16,12.16,0.62,1,0,0
1741837981,4.206,102.41,0,0,99.35,24.1,455,21.93,16.69,1.38,1.47,1.47,1.47,9.6,10.97,11.01,11.01,11.01,0.62,1,0,0
1741838041,4.206,102.41,0,0,99.35,24.04,456,21.88,16.75,1.74,1.85,1.86,1.87,12.1,13.84,13.88,13.89,13.89,0.62,1,0,0
1741838101,4.207,102.41,0,0,99.35,23.96,455,21.79,16.64,1.44,1.54,1.56,1.56,9.98,11.43,11.48,11.48,11.49,0.64,1,0,0
1741838161,4.207,102.41,0,0,99.35,23.9,454,21.72,16.68,1.57,1.69,1.72,1.72,10.89,12.49,12.55,12.56,12.56,0.65,1,0,0
1741838221,4.207,102.41,0,0,99.35,23.85,454,21.66,16.76,1.59,1.71,1.74,1.74,11.01,12.62,12.69,12.7,12.7,0.64,1,0,0
1741838281,4.205,102.41,0,0,99.35,23.79,457,21.63,16.93,1.38,1.49,1.51,1.52,9.57,10.98,11.03,11.04,11.04,0.65,1,0,0
1741838341,4.206,102.41,0,0,99.35,23.77,456,21.57,16.95,1.45,1.57,1.6,1.6,9.99,11.47,11.53,11.54,11.55,0.66,1,0,0
1741838401,4.206,102.41,0,0,99.35,23.72,457,21.46,17.02,1.81,1.97,2.01,2.02,12.48,14.34,14.44,14.45,14.46,0.65,1,0,0
1741838461,4.206,102.41,0,0,99.35,23.71,458,21.49,17,1.55,1.68,1.71,1.72,10.74,12.33,12.4,12.41,12.41,0.64,1,0,0
1741838521,4.206,102.41,0,0,99.35,23.68,467,21.53,17.37,1.62,1.76,1.81,1.82,11.14,12.8,12.89,12.91,12.91,0.65,1,0,0
1741838581,4.206,102.41,0,0,99.35,23.45,466,21.25,17.04,1.68,1.83,1.87,1.88,11.59,13.32,13.41,13.43,13.43,0.64,1,0,0
1741838641,4.207,102.41,0,0,99.35,23.06,465,20.79,16.93,1.47,1.6,1.63,1.64,10.14,11.65,11.72,11.74,11.74,0.63,1,0,0
1741838701,4.207,102.41,0,0,99.35,22.67,464,20.42,17.04,1.41,1.53,1.56,1.57,9.71,11.15,11.22,11.23,11.24,0.62,1,0,0
1741838761,4.207,102.41,0,0,99.35,22.68,463,20.54,17.5,1.53,1.66,1.69,1.7,10.6,12.17,12.24,12.25,12.25,0.62,1,0,0
1741838821,4.207,102.41,0,0,99.35,22.92,467,20.85,17.81,1.46,1.59,1.62,1.63,10.04,11.54,11.62,11.63,11.63,0.62,1,0,0
1741838881,4.209,102.41,0,0,99.35,23.21,471,21.08,17.98,1.51,1.64,1.68,1.68,10.43,11.98,12.06,12.07,12.07,0.63,1,0,0
1741838941,4.206,102.41,0,0,99.34,23.53,482,21.22,18.22,1.35,1.46,1.5,1.5,9.29,10.67,10.74,10.75,10.75,0.64,1,0,0
1741839001,4.207,102.41,0,0,99.34,23.81,494,21.4,18.55,1.57,1.73,1.78,1.79,10.81,12.45,12.55,12.57,12.57,0.64,1,0,0
1741839061,4.205,102.41,0,0,99.33,24.06,504,21.61,19.03,1.41,1.55,1.61,1.62,9.64,11.11,11.21,11.23,11.24,0.63,1,0,0
1741839121,4.207,102.41,0,0,99.33,24.31,520,21.83,19.28,1.51,1.67,1.73,1.74,10.32,11.91,12.02,12.03,12.04,0.64,1,0,0
1741839181,4.206,102.41,0,0,99.33,24.54,534,21.99,20.76,1.55,1.71,1.77,1.79,10.64,12.26,12.37,12.39,12.4,0.64,1,0,0
1741839241,4.206,102.41,0,0,99.33,24.76,546,22.14,21.83,1.31,1.46,1.51,1.53,8.95,10.33,10.44,10.45,10.46,0.66,1,0,0
1741839301,4.206,102.41,0,0,99.33,24.95,566,22.27,22.27,1.81,2.04,2.14,2.16,12.34,14.28,14.45,14.48,14.49,0.67,1,0,0
1741839361,4.206,102.41,0,0,99.33,25.11,583,22.41,23.01,2.01,2.3,2.44,2.46,13.58,15.78,16.01,16.05,16.05,0.67,1,0,0
1741839421,4.206,102.41,0,0,99.33,25.26,596,22.55,23.84,1.93,2.25,2.41,2.44,12.99,15.16,15.41,15.46,15.47,0.68,1,0,0
1741839481,4.205,102.41,0,0,99.34,25.41,605,22.63,24.15,1.86,2.19,2.37,2.41,12.45,14.57,14.84,14.9,14.9,0.67,1,0,0
1741839541,4.206,102.41,0,0,99.34,25.55,612,22.76,24.48,1.99,2.38,2.6,2.65,13.2,15.51,15.85,15.91,15.92,0.7,1,0,0
1741839601,4.206,102.41,0,0,99.33,25.66,615,22.86,24.8,1.94,2.35,2.59,2.63,12.79,15.08,15.44,15.5,15.51,0.69,1,0,0
1741839661,4.207,102.41,0,0,99.33,25.76,617,22.96,25.03,1.97,2.43,2.71,2.77,12.87,15.25,15.66,15.74,15.75,0.71,1,0,0
1741839721,4.205,102.41,0,0,99.33,25.87,619,23.06,25.72,1.8,2.28,2.59,2.65,11.62,13.87,14.32,14.4,14.41,0.72,1,0,0
1741839781,4.207,102.41,0,0,99.33,25.97,619,23.13,25.51,1.68,2.2,2.53,2.6,10.76,12.93,13.42,13.51,13.52,0.73,1,0,0
1741839841,4.206,102.41,0,0,99.33,26.05,622,23.19,25.68,1.53,2.04,2.37,2.44,9.7,11.73,12.21,12.3,12.31,0.75,1,0,0
1741839901,4.206,102.41,0,0,99.33,26.11,625,23.24,25.36,1.73,2.33,2.74,2.82,10.88,13.21,13.79,13.89,13.91,0.75,1,0,0
1741839961,4.206,102.41,0,0,99.33,26.18,627,23.33,25.48,1.72,2.35,2.79,2.87,10.69,13.04,13.66,13.78,13.79,0.76,1,0,0
1741840021,4.207,102.41,0,0,99.33,26.22,630,23.35,25.37,1.72,2.35,2.78,2.87,10.72,13.07,13.68,13.8,13.82,0.73,1,0,0
1741840081,4.207,102.41,0,0,99.33,26.3,632,23.43,25.36,1.83,2.51,2.97,3.06,11.36,13.88,14.53,14.66,14.68,0.75,1,0,0
1741840141,4.207,102.41,0,0,99.33,26.33,623,23.48,24.68,1.43,1.92,2.25,2.32,9.04,10.95,11.42,11.51,11.52,0.73,1,0,0
1741840201,4.207,102.41,0,0,99.33,26.34,609,23.52,23.94,1.76,2.34,2.73,2.81,11.1,13.43,13.98,14.09,14.1,0.73,1,0,0
1741840261,4.206,102.41,0,0,99.33,26.38,586,23.57,23.57,1.95,2.61,3.05,3.14,12.27,14.87,15.5,15.62,15.64,0.73,1,0,0
1741840321,4.206,102.41,0,0,99.33,26.4,578,23.6,22.93,1.48,1.97,2.29,2.35,9.38,11.34,11.8,11.89,11.9,0.73,1,0,0
1741840381,4.206,102.41,0,0,99.33,26.45,585,23.66,23.52,1.95,2.63,3.1,3.19,12.24,14.87,15.53,15.65,15.67,0.74,1,0,0
1741840441,4.207,102.41,0,0,99.33,26.49,600,23.69,23.74,2.25,3.06,3.6,3.71,14.12,17.17,17.95,18.1,18.12,0.72,1,0,0
1741840501,4.207,102.41,0,0,99.33,26.54,612,23.72,23.76,1.61,2.23,2.65,2.73,10,12.24,12.83,12.95,12.96,0.75,1,0,0
1741840561,4.206,102.41,0,0,99.33,26.59,616,23.75,23.69,2.14,3.01,3.62,3.74,13.13,16.17,17.03,17.19,17.21,0.77,1,0,0
1741840621,4.206,102.41,0,0,99.33,26.63,616,23.78,23.68,1.69,2.43,2.94,3.04,10.3,12.75,13.48,13.61,13.63,0.78,1,0,0
1741840681,4.206,102.41,0,0,99.33,26.68,617,23.79,23.6,1.5,2.17,2.64,2.74,9.1,11.31,11.97,12.09,12.11,0.8,1,0,0
1741840741,4.206,102.41,0,0,99.33,26.72,616,23.86,23.53,1.81,2.57,3.09,3.2,11.1,13.69,14.43,14.57,14.59,0.78,1,0,0
1741840801,4.206,102.41,0,0,99.33,26.75,614,23.89,23.46,1.79,2.46,2.93,3.02,11.1,13.58,14.23,14.36,14.38,0.77,1,0,0
1741840861,4.205,102.41,0,0,99.33,26.8,613,23.92,23.42,1.69,2.3,2.71,2.79,10.56,12.85,13.44,13.55,13.57,0.75,1,0,0
1741840921,4.207,102.41,0,0,99.33,26.83,611,23.99,23.33,1.51,2.02,2.37,2.44,9.51,11.53,12.02,12.11,12.13,0.77,1,0,0
1741840981,4.206,102.41,0,0,99.33,26.87,607,23.98,23.36,1.65,2.19,2.55,2.62,10.47,12.65,13.17,13.26,13.28,0.77,1,0,0
1741841041,4.209,102.41,0,0,99.32,26.89,608,24.02,23.14,1.22,1.62,1.89,1.94,7.69,9.3,9.69,9.76,9.77,0.77,1,0,0
1741841101,4.206,102.41,0,0,99.32,26.91,609,24.06,23.22,1.68,2.22,2.58,2.65,10.65,12.85,13.37,13.46,13.48,0.77,1,0,0
1741841161,4.206,102.41,0,0,99.32,26.96,609,24.11,23.28,1.68,2.19,2.53,2.6,10.71,12.89,13.37,13.46,13.48,0.76,1,0,0
1741841221,4.206,102.41,0,0,99.32,27,611,24.11,23.14,1.95,2.51,2.88,2.95,12.51,14.99,15.52,15.62,15.63,0.75,1,0,0
1741841281,4.206,102.41,0,0,99.32,27.04,615,24.15,23.25,1.36,1.74,1.99,2.04,8.75,10.47,10.83,10.9,10.91,0.74,1,0,0
1741841341,4.206,102.41,0,0,99.32,27.07,615,24.16,22.47,1.99,2.54,2.89,2.96,12.86,15.36,15.87,15.96,15.98,0.74,1,0,0
1741841401,4.205,102.41,0,0,99.32,26.75,571,23.93,20.85,1.82,2.28,2.57,2.63,11.86,14.1,14.52,14.6,14.61,0.73,1,0,0
1741841461,4.206,102.41,0,0,99.32,26.68,563,23.92,21.56,1.45,1.77,1.97,2.01,9.5,11.23,11.52,11.58,11.59,0.72,1,0,0
1741841521,4.207,102.41,0,0,99.32,26.72,589,24.01,22.59,1.48,1.87,2.11,2.16,9.62,11.45,11.81,11.88,11.89,0.75,1,0,0
1741841581,4.207,102.41,0,0,99.32,26.81,649,24.05,23.38,2.03,2.64,3.04,3.12,12.94,15.55,16.13,16.24,16.26,0.75,1,0,0
1741841641,4.206,102.41,0,0,99.31,26.92,706,24.12,24.31,2.03,2.74,3.22,3.32,12.74,15.47,16.16,16.29,16.31,0.75,1,0,0
1741841701,4.206,102.41,0,0,99.31,27,736,24.19,24.92,2.04,2.79,3.31,3.41,12.74,15.54,16.27,16.4,16.42,0.76,1,0,0
1741841761,4.206,102.41,0,0,99.31,27.11,742,24.23,25.32,1.84,2.53,3,3.1,11.48,14.02,14.69,14.81,14.83,0.76,1,0,0
1741841821,4.205,102.41,0,0,99.31,27.19,750,24.3,26.06,1.98,2.74,3.26,3.36,12.3,15.05,15.78,15.92,15.94,0.78,1,0,0
1741841881,4.207,102.41,0,0,99.31,27.28,760,24.31,26.42,2.13,2.94,3.49,3.6,13.19,16.14,16.92,17.07,17.1,0.77,1,0,0
1741841941,4.207,102.41,0,0,99.31,27.36,795,24.33,27.14,1.98,2.72,3.23,3.33,12.3,15.03,15.75,15.88,15.91,0.77,1,0,0
1741842001,4.206,102.41,0,0,99.31,27.41,813,24.36,26.99,2.37,3.31,3.97,4.1,14.57,17.91,18.83,19.01,19.03,0.78,1,0,0
1741842061,4.207,102.41,0,0,99.31,27.47,835,24.44,27.26,2.16,3.06,3.7,3.82,13.18,16.28,17.17,17.33,17.36,0.79,1,0,0
1741842121,4.207,102.41,0,0,99.31,27.52,823,24.5,27.26,1.59,2.2,2.62,2.71,9.89,12.1,12.69,12.8,12.82,0.78,1,0,0
1741842181,4.207,102.41,0,0,99.31,27.57,804,24.54,27.93,1.85,2.55,3.03,3.12,11.5,14.05,14.73,14.86,14.88,0.77,1,0,0
1741842241,4.207,102.41,0,0,99.3,27.61,783,24.59,28.44,2.14,2.94,3.48,3.59,13.33,16.28,17.05,17.2,17.22,0.77,1,0,0
1741842301,4.207,102.41,0,0,99.3,27.66,771,24.64,28.38,1.8,2.53,3.04,3.14,11.06,13.62,14.33,14.47,14.49,0.79,1,0,0
1741842361,4.207,102.41,0,0,99.3,27.7,764,24.68,28.81,2.12,2.97,3.57,3.69,13.04,16.03,16.87,17.03,17.05,0.78,1,0,0
1741842421,4.207,102.41,0,0,99.31,27.75,756,24.72,28.75,1.8,2.51,3,3.1,11.14,13.67,14.36,14.49,14.51,0.78,1,0,0
1741842481,4.206,102.41,0,0,99.31,27.77,754,24.75,28.85,1.86,2.59,3.08,3.18,11.54,14.14,14.84,14.97,14.99,0.77,1,0,0
1741842541,4.207,102.41,0,0,99.31,27.81,751,24.79,28.77,2.02,2.84,3.42,3.53,12.37,15.24,16.05,16.2,16.23,0.78,1,0,0
1741842601,4.206,102.41,0,0,99.31,27.86,751,24.83,28.61,1.77,2.48,2.97,3.07,10.86,13.36,14.06,14.19,14.21,0.77,1,0,0
1741842661,4.207,102.41,0,0,99.31,27.89,749,24.83,28.72,1.74,2.44,2.92,3.02,10.68,13.14,13.82,13.95,13.97,0.77,1,0,0
1741842721,4.206,102.41,0,0,99.31,27.92,748,24.89,29.23,2.03,2.88,3.47,3.59,12.37,15.28,16.12,16.27,16.3,0.79,1,0,0
1741842781,4.205,102.41,0,0,99.31,27.95,751,24.88,28.89,1.84,2.64,3.19,3.31,11.22,13.89,14.67,14.82,14.84,0.8,1,0,0
1741842841,4.206,102.41,0,0,99.31,27.98,763,24.92,28.96,1.71,2.49,3.04,3.15,10.31,12.83,13.61,13.75,13.78,0.8,1,0,0
1741842901,4.206,102.41,0,0,99.31,28.03,765,24.96,28.96,1.65,2.4,2.93,3.04,9.94,12.38,13.12,13.26,13.28,0.8,1,0,0
1741842961,4.206,102.41,0,0,99.31,28.05,766,25.02,29.45,1.81,2.61,3.17,3.28,11.01,13.65,14.43,14.58,14.6,0.8,1,0,0
1741843021,4.206,102.41,0,0,99.3,28.08,766,25.03,29.28,1.7,2.42,2.93,3.03,10.34,12.78,13.49,13.63,13.65,0.81,1,0,0
1741843081,4.206,102.41,0,0,99.3,28.11,769,25.05,29.15,1.43,2,2.39,2.47,8.79,10.8,11.36,11.46,11.48,0.79,1,0,0
1741843141,4.205,102.41,0,0,99.3,28.15,773,25.06,29.13,1.43,1.97,2.34,2.42,8.89,10.87,11.4,11.49,11.51,0.78,1,0,0
1741843201,4.207,102.41,0,0,99.29,28.19,777,25.12,29.27,1.48,2.05,2.45,2.53,9.2,11.26,11.82,11.92,11.94,0.78,1,0,0
1741843261,4.206,102.41,0,0,99.29,28.21,776,25.13,29.16,1.87,2.57,3.05,3.14,11.61,14.19,14.86,14.99,15.01,0.78,1,0,0
1741843321,4.207,102.41,0,0,99.29,28.23,775,25.19,29.21,1.77,2.44,2.89,2.98,11.04,13.48,14.13,14.25,14.27,0.78,1,0,0
1741843381,4.206,102.41,0,0,99.29,28.27,775,25.19,29.26,1.57,2.14,2.52,2.6,9.83,11.96,12.51,12.61,12.63,0.78,1,0,0
1741843441,4.206,102.41,0,0,99.29,28.31,775,25.21,29.4,1.64,2.16,2.5,2.57,10.46,12.6,13.09,13.19,13.2,0.75,1,0,0
1741843501,4.205,102.41,0,0,99.29,28.35,775,25.25,29.35,1.74,2.32,2.71,2.78,11.03,13.34,13.89,13.99,14.01,0.77,1,0,0
1741843561,4.206,102.41,0,0,99.29,28.36,777,25.26,29.39,1.65,2.25,2.66,2.74,10.33,12.58,13.16,13.26,13.28,0.79,1,0,0
1741843621,4.206,102.41,0,0,99.29,28.39,777,25.28,29.29,1.83,2.47,2.9,2.99,11.49,13.95,14.57,14.68,14.7,0.79,1,0,0
1741843681,4.206,102.41,0,0,99.3,28.41,777,25.31,29.38,1.49,1.99,2.31,2.38,9.45,11.43,11.89,11.98,12,0.78,1,0,0
1741843741,4.206,102.41,0,0,99.3,28.43,781,25.34,29.37,1.41,1.87,2.17,2.23,8.96,10.81,11.25,11.33,11.34,0.79,1,0,0
1741843801,4.206,102.41,0,0,99.3,28.44,789,25.36,29.51,1.4,1.87,2.18,2.25,8.84,10.71,11.15,11.24,11.25,0.79,1,0,0
1741843861,4.206,102.41,0,0,99.3,28.49,789,25.37,29.56,1.77,2.36,2.76,2.84,11.2,13.55,14.11,14.22,14.24,0.79,1,0,0
1741843921,4.206,102.41,0,0,99.3,28.5,789,25.39,29.51,1.38,1.83,2.13,2.19,8.76,10.58,11.01,11.09,11.1,0.78,1,0,0
1741843981,4.206,102.41,0,0,99.3,28.53,792,25.42,29.47,1.66,2.2,2.57,2.64,10.5,12.69,13.21,13.31,13.32,0.79,1,0,0
1741844041,4.205,102.41,0,0,99.3,28.55,797,25.46,29.55,1.46,1.94,2.26,2.32,9.26,11.18,11.64,11.72,11.74,0.78,1,0,0
1741844101,4.206,102.41,0,0,99.3,28.57,799,25.46,29.54,1.71,2.26,2.63,2.7,10.82,13.07,13.59,13.69,13.71,0.78,1,0,0
1741844161,4.206,102.41,0,0,99.3,28.6,802,25.49,29.36,1.58,2.09,2.44,2.51,9.99,12.07,12.56,12.65,12.67,0.79,1,0,0
1741844221,4.206,102.41,0,0,99.29,28.62,806,25.5,29.67,1.59,2.13,2.5,2.57,10.01,12.14,12.66,12.75,12.77,0.8,1,0,0
1741844281,4.206,102.41,0,0,99.29,28.62,815,25.51,29.65,1.42,1.93,2.27,2.34,8.87,10.8,11.29,11.38,11.4,0.8,1,0,0
1741844341,4.206,102.41,0,0,99.29,28.64,824,25.53,29.61,1.56,2.16,2.57,2.65,9.67,11.84,12.42,12.53,12.55,0.79,1,0,0
1741844401,4.207,102.41,0,0,99.29,28.67,825,25.56,29.81,1.66,2.28,2.7,2.79,10.32,12.61,13.21,13.32,13.34,0.78,1,0,0
1741844461,4.206,102.41,0,0,99.29,28.7,823,25.6,29.73,1.59,2.12,2.48,2.55,10.02,12.13,12.64,12.73,12.75,0.76,1,0,0
1741844521,4.207,102.41,0,0,99.29,28.72,823,25.59,29.84,1.73,2.29,2.66,2.73,10.94,13.22,13.75,13.85,13.87,0.75,1,0,0
1741844581,4.207,102.41,0,0,99.29,28.73,825,25.65,29.8,1.35,1.77,2.05,2.11,8.59,10.35,10.75,10.83,10.84,0.75,1,0,0
1741844641,4.206,102.41,0,0,99.29,28.76,824,25.64,29.84,1.4,1.79,2.05,2.1,8.98,10.75,11.12,11.19,11.2,0.73,1,0,0
1741844701,4.207,102.41,0,0,99.29,28.78,819,25.65,29.77,1.71,2.2,2.51,2.57,11.04,13.21,13.66,13.74,13.76,0.75,1,0,0
1741844761,4.206,102.41,0,0,99.28,28.79,819,25.66,29.84,1.31,1.68,1.91,1.96,8.46,10.11,10.45,10.51,10.52,0.75,1,0,0
1741844821,4.206,102.41,0,0,99.28,28.8,823,25.69,30.06,1.66,2.11,2.4,2.46,10.71,12.79,13.21,13.29,13.3,0.74,1,0,0
1741844881,4.206,102.41,0,0,99.28,28.82,824,25.71,30.1,1.47,1.86,2.11,2.16,9.49,11.32,11.68,11.75,11.76,0.75,1,0,0
1741844941,4.205,102.41,0,0,99.28,28.84,829,25.72,30.1,1.76,2.22,2.51,2.57,11.38,13.57,13.99,14.07,14.09,0.74,1,0,0
1741845001,4.205,102.41,0,0,99.27,28.83,837,25.72,30.32,1.49,1.88,2.13,2.18,9.69,11.54,11.9,11.96,11.97,0.73,1,0,0
1741845061,4.206,102.41,0,0,99.27,28.86,839,25.75,30.16,1.39,1.75,1.97,2.01,9.07,10.79,11.11,11.17,11.18,0.73,1,0,0
1741845121,4.206,102.41,0,0,99.27,28.88,842,25.76,30.06,1.36,1.69,1.9,1.94,8.86,10.51,10.82,10.87,10.88,0.74,1,0,0
1741845181,4.205,102.41,0,0,99.27,28.91,840,25.79,30.21,1.33,1.65,1.84,1.88,8.67,10.29,10.58,10.63,10.64,0.73,1,0,0
1741845241,4.206,102.41,0,0,99.28,28.93,840,25.8,30.11,1.59,1.96,2.18,2.23,10.44,12.35,12.68,12.74,12.75,0.72,1,0,0
1741845301,4.206,102.41,0,0,99.28,28.94,838,25.83,30.01,1.13,1.37,1.52,1.55,7.42,8.76,8.98,9.02,9.03,0.7,1,0,0
1741845361,4.205,102.41,0,0,99.28,28.98,838,25.83,30.17,1.7,2.08,2.31,2.35,11.17,13.19,13.53,13.6,13.61,0.71,1,0,0
1741845421,4.206,102.41,0,0,99.28,28.97,840,25.84,30.19,1.3,1.59,1.77,1.8,8.56,10.11,10.37,10.42,10.43,0.72,1,0,0
1741845481,4.206,102.41,0,0,99.28,28.99,844,25.86,30.2,1.43,1.76,1.96,2,9.39,11.11,11.4,11.46,11.47,0.72,1,0,0
1741845541,4.207,102.41,0,0,99.27,29.02,844,25.87,30.3,1.36,1.68,1.88,1.92,8.9,10.54,10.83,10.89,10.9,0.72,1,0,0
1741845601,4.206,102.41,0,0,99.27,29.03,846,25.9,30.25,1.25,1.55,1.74,1.78,8.19,9.71,9.98,10.03,10.04,0.72,1,0,0
1741845661,4.205,102.41,0,0,99.27,29.06,852,25.91,30.29,1.25,1.54,1.72,1.75,8.23,9.74,10,10.04,10.05,0.71,1,0,0
1741845721,4.205,102.41,0,0,99.26,29.05,852,25.91,30.24,1.45,1.78,1.99,2.03,9.55,11.29,11.58,11.64,11.65,0.7,1,0,0
1741845781,4.206,102.41,0,0,99.26,29.07,855,25.95,30.19,1.38,1.69,1.87,1.91,9.06,10.71,10.98,11.03,11.04,0.71,1,0,0
1741845841,4.207,102.41,0,0,99.26,29.09,856,25.96,30.26,1.35,1.65,1.83,1.87,8.84,10.46,10.73,10.78,10.79,0.72,1,0,0
1741845901,4.205,102.41,0,0,99.26,29.1,858,25.97,30.34,1.23,1.5,1.67,1.7,8.1,9.57,9.81,9.85,9.86,0.71,1,0,0
1741845961,4.206,102.41,0,0,99.26,29.13,861,26,30.2,1.62,2.01,2.26,2.31,10.55,12.52,12.88,12.94,12.95,0.72,1,0,0
1741846021,4.207,102.41,0,0,99.27,29.15,861,25.99,30.31,1.21,1.49,1.66,1.7,7.91,9.37,9.62,9.67,9.68,0.72,1,0,0
1741846081,4.206,102.41,0,0,99.27,29.17,861,26.01,30.29,1.65,2.01,2.22,2.26,10.91,12.86,13.18,13.24,13.25,0.69,1,0,0
1741846141,4.207,102.41,0,0,99.27,29.2,864,26.04,30.29,1.49,1.81,2.01,2.05,9.8,11.56,11.85,11.91,11.92,0.7,1,0,0
1741846201,4.207,102.41,0,0,99.27,29.19,865,26.03,30.16,1.29,1.57,1.74,1.77,8.54,10.08,10.32,10.37,10.37,0.7,1,0,0
1741846261,4.206,102.41,0,0,99.27,29.21,866,26.05,30.21,1.42,1.7,1.87,1.9,9.4,11.05,11.3,11.35,11.36,0.69,1,0,0
1741846321,4.206,102.41,0,0,99.27,29.23,869,26.06,30.25,1.43,1.7,1.86,1.89,9.52,11.17,11.4,11.44,11.45,0.69,1,0,0
1741846381,4.205,102.41,0,0,99.27,29.23,871,26.06,30.35,1.32,1.57,1.71,1.73,8.8,10.32,10.53,10.57,10.58,0.69,1,0,0
1741846441,4.206,102.41,0,0,99.27,29.26,875,26.11,30.41,1.17,1.41,1.55,1.58,7.73,9.1,9.31,9.35,9.35,0.7,1,0,0
1741846501,4.206,102.41,0,0,99.27,29.25,875,26.11,30.27,1.2,1.47,1.63,1.66,7.94,9.37,9.6,9.65,9.65,0.7,1,0,0
1741846561,4.207,102.41,0,0,99.27,29.28,879,26.11,30.34,1.23,1.49,1.65,1.68,8.1,9.55,9.79,9.83,9.84,0.69,1,0,0
1741846621,4.206,102.41,0,0,99.27,29.32,883,26.13,30.23,1.11,1.32,1.44,1.46,7.41,8.69,8.87,8.9,8.91,0.68,1,0,0
1741846681,4.206,102.41,0,0,99.28,29.34,895,26.15,30.1,1.31,1.54,1.66,1.69,8.75,10.23,10.43,10.46,10.47,0.67,1,0,0
1741846741,4.205,102.41,0,0,99.27,29.35,910,26.14,29.97,1.06,1.24,1.34,1.36,7.14,8.34,8.49,8.51,8.52,0.67,1,0,0
1741846801,4.206,102.41,0,0,99.28,29.37,914,26.18,29.99,0.93,1.09,1.18,1.2,6.23,7.28,7.42,7.44,7.44,0.67,1,0,0
1741846861,4.207,102.41,0,0,99.27,29.39,917,26.17,30,1.15,1.35,1.47,1.49,7.69,9,9.17,9.2,9.21,0.66,1,0,0
1741846921,4.206,102.41,0,0,99.27,29.4,929,26.18,29.88,1.31,1.54,1.66,1.69,8.78,10.27,10.46,10.49,10.5,0.66,1,0,0
1741846981,4.209,102.41,0,0,99.27,29.41,935,26.2,29.9,1.32,1.55,1.68,1.71,8.86,10.36,10.55,10.59,10.59,0.68,1,0,0
1741847041,4.206,102.41,0,0,99.27,29.41,938,26.21,29.85,1.06,1.25,1.36,1.38,7.05,8.26,8.42,8.45,8.46,0.68,1,0,0
1741847101,4.206,102.41,0,0,99.27,29.42,943,26.2,29.84,1.05,1.25,1.36,1.38,7,8.21,8.38,8.42,8.42,0.68,1,0,0
1741847161,4.205,102.41,0,0,99.27,29.41,946,26.23,29.74,1.32,1.61,1.77,1.8,8.75,10.31,10.56,10.6,10.61,0.7,1,0,0
1741847221,4.207,102.41,0,0,99.27,29.42,946,26.27,29.91,0.97,1.17,1.29,1.32,6.41,7.55,7.73,7.76,7.77,0.7,1,0,0
1741847281,4.206,102.41,0,0,99.27,29.41,945,26.24,29.85,1.2,1.46,1.61,1.64,7.89,9.31,9.54,9.59,9.59,0.71,1,0,0
1741847341,4.206,102.41,0,0,99.27,29.42,949,26.27,29.85,1.02,1.26,1.4,1.43,6.7,7.93,8.14,8.18,8.19,0.72,1,0,0
1741847401,4.206,102.41,0,0,99.27,29.44,950,26.25,29.94,1.07,1.3,1.44,1.47,7.02,8.28,8.49,8.53,8.53,0.71,1,0,0
1741847461,4.206,102.41,0,0,99.27,29.45,953,26.27,29.85,1.21,1.48,1.63,1.67,7.98,9.42,9.66,9.7,9.71,0.71,1,0,0
1741847521,4.206,102.41,0,0,99.26,29.47,953,26.3,29.96,1.1,1.35,1.5,1.53,7.26,8.57,8.8,8.84,8.84,0.72,1,0,0
1741847581,4.206,102.41,0,0,99.26,29.47,957,26.3,29.81,0.93,1.13,1.25,1.27,6.17,7.27,7.45,7.48,7.48,0.7,1,0,0
1741847641,4.207,102.41,0,0,99.26,29.47,957,26.29,29.85,1.44,1.72,1.87,1.9,9.57,11.23,11.47,11.51,11.52,0.69,1,0,0
1741847701,4.207,102.41,0,0,99.26,29.49,955,26.3,29.89,1.15,1.37,1.49,1.52,7.65,8.97,9.16,9.19,9.2,0.7,1,0,0
1741847761,4.207,102.41,0,0,99.26,29.49,956,26.33,29.94,0.94,1.12,1.23,1.25,6.24,7.33,7.49,7.52,7.53,0.71,1,0,0
1741847821,4.205,102.41,0,0,99.26,29.5,960,26.32,29.81,1.25,1.49,1.62,1.65,8.28,9.72,9.93,9.96,9.97,0.7,1,0,0
1741847881,4.206,102.41,0,0,99.26,29.52,967,26.33,29.86,1.12,1.35,1.48,1.5,7.46,8.76,8.96,8.99,9,0.7,1,0,0
1741847941,4.206,102.41,0,0,99.25,29.54,967,26.35,29.85,1.14,1.38,1.52,1.54,7.56,8.9,9.11,9.14,9.15,0.7,1,0,0
1741848001,4.206,102.41,0,0,99.25,29.52,967,26.34,29.81,1.44,1.74,1.91,1.95,9.53,11.22,11.49,11.53,11.54,0.71,1,0,0
1741848061,4.206,102.41,0,0,99.25,29.54,967,26.37,29.84,1.3,1.58,1.74,1.77,8.59,10.12,10.37,10.41,10.42,0.71,1,0,0
1741848121,4.206,102.41,0,0,99.25,29.56,969,26.37,29.85,0.91,1.08,1.18,1.2,6.03,7.08,7.23,7.26,7.27,0.69,1,0,0
1741848181,4.206,102.41,0,0,99.25,29.57,967,26.35,29.78,1.01,1.19,1.29,1.31,6.71,7.86,8.02,8.05,8.05,0.69,1,0,0
1741848241,4.205,102.41,0,0,99.25,29.57,963,26.38,29.83,0.88,1.04,1.13,1.14,5.84,6.84,6.98,7,7.01,0.69,1,0,0
1741848301,4.206,102.41,0,0,99.25,29.58,964,26.37,29.71,1.26,1.48,1.59,1.62,8.43,9.85,10.04,10.07,10.07,0.68,1,0,0
1741848361,4.206,102.41,0,0,99.25,29.59,966,26.41,29.76,1.07,1.26,1.37,1.39,7.17,8.39,8.55,8.58,8.59,0.69,1,0,0
1741848421,4.206,102.41,0,0,99.25,29.61,968,26.41,29.75,1.03,1.21,1.32,1.34,6.89,8.06,8.21,8.24,8.25,0.7,1,0,0
1741848481,4.207,102.41,0,0,99.25,29.6,970,26.4,29.76,1.18,1.42,1.56,1.59,7.85,9.23,9.43,9.47,9.48,0.71,1,0,0
1741848541,4.206,102.41,0,0,99.24,29.61,980,26.39,29.76,1.02,1.22,1.33,1.35,6.75,7.93,8.1,8.14,8.14,0.71,1,0,0
1741848601,4.207,102.41,0,0,99.24,29.62,980,26.43,29.82,1.13,1.36,1.49,1.52,7.5,8.82,9.02,9.06,9.07,0.71,1,0,0
1741848661,4.206,102.41,0,0,99.24,29.62,982,26.43,29.74,1.27,1.53,1.68,1.71,8.41,9.89,10.12,10.16,10.17,0.71,1,0,0
1741848721,4.206,102.41,0,0,99.24,29.62,981,26.42,29.72,1.28,1.53,1.68,1.71,8.53,10.01,10.23,10.27,10.28,0.71,1,0,0
1741848781,4.206,102.41,0,0,99.24,29.64,983,26.46,29.76,1.11,1.32,1.43,1.45,7.41,8.69,8.86,8.89,8.9,0.71,1,0,0
1741848841,4.207,102.41,0,0,99.24,29.64,982,26.47,29.75,0.85,1.02,1.11,1.13,5.67,6.66,6.8,6.83,6.83,0.72,1,0,0
1741848901,4.205,102.41,0,0,99.24,29.66,983,26.44,29.71,1.09,1.3,1.42,1.45,7.22,8.48,8.66,8.7,8.7,0.72,1,0,0
1741848961,4.207,102.41,0,0,99.24,29.65,983,26.47,29.77,1.05,1.24,1.34,1.37,6.99,8.19,8.35,8.38,8.38,0.73,1,0,0
1741849021,4.205,102.41,0,0,99.24,29.65,982,26.49,29.76,1.15,1.37,1.49,1.51,7.68,9,9.18,9.21,9.22,0.72,1,0,0
1741849081,4.206,102.41,0,0,99.24,29.68,981,26.49,29.92,1.38,1.61,1.74,1.76,9.22,10.77,10.97,11,11.01,0.71,1,0,0
1741849141,4.206,102.41,0,0,99.24,29.69,982,26.51,29.85,1.05,1.2,1.28,1.3,7.07,8.22,8.35,8.37,8.37,0.69,1,0,0
1741849201,4.206,102.41,0,0,99.24,29.69,982,26.51,29.72,0.99,1.13,1.2,1.21,6.74,7.82,7.93,7.95,7.95,0.69,1,0,0
1741849261,4.206,102.41,0,0,99.25,29.69,985,26.51,29.72,1.04,1.18,1.25,1.26,7.06,8.2,8.31,8.33,8.33,0.68,1,0,0
1741849321,4.207,102.41,0,0,99.24,29.71,986,26.52,29.67,0.98,1.12,1.19,1.2,6.62,7.69,7.8,7.82,7.82,0.68,1,0,0
1741849381,4.206,102.41,0,0,99.24,29.71,984,26.51,29.77,0.84,0.97,1.03,1.04,5.69,6.62,6.72,6.73,6.74,0.69,1,0,0
1741849441,4.205,102.41,0,0,99.24,29.72,983,26.52,29.64,0.94,1.09,1.16,1.17,6.36,7.41,7.52,7.54,7.54,0.69,1,0,0
1741849501,4.207,102.41,0,0,99.23,29.73,985,26.51,29.63,1.05,1.22,1.31,1.33,7.06,8.23,8.37,8.39,8.4,0.7,1,0,0
1741849561,4.206,102.41,0,0,99.23,29.72,990,26.54,29.59,0.99,1.17,1.27,1.29,6.63,7.76,7.91,7.94,7.94,0.71,1,0,0
1741849621,4.206,102.41,0,0,99.23,29.74,990,26.53,29.64,1.16,1.38,1.51,1.53,7.75,9.09,9.28,9.31,9.32,0.72,1,0,0
1741849681,4.206,102.41,0,0,99.23,29.75,992,26.54,29.59,1,1.17,1.27,1.29,6.67,7.8,7.95,7.98,7.98,0.71,1,0,0
1741849741,4.206,102.41,0,0,99.23,29.75,994,26.55,29.69,0.95,1.12,1.22,1.24,6.37,7.45,7.6,7.62,7.63,0.71,1,0,0
1741849801,4.205,102.41,0,0,99.23,29.75,995,26.58,29.64,1.08,1.29,1.4,1.43,7.17,8.42,8.59,8.63,8.63,0.71,1,0,0
1741849861,4.206,102.41,0,0,99.23,29.78,996,26.59,29.61,1.03,1.2,1.29,1.31,6.89,8.05,8.19,8.22,8.22,0.7,1,0,0
1741849921,4.206,102.41,0,0,99.23,29.78,996,26.59,29.65,1.03,1.18,1.26,1.27,6.93,8.07,8.19,8.21,8.21,0.67,1,0,0
1741849981,4.206,102.41,0,0,99.23,29.78,997,26.6,29.6,1.03,1.19,1.27,1.29,6.93,8.08,8.21,8.23,8.23,0.68,1,0,0
1741850041,4.207,102.41,0,0,99.23,29.8,997,26.61,29.57,1.31,1.5,1.6,1.62,8.83,10.27,10.43,10.45,10.46,0.68,1,0,0
1741850101,4.207,102.41,0,0,99.23,29.81,996,26.63,29.63,1.24,1.44,1.55,1.57,8.34,9.73,9.9,9.93,9.93,0.69,1,0,0
1741850161,4.206,102.41,0,0,99.22,29.84,999,26.61,29.56,0.99,1.16,1.26,1.27,6.66,7.78,7.92,7.95,7.95,0.66,1,0,0
1741850221,4.206,102.41,0,0,99.22,29.83,1001,26.63,29.56,0.97,1.13,1.23,1.24,6.47,7.56,7.7,7.73,7.73,0.67,1,0,0
1741850281,4.205,102.41,0,0,99.22,29.84,1001,26.66,29.68,0.92,1.07,1.16,1.17,6.15,7.19,7.32,7.34,7.34,0.67,1,0,0
1741850341,4.209,102.41,0,0,99.22,29.86,1004,26.65,29.54,1.37,1.61,1.73,1.76,9.19,10.74,10.93,10.97,10.97,0.68,1,0,0
1741850401,4.205,102.41,0,0,99.22,29.87,1004,26.67,29.55,1.3,1.49,1.59,1.61,8.78,10.21,10.36,10.39,10.39,0.66,1,0,0
1741850461,4.207,102.41,0,0,99.22,29.88,1006,26.65,29.56,1.16,1.33,1.41,1.42,7.84,9.11,9.24,9.27,9.27,0.67,1,0,0
1741850521,4.206,102.41,0,0,99.21,29.9,1009,26.67,29.59,1,1.15,1.23,1.25,6.71,7.81,7.94,7.96,7.96,0.68,1,0,0
1741850581,4.206,102.41,0,0,99.21,29.9,1009,26.72,29.54,0.97,1.13,1.2,1.22,6.57,7.65,7.77,7.79,7.8,0.68,1,0,0
1741850641,4.206,102.41,0,0,99.22,29.91,1011,26.69,29.55,0.72,0.83,0.89,0.9,4.84,5.64,5.74,5.75,5.76,0.68,1,0,0
1741850701,4.206,102.41,0,0,99.22,29.93,1014,26.7,29.62,0.98,1.15,1.24,1.26,6.6,7.71,7.85,7.88,7.88,0.69,1,0,0
1741850761,4.205,102.41,0,0,99.22,29.94,1016,26.69,29.63,0.94,1.11,1.2,1.22,6.26,7.33,7.48,7.5,7.51,0.7,1,0,0
1741850821,4.207,102.41,0,0,99.22,29.94,1016,26.7,29.54,0.84,1,1.1,1.12,5.56,6.53,6.67,6.7,6.7,0.7,1,0,0
1741850881,4.206,102.41,0,0,99.21,29.95,1016,26.74,29.54,0.88,1.05,1.15,1.17,5.86,6.87,7.02,7.05,7.05,0.71,1,0,0
1741850941,4.205,102.41,0,0,99.21,29.97,1020,26.75,29.68,0.92,1.11,1.21,1.24,6.13,7.2,7.36,7.39,7.4,0.71,1,0,0
1741851001,4.205,102.41,0,0,99.21,29.97,1022,26.75,29.58,0.87,1.05,1.14,1.16,5.81,6.83,6.97,7,7,0.7,1,0,0
1741851061,4.206,102.41,0,0,99.21,29.98,1022,26.74,29.55,1.1,1.33,1.46,1.48,7.3,8.59,8.78,8.82,8.82,0.7,1,0,0
1741851121,4.207,102.41,0,0,99.21,29.98,1025,26.74,29.59,1.21,1.46,1.61,1.64,7.98,9.4,9.62,9.66,9.67,0.72,1,0,0
1741851181,4.209,102.41,0,0,99.21,29.97,1026,26.75,29.61,0.99,1.2,1.32,1.35,6.55,7.72,7.91,7.94,7.95,0.71,1,0,0
1741851241,4.206,102.41,0,0,99.22,29.97,1027,26.76,29.67,0.97,1.17,1.29,1.31,6.46,7.6,7.77,7.8,7.81,0.71,1,0,0
1741851301,4.207,102.41,0,0,99.22,29.99,1028,26.77,29.6,0.96,1.14,1.24,1.26,6.42,7.52,7.67,7.7,7.7,0.7,1,0,0
1741851361,4.206,102.41,0,0,99.21,30.01,1030,26.78,29.69,0.87,1.03,1.12,1.14,5.82,6.82,6.96,6.98,6.99,0.71,1,0,0
1741851421,4.206,102.41,0,0,99.21,30.01,1030,26.78,29.64,0.96,1.11,1.2,1.22,6.41,7.48,7.61,7.64,7.64,0.7,1,0,0
1741851481,4.206,102.41,0,0,99.21,29.99,1031,26.78,29.59,0.69,0.8,0.86,0.87,4.61,5.38,5.48,5.49,5.5,0.7,1,0,0
1741851541,4.206,102.41,0,0,99.2,30,1032,26.78,29.54,1.02,1.19,1.27,1.29,6.9,8.04,8.17,8.2,8.2,0.7,1,0,0
1741851601,4.207,102.41,0,0,99.2,30.02,1033,26.78,29.62,0.95,1.09,1.17,1.18,6.4,7.45,7.57,7.59,7.59,0.69,1,0,0
1741851661,4.205,102.41,0,0,99.2,30.02,1033,26.78,29.56,1.11,1.28,1.36,1.38,7.49,8.72,8.86,8.88,8.89,0.69,1,0,0
1741851721,4.206,102.41,0,0,99.21,30,1036,26.78,29.51,0.89,1.03,1.11,1.12,5.98,6.98,7.09,7.12,7.12,0.69,1,0,0
1741851781,4.206,102.41,0,0,99.21,30.02,1038,26.79,29.59,1.06,1.23,1.32,1.34,7.1,8.28,8.42,8.45,8.45,0.69,1,0,0
1741851841,4.205,102.41,0,0,99.21,30.03,1039,26.79,29.49,1.02,1.19,1.29,1.31,6.84,7.99,8.14,8.16,8.17,0.69,1,0,0
1741851901,4.206,102.41,0,0,99.21,30.02,1040,26.81,29.48,0.81,0.95,1.02,1.04,5.39,6.31,6.43,6.45,6.45,0.69,1,0,0
1741851961,4.207,102.41,0,0,99.21,30.02,1043,26.82,29.49,0.69,0.81,0.88,0.89,4.64,5.42,5.52,5.54,5.54,0.69,1,0,0
1741852021,4.206,102.41,0,0,99.21,30.03,1041,26.83,29.47,1.56,1.82,1.97,1.99,10.48,12.24,12.45,12.49,12.5,0.68,1,0,0
1741852081,4.205,102.41,0,0,99.21,30.03,1043,26.8,29.46,1.03,1.2,1.29,1.3,6.89,8.05,8.19,8.21,8.22,0.68,1,0,0
1741852141,4.206,102.41,0,0,99.21,30.04,1043,26.82,29.53,0.91,1.06,1.14,1.15,6.08,7.1,7.22,7.25,7.25,0.68,1,0,0
1741852201,4.206,102.41,0,0,99.21,30.05,1045,26.81,29.46,1.05,1.22,1.3,1.32,7.05,8.22,8.35,8.38,8.38,0.69,1,0,0
1741852261,4.207,102.41,0,0,99.21,30.06,1047,26.83,29.45,0.89,1.03,1.1,1.11,6,6.99,7.1,7.12,7.12,0.69,1,0,0
1741852321,4.206,102.41,0,0,99.21,30.04,1059,26.83,29.52,0.99,1.13,1.2,1.22,6.68,7.77,7.88,7.9,7.9,0.67,1,0,0
1741852381,4.206,102.41,0,0,99.21,30.04,1061,26.85,29.5,0.8,0.92,0.98,0.99,5.44,6.32,6.41,6.43,6.43,0.67,1,0,0
1741852441,4.205,102.41,0,0,99.2,30.05,1061,26.87,29.54,1.24,1.4,1.48,1.5,8.38,9.72,9.85,9.88,9.88,0.66,1,0,0
1741852501,4.206,102.41,0,0,99.2,30.07,1058,26.84,29.47,0.86,0.97,1.02,1.03,5.83,6.76,6.84,6.86,6.86,0.66,1,0,0
1741852561,4.204,102.41,0,0,99.2,30.07,1055,26.86,29.42,1.04,1.17,1.23,1.24,7.11,8.22,8.32,8.33,8.33,0.64,1,0,0
1741852621,4.205,102.41,0,0,99.2,30.08,1056,26.85,29.39,0.74,0.83,0.87,0.88,5.07,5.86,5.92,5.93,5.94,0.64,1,0,0
1741852681,4.206,102.41,0,0,99.2,30.08,1055,26.86,29.47,0.83,0.93,0.96,0.97,5.71,6.59,6.65,6.67,6.67,0.64,1,0,0
1741852741,4.207,102.25,0,0,99.2,30.09,1052,26.89,29.48,0.93,1.03,1.08,1.09,6.34,7.32,7.4,7.41,7.41,0.65,1,0,0
1741852801,4.207,102.41,0,0,99.2,30.08,1055,26.86,29.42,0.98,1.09,1.13,1.14,6.71,7.74,7.82,7.83,7.83,0.65,1,0,0
1741852861,4.206,102.41,0,0,99.2,30.08,1053,26.86,29.35,0.72,0.79,0.82,0.83,4.94,5.69,5.74,5.75,5.75,0.64,1,0,0
1741852921,4.206,102.41,0,0,99.2,30.09,1055,26.87,29.41,0.84,0.92,0.95,0.95,5.76,6.63,6.68,6.69,6.69,0.63,1,0,0
1741852981,4.209,102.41,0,0,99.2,30.08,1056,26.87,29.33,0.71,0.77,0.79,0.8,4.86,5.59,5.63,5.64,5.64,0.63,1,0,0
1741853041,4.207,102.41,0,0,99.2,30.1,1059,26.9,29.34,1,1.09,1.12,1.13,6.89,7.92,7.98,7.99,7.99,0.63,1,0,0
1741853101,4.206,102.41,0,0,99.19,30.1,1058,26.9,29.29,1.05,1.16,1.2,1.21,7.22,8.32,8.4,8.41,8.41,0.65,1,0,0
1741853161,4.205,102.41,0,0,99.19,30.09,1057,26.9,29.3,0.88,0.97,1.01,1.01,6.04,6.96,7.02,7.03,7.04,0.65,1,0,0
1741853221,4.206,102.41,0,0,99.19,30.1,1058,26.9,29.32,0.65,0.71,0.74,0.74,4.43,5.1,5.15,5.16,5.16,0.64,1,0,0
1741853281,4.206,102.41,0,0,99.19,30.1,1060,26.9,29.26,0.95,1.05,1.09,1.09,6.5,7.49,7.56,7.57,7.57,0.65,1,0,0
1741853341,4.207,102.41,0,0,99.19,30.1,1061,26.89,29.29,0.9,1,1.04,1.05,6.13,7.08,7.15,7.17,7.17,0.65,1,0,0
1741853401,4.206,102.41,0,0,99.19,30.11,1061,26.88,29.2,0.83,0.92,0.96,0.97,5.65,6.53,6.6,6.61,6.62,0.65,1,0,0
1741853461,4.207,102.41,0,0,99.19,30.12,1063,26.91,29.26,0.89,0.99,1.03,1.04,6.11,7.06,7.13,7.14,7.14,0.66,1,0,0
1741853521,4.206,102.41,0,0,99.19,30.14,1066,26.91,29.29,1.11,1.23,1.28,1.29,7.58,8.75,8.84,8.85,8.86,0.65,1,0,0
1741853581,4.207,102.41,0,0,99.19,30.13,1064,26.93,29.31,1.04,1.15,1.19,1.2,7.14,8.23,8.3,8.32,8.32,0.65,1,0,0
1741853641,4.205,102.41,0,0,99.19,30.13,1066,26.92,29.35,0.94,1.04,1.08,1.09,6.44,7.43,7.5,7.52,7.52,0.65,1,0,0
1741853701,4.205,102.41,0,0,99.19,30.14,1067,26.91,29.31,0.95,1.05,1.09,1.1,6.53,7.53,7.6,7.61,7.61,0.64,1,0,0
1741853761,4.206,102.41,0,0,99.2,30.13,1070,26.93,29.27,0.89,0.98,1.01,1.01,6.08,7,7.06,7.07,7.07,0.65,1,0,0
1741853821,4.206,102.41,0,0,99.2,30.13,1073,26.94,29.27,0.86,0.95,0.99,0.99,5.9,6.81,6.87,6.88,6.88,0.67,1,0,0
1741853881,4.206,102.41,0,0,99.2,30.15,1072,26.93,29.22,1.07,1.19,1.24,1.25,7.28,8.41,8.5,8.52,8.52,0.68,1,0,0
1741853941,4.205,102.41,0,0,99.2,30.14,1073,26.94,29.25,0.84,0.95,0.99,1,5.72,6.62,6.7,6.71,6.71,0.69,1,0,0
1741854001,4.207,102.41,0,0,99.2,30.13,1075,26.94,29.37,0.79,0.89,0.93,0.94,5.39,6.23,6.31,6.32,6.32,0.68,1,0,0
1741854061,4.206,102.41,0,0,99.19,30.16,1076,26.97,29.3,0.91,1.02,1.06,1.07,6.22,7.19,7.27,7.28,7.28,0.68,1,0,0
1741854121,4.206,102.41,0,0,99.19,30.16,1078,26.93,29.21,0.82,0.91,0.95,0.95,5.59,6.45,6.52,6.53,6.53,0.67,1,0,0
1741854181,4.206,102.25,0,0,99.19,30.17,1081,26.99,29.27,0.86,0.97,1.01,1.02,5.89,6.81,6.88,6.9,6.9,0.68,1,0,0
1741854241,4.205,102.25,0,0,99.19,30.19,1081,26.97,29.22,1.18,1.33,1.39,1.4,8.07,9.33,9.44,9.45,9.46,0.69,1,0,0
1741854301,4.207,102.25,0,0,99.19,30.18,1083,26.96,29.32,1.02,1.17,1.24,1.26,6.92,8.04,8.15,8.17,8.18,0.7,1,0,0
1741854361,4.206,102.25,0,0,99.19,30.2,1086,26.97,29.34,0.86,0.98,1.04,1.06,5.78,6.72,6.82,6.84,6.84,0.71,1,0,0
1741854421,4.205,102.25,0,0,99.19,30.21,1088,26.98,29.34,0.78,0.9,0.96,0.97,5.3,6.16,6.26,6.27,6.28,0.7,1,0,0
1741854481,4.205,102.25,0,0,99.19,30.22,1090,26.99,29.3,0.82,0.94,1,1.02,5.53,6.43,6.53,6.55,6.55,0.7,1,0,0
1741854541,4.207,102.25,0,0,99.19,30.22,1089,26.99,29.35,0.67,0.76,0.8,0.81,4.51,5.23,5.31,5.32,5.32,0.69,1,0,0
1741854601,4.207,102.41,0,0,99.18,30.23,1090,26.99,29.4,0.81,0.92,0.97,0.98,5.46,6.34,6.43,6.45,6.45,0.7,1,0,0
1741854661,4.205,102.25,0,0,99.18,30.24,1095,27.01,29.47,0.69,0.78,0.82,0.82,4.67,5.41,5.48,5.49,5.49,0.69,1,0,0
1741854721,4.207,102.41,0,0,99.18,30.26,1098,27.01,29.4,0.89,1,1.04,1.05,6.06,7.01,7.09,7.1,7.1,0.68,1,0,0
1741854781,4.206,102.41,0,0,99.18,30.27,1100,27.03,29.47,0.73,0.81,0.85,0.85,4.98,5.75,5.81,5.82,5.82,0.68,1,0,0
1741854841,4.207,102.41,0,0,99.18,30.27,1102,27.02,29.39,0.69,0.77,0.81,0.81,4.71,5.44,5.5,5.51,5.51,0.68,1,0,0
1741854901,4.206,102.41,0,0,99.18,30.26,1104,27.05,29.39,1.03,1.15,1.2,1.21,7,8.1,8.19,8.21,8.21,0.68,1,0,0
1741854961,4.205,102.41,0,0,99.18,30.27,1104,27.04,29.43,0.95,1.07,1.12,1.13,6.45,7.47,7.56,7.57,7.57,0.68,1,0,0
1741855021,4.206,102.41,0,0,99.18,30.31,1108,27.02,29.4,0.9,1,1.05,1.05,6.11,7.07,7.14,7.16,7.16,0.67,1,0,0
1741855081,4.206,102.41,0,0,99.18,30.31,1115,27.04,29.52,1.13,1.27,1.34,1.35,7.7,8.91,9.02,9.04,9.04,0.68,1,0,0
1741855141,4.205,102.41,0,0,99.18,30.3,1123,27.05,29.39,0.84,0.94,0.99,1,5.69,6.59,6.67,6.68,6.69,0.68,1,0,0
1741855201,4.209,102.41,0,0,99.17,30.31,1123,27.06,29.45,0.67,0.76,0.8,0.81,4.55,5.28,5.34,5.36,5.36,0.68,1,0,0
1741855261,4.205,102.41,0,0,99.17,30.33,1120,27.09,29.48,0.61,0.68,0.72,0.73,4.12,4.78,4.83,4.84,4.85,0.68,1,0,0
1741855321,4.206,102.41,0,0,99.17,30.34,1123,27.07,29.48,0.63,0.7,0.74,0.74,4.26,4.93,4.99,5,5,0.68,1,0,0
1741855381,4.206,102.25,0,0,99.17,30.34,1118,27.07,29.4,0.83,0.92,0.95,0.96,5.66,6.54,6.6,6.61,6.61,0.66,1,0,0
1741855441,4.207,102.41,0,0,99.17,30.34,1117,27.06,29.45,0.75,0.83,0.86,0.86,5.14,5.92,5.98,5.99,5.99,0.66,1,0,0
1741855501,4.209,102.41,0,0,99.17,30.35,1121,27.07,29.5,0.79,0.88,0.91,0.92,5.37,6.2,6.27,6.28,6.28,0.68,1,0,0
1741855561,4.207,102.41,0,0,99.17,30.36,1127,27.06,29.53,0.77,0.86,0.9,0.91,5.26,6.08,6.14,6.15,6.16,0.68,1,0,0
1741855621,4.206,102.41,0,0,99.17,30.37,1127,27.07,29.56,0.68,0.76,0.79,0.79,4.69,5.41,5.46,5.47,5.47,0.66,1,0,0
1741855681,4.206,102.41,0,0,99.17,30.38,1129,27.09,29.65,0.68,0.75,0.77,0.78,4.66,5.37,5.42,5.43,5.43,0.66,1,0,0
1741855741,4.206,102.41,0,0,99.17,30.38,1132,27.11,29.68,0.88,0.98,1.01,1.02,6.07,7,7.06,7.07,7.07,0.66,1,0,0
1741855801,4.206,102.41,0,0,99.17,30.38,1134,27.09,29.71,0.86,0.95,0.99,0.99,5.9,6.81,6.87,6.88,6.88,0.66,1,0,0
1741855861,4.206,102.41,0,0,99.17,30.4,1133,27.12,29.64,0.87,0.96,0.99,0.99,5.98,6.89,6.94,6.95,6.95,0.65,1,0,0
1741855921,4.205,102.41,0,0,99.18,30.4,1129,27.11,29.56,0.78,0.86,0.88,0.89,5.37,6.19,6.23,6.24,6.24,0.65,1,0,0
1741855981,4.207,102.41,0,0,99.18,30.42,1126,27.1,29.52,0.93,1.03,1.07,1.08,6.41,7.39,7.46,7.47,7.47,0.65,1,0,0
1741856041,4.206,102.41,0,0,99.18,30.41,1124,27.11,29.48,0.76,0.84,0.88,0.89,5.17,5.98,6.04,6.05,6.05,0.66,1,0,0
1741856101,4.206,102.41,0,0,99.18,30.44,1126,27.11,29.59,0.81,0.91,0.94,0.95,5.57,6.43,6.49,6.5,6.51,0.66,1,0,0
1741856161,4.207,102.41,0,0,99.18,30.44,1126,27.13,29.5,0.87,0.97,1.01,1.02,5.98,6.91,6.97,6.98,6.99,0.66,1,0,0
1741856221,4.206,102.41,0,0,99.17,30.44,1129,27.12,29.53,0.75,0.83,0.86,0.87,5.1,5.89,5.95,5.96,5.96,0.65,1,0,0
1741856281,4.206,102.41,0,0,99.17,30.45,1127,27.13,29.57,0.66,0.73,0.75,0.76,4.49,5.18,5.23,5.24,5.24,0.65,1,0,0
1741856341,4.207,102.41,0,0,99.16,30.45,1128,27.11,29.6,0.87,0.96,0.99,1,5.95,6.86,6.92,6.93,6.93,0.64,1,0,0
1741856401,4.205,102.41,0,0,99.16,30.43,1130,27.14,29.5,0.78,0.86,0.88,0.89,5.33,6.14,6.19,6.2,6.2,0.65,1,0,0
1741856461,4.207,102.41,0,0,99.16,30.43,1129,27.15,29.58,0.79,0.87,0.89,0.9,5.43,6.25,6.3,6.31,6.31,0.64,1,0,0
1741856521,4.206,102.41,0,0,99.17,30.43,1134,27.15,29.61,0.77,0.85,0.87,0.88,5.3,6.1,6.15,6.16,6.16,0.65,1,0,0
1741856581,4.206,102.41,0,0,99.17,30.42,1137,27.15,29.73,0.8,0.88,0.91,0.91,5.53,6.37,6.42,6.42,6.42,0.65,1,0,0
1741856641,4.205,102.41,0,0,99.16,30.44,1135,27.16,29.79,0.79,0.87,0.89,0.9,5.46,6.28,6.33,6.33,6.34,0.64,1,0,0
1741856701,4.206,102.41,0,0,99.16,30.44,1134,27.16,29.72,0.62,0.68,0.69,0.7,4.28,4.92,4.96,4.96,4.96,0.63,1,0,0
1741856761,4.206,102.41,0,0,99.17,30.45,1135,27.15,29.65,0.58,0.63,0.65,0.65,3.98,4.58,4.61,4.62,4.62,0.63,1,0,0
1741856821,4.206,102.41,0,0,99.17,30.44,1133,27.18,29.7,0.88,0.97,1,1,6.05,6.96,7.02,7.03,7.03,0.63,1,0,0
1741856881,4.206,102.41,0,0,99.17,30.43,1137,27.16,29.61,0.98,1.07,1.1,1.11,6.73,7.75,7.81,7.82,7.82,0.61,1,0,0
1741856941,4.206,102.41,0,0,99.17,30.42,1138,27.17,29.7,0.57,0.62,0.64,0.64,3.91,4.5,4.53,4.54,4.54,0.61,1,0,0
1741857001,4.206,102.41,0,0,99.17,30.43,1138,27.19,29.68,0.79,0.86,0.88,0.88,5.43,6.24,6.28,6.28,6.29,0.62,1,0,0
1741857061,4.205,102.41,0,0,99.17,30.42,1137,27.2,29.63,0.72,0.79,0.8,0.81,5,5.75,5.78,5.79,5.79,0.6,1,0,0
1741857121,4.206,102.41,0,0,99.17,30.42,1135,27.18,29.61,0.73,0.79,0.81,0.81,5.05,5.8,5.84,5.85,5.85,0.6,1,0,0
1741857181,4.207,102.41,0,0,99.17,30.41,1137,27.18,29.62,0.62,0.67,0.69,0.69,4.29,4.93,4.96,4.96,4.96,0.6,1,0,0
1741857241,4.206,102.41,0,0,99.17,30.42,1140,27.18,29.64,0.56,0.61,0.62,0.62,3.88,4.45,4.48,4.48,4.48,0.61,1,0,0
1741857301,4.207,102.41,0,0,99.17,30.41,1140,27.17,29.67,0.83,0.89,0.9,0.9,5.72,6.56,6.59,6.59,6.59,0.61,1,0,0
1741857361,4.206,102.41,0,0,99.17,30.43,1140,27.18,29.72,0.82,0.88,0.89,0.89,5.69,6.52,6.55,6.55,6.56,0.59,1,0,0
1741857421,4.207,102.41,0,0,99.16,30.43,1141,27.18,29.74,0.54,0.58,0.59,0.59,3.74,4.28,4.31,4.31,4.31,0.59,1,0,0
1741857481,4.207,102.41,0,0,99.16,30.42,1143,27.22,29.69,0.86,0.93,0.94,0.94,5.99,6.87,6.9,6.9,6.9,0.6,1,0,0
1741857541,4.207,102.41,0,0,99.16,30.44,1144,27.2,29.68,0.79,0.85,0.86,0.86,5.47,6.27,6.3,6.3,6.3,0.6,1,0,0
1741857601,4.206,102.41,0,0,99.17,30.44,1143,27.2,29.66,0.75,0.81,0.82,0.82,5.21,5.97,6,6,6,0.61,1,0,0
1741857661,4.206,102.41,0,0,99.17,30.43,1136,27.22,29.69,0.61,0.65,0.66,0.67,4.22,4.84,4.86,4.86,4.86,0.62,1,0,0
1741857721,4.206,102.41,0,0,99.17,30.42,1139,27.21,29.68,0.78,0.84,0.86,0.86,5.42,6.21,6.24,6.25,6.25,0.63,1,0,0
1741857781,4.206,102.41,0,0,99.17,30.45,1141,27.2,29.63,0.77,0.84,0.85,0.86,5.34,6.13,6.17,6.17,6.18,0.64,1,0,0
1741857841,4.207,102.41,0,0,99.17,30.44,1138,27.21,29.74,0.79,0.86,0.87,0.88,5.45,6.26,6.3,6.31,6.31,0.64,1,0,0
1741857901,4.205,102.41,0,0,99.17,30.44,1140,27.2,29.71,0.64,0.7,0.71,0.72,4.44,5.1,5.13,5.14,5.14,0.64,1,0,0
1741857961,4.206,102.41,0,0,99.17,30.45,1141,27.21,29.75,0.7,0.76,0.77,0.77,4.81,5.52,5.56,5.56,5.56,0.64,1,0,0
1741858021,4.207,102.41,0,0,99.17,30.44,1145,27.23,29.68,0.74,0.8,0.81,0.82,5.11,5.87,5.9,5.91,5.91,0.64,1,0,0
1741858081,4.206,102.41,0,0,99.17,30.44,1143,27.23,29.64,0.74,0.79,0.8,0.81,5.12,5.87,5.89,5.9,5.9,0.63,1,0,0
1741858141,4.206,102.41,0,0,99.17,30.45,1145,27.23,29.71,0.59,0.64,0.65,0.65,4.12,4.72,4.75,4.75,4.75,0.63,1,0,0
1741858201,4.207,102.41,0,0,99.17,30.44,1145,27.21,29.61,0.82,0.89,0.9,0.9,5.68,6.52,6.56,6.56,6.56,0.64,1,0,0
1741858261,4.207,102.41,0,0,99.17,30.46,1144,27.22,29.84,0.54,0.58,0.59,0.59,3.75,4.3,4.32,4.32,4.33,0.63,1,0,0
1741858321,4.207,102.41,0,0,99.17,30.46,1143,27.23,29.77,0.72,0.77,0.78,0.79,4.98,5.71,5.74,5.74,5.74,0.63,1,0,0
1741858381,4.206,102.41,0,0,99.18,30.46,1148,27.24,29.76,0.91,0.97,0.98,0.99,6.3,7.21,7.25,7.25,7.25,0.62,1,0,0
1741858441,4.206,102.41,0,0,99.18,30.49,1150,27.24,29.77,0.61,0.65,0.66,0.66,4.22,4.83,4.85,4.85,4.85,0.62,1,0,0
1741858501,4.206,102.41,0,0,99.18,30.51,1154,27.25,29.77,0.65,0.69,0.7,0.7,4.49,5.14,5.16,5.16,5.16,0.62,1,0,0
1741858561,4.206,102.41,0,0,99.18,30.51,1157,27.24,29.71,0.68,0.73,0.74,0.74,4.71,5.39,5.41,5.42,5.42,0.63,1,0,0
1741858621,4.206,102.41,0,0,99.18,30.53,1174,27.27,29.74,0.86,0.92,0.93,0.93,5.96,6.82,6.85,6.85,6.85,0.62,1,0,0
1741858681,4.205,102.41,0,0,99.18,30.55,1184,27.26,30.26,0.61,0.65,0.65,0.65,4.21,4.82,4.84,4.84,4.84,0.62,1,0,0
1741858741,4.206,102.41,0,0,99.18,30.54,1193,27.24,30.05,0.67,0.72,0.72,0.72,4.67,5.34,5.36,5.37,5.37,0.61,1,0,0
1741858801,4.207,102.41,0,0,99.19,30.55,1198,27.28,30.19,0.84,0.89,0.9,0.9,5.82,6.65,6.68,6.68,6.68,0.61,1,0,0
1741858861,4.205,102.41,0,0,99.19,30.54,1201,27.3,30,0.78,0.84,0.85,0.85,5.45,6.24,6.26,6.27,6.27,0.62,1,0,0
1741858921,4.205,102.41,0,0,99.19,30.54,1206,27.29,30.25,0.73,0.78,0.79,0.79,5.08,5.82,5.84,5.85,5.85,0.61,1,0,0
1741858981,4.206,102.41,0,0,99.19,30.55,1208,27.26,30.41,0.45,0.48,0.49,0.49,3.14,3.59,3.61,3.61,3.61,0.61,1,0,0
1741859041,4.206,102.41,0,0,99.19,30.55,1209,27.32,30.28,0.62,0.66,0.67,0.67,4.29,4.91,4.93,4.93,4.93,0.61,1,0,0
1741859101,4.206,102.41,0,0,99.19,30.55,1215,27.28,30.42,0.84,0.9,0.9,0.91,5.82,6.66,6.68,6.69,6.69,0.61,1,0,0
1741859161,4.206,102.41,0,0,99.2,30.55,1217,27.32,30.1,0.44,0.46,0.47,0.47,3.03,3.46,3.48,3.48,3.48,0.61,1,0,0
1741859221,4.207,102.41,0,0,99.2,30.56,1219,27.29,30.17,0.69,0.73,0.74,0.74,4.77,5.46,5.48,5.48,5.48,0.6,1,0,0
1741859281,4.207,102.41,0,0,99.2,30.56,1220,27.29,30.1,0.89,0.95,0.96,0.96,6.17,7.06,7.09,7.09,7.09,0.59,1,0,0
1741859341,4.207,102.41,0,0,99.2,30.56,1221,27.3,30.17,0.65,0.69,0.69,0.7,4.49,5.14,5.16,5.16,5.16,0.6,1,0,0
1741859401,4.207,102.41,0,0,99.21,30.57,1222,27.31,30.21,0.79,0.84,0.84,0.84,5.48,6.27,6.29,6.29,6.29,0.59,1,0,0
1741859461,4.205,102.41,0,0,99.21,30.57,1221,27.32,30.14,0.64,0.68,0.68,0.68,4.44,5.08,5.09,5.09,5.1,0.59,1,0,0
1741859521,4.205,102.41,0,0,99.21,30.58,1220,27.31,30.25,0.8,0.85,0.86,0.86,5.54,6.34,6.36,6.37,6.37,0.6,1,0,0
1741859581,4.209,102.41,0,0,99.21,30.57,1220,27.32,30.2,0.85,0.92,0.93,0.93,5.88,6.75,6.78,6.79,6.79,0.6,1,0,0
1741859641,4.206,102.41,0,0,99.21,30.6,1219,27.32,30.18,0.87,0.93,0.93,0.93,6.06,6.93,6.95,6.95,6.95,0.59,1,0,0
1741859701,4.206,102.41,0,0,99.21,30.58,1222,27.32,30.15,0.75,0.79,0.79,0.79,5.2,5.94,5.95,5.95,5.95,0.59,1,0,0
1741859761,4.205,102.41,0,0,99.21,30.6,1222,27.31,30.15,0.66,0.71,0.71,0.72,4.58,5.24,5.26,5.27,5.27,0.6,1,0,0
1741859821,4.206,102.41,0,0,99.21,30.6,1220,27.34,30.22,0.78,0.84,0.86,0.86,5.39,6.19,6.22,6.23,6.23,0.6,1,0,0
1741859881,4.206,102.41,0,0,99.21,30.62,1223,27.33,30.21,0.58,0.63,0.65,0.65,3.99,4.58,4.61,4.62,4.62,0.61,1,0,0
1741859941,4.207,102.41,0,0,99.21,30.63,1220,27.34,30.31,0.55,0.6,0.62,0.63,3.79,4.36,4.39,4.4,4.4,0.62,1,0,0
1741860001,4.206,102.41,0,0,99.22,30.63,1220,27.34,30.19,0.93,1.02,1.06,1.06,6.38,7.35,7.41,7.42,7.42,0.62,1,0,0
1741860061,4.206,102.41,0,0,99.22,30.64,1222,27.33,30.28,0.77,0.85,0.88,0.89,5.3,6.11,6.16,6.17,6.18,0.62,1,0,0
1741860121,4.206,102.41,0,0,99.22,30.66,1219,27.36,30.37,0.57,0.63,0.65,0.66,3.91,4.51,4.55,4.55,4.56,0.63,1,0,0
1741860181,4.206,102.41,0,0,99.22,30.63,1221,27.36,30.26,0.53,0.59,0.61,0.61,3.63,4.19,4.23,4.23,4.23,0.63,1,0,0
1741860241,4.206,102.41,0,0,99.22,30.63,1224,27.35,30.33,0.62,0.68,0.7,0.7,4.23,4.87,4.91,4.92,4.92,0.62,1,0,0
1741860301,4.207,102.41,0,0,99.21,30.65,1221,27.37,30.3,0.87,0.95,0.98,0.98,5.99,6.89,6.94,6.95,6.95,0.62,1,0,0
1741860361,4.206,102.41,0,0,99.21,30.65,1220,27.36,30.29,0.48,0.52,0.54,0.54,3.29,3.79,3.82,3.82,3.82,0.61,1,0,0
1741860421,4.206,102.41,0,0,99.21,30.65,1224,27.35,30.3,0.62,0.68,0.69,0.7,4.3,4.94,4.97,4.97,4.98,0.6,1,0,0
1741860481,4.206,102.41,0,0,99.2,30.66,1224,27.37,30.35,0.63,0.68,0.69,0.7,4.32,4.97,5,5,5,0.59,1,0,0
1741860541,4.205,102.41,0,0,99.21,30.67,1224,27.39,30.37,0.79,0.84,0.84,0.84,5.53,6.32,6.34,6.34,6.34,0.59,1,0,0
1741860601,4.206,102.41,0,0,99.2,30.67,1222,27.38,30.23,0.56,0.61,0.62,0.62,3.9,4.47,4.5,4.5,4.5,0.6,1,0,0
1741860661,4.206,102.41,0,0,99.21,30.69,1221,27.36,30.28,0.6,0.65,0.67,0.67,4.18,4.8,4.83,4.83,4.83,0.6,1,0,0
1741860721,4.206,102.41,0,0,99.21,30.69,1224,27.38,30.32,0.55,0.59,0.6,0.6,3.79,4.34,4.36,4.37,4.37,0.59,1,0,0
1741860781,4.206,102.41,0,0,99.21,30.69,1227,27.39,30.39,0.86,0.93,0.94,0.94,5.96,6.84,6.87,6.88,6.88,0.59,1,0,0
1741860841,4.206,102.41,0,0,99.21,30.69,1233,27.38,30.25,0.83,0.89,0.9,0.91,5.73,6.57,6.6,6.61,6.61,0.6,1,0,0
1741860901,4.206,102.41,0,0,99.21,30.69,1235,27.4,30.42,0.76,0.82,0.84,0.84,5.25,6.03,6.06,6.06,6.07,0.6,1,0,0
1741860961,4.205,102.41,0,0,99.22,30.69,1234,27.4,30.32,0.72,0.78,0.79,0.8,5.02,5.75,5.78,5.79,5.79,0.6,1,0,0
1741861021,4.206,102.41,0,0,99.23,30.71,1236,27.42,30.32,0.79,0.86,0.87,0.87,5.49,6.29,6.33,6.33,6.34,0.6,1,0,0
1741861081,4.206,102.41,0,0,99.23,30.69,1237,27.4,30.32,0.53,0.57,0.58,0.59,3.65,4.18,4.21,4.21,4.21,0.6,1,0,0
1741861141,4.207,102.41,0,0,99.23,30.7,1231,27.42,30.27,0.57,0.61,0.62,0.62,3.93,4.51,4.53,4.54,4.54,0.6,1,0,0
1741861201,4.205,102.41,0,0,99.23,30.7,1230,27.43,30.18,0.59,0.64,0.65,0.66,4.1,4.71,4.73,4.74,4.74,0.61,1,0,0
1741861261,4.205,102.25,0,0,99.23,30.69,1230,27.42,30.26,0.63,0.69,0.7,0.7,4.37,5.02,5.05,5.05,5.06,0.61,1,0,0
1741861321,4.205,102.25,0,0,99.23,30.69,1232,27.44,30.29,0.71,0.77,0.78,0.79,4.93,5.65,5.68,5.69,5.69,0.61,1,0,0
1741861381,4.207,102.25,0,0,99.24,30.69,1231,27.42,30.28,0.42,0.45,0.46,0.46,2.92,3.35,3.36,3.36,3.37,0.61,1,0,0
1741861441,4.206,102.25,0,0,99.24,30.69,1228,27.42,30.31,0.6,0.64,0.65,0.65,4.15,4.76,4.78,4.78,4.78,0.6,1,0,0
1741861501,4.205,102.25,0,0,99.23,30.69,1227,27.43,30.3,0.55,0.59,0.6,0.6,3.83,4.39,4.41,4.42,4.42,0.61,1,0,0
1741861561,4.206,102.25,0,0,99.23,30.67,1228,27.42,30.32,0.43,0.46,0.47,0.47,2.96,3.39,3.41,3.41,3.41,0.61,1,0,0
1741861621,4.209,102.25,0,0,99.23,30.67,1229,27.41,30.37,0.76,0.82,0.83,0.84,5.28,6.06,6.09,6.09,6.09,0.6,1,0,0
1741861681,4.206,102.25,0,0,99.22,30.67,1230,27.44,30.38,0.77,0.83,0.84,0.84,5.32,6.1,6.13,6.13,6.13,0.6,1,0,0
1741861741,4.207,102.25,0,0,99.22,30.67,1231,27.45,30.41,0.66,0.71,0.72,0.72,4.54,5.21,5.23,5.24,5.24,0.6,1,0,0
1741861801,4.205,102.25,0,0,99.23,30.68,1233,27.43,30.62,0.55,0.59,0.6,0.6,3.81,4.36,4.38,4.38,4.38,0.6,1,0,0
1741861861,4.206,102.25,0,0,99.23,30.68,1233,27.45,30.53,0.6,0.64,0.64,0.64,4.14,4.73,4.75,4.76,4.76,0.6,1,0,0
1741861921,4.206,102.25,0,0,99.23,30.68,1233,27.42,30.42,0.51,0.55,0.55,0.56,3.56,4.08,4.1,4.1,4.1,0.6,1,0,0
1741861981,4.206,102.25,0,0,99.23,30.67,1232,27.43,30.26,0.74,0.8,0.81,0.81,5.12,5.87,5.9,5.9,5.9,0.6,1,0,0
1741862041,4.207,102.25,0,0,99.23,30.69,1230,27.41,30.39,0.51,0.55,0.56,0.56,3.54,4.06,4.09,4.09,4.09,0.61,1,0,0
1741862101,4.206,102.25,0,0,99.23,30.68,1229,27.42,30.29,0.6,0.65,0.66,0.67,4.15,4.76,4.79,4.79,4.79,0.61,1,0,0
1741862161,4.207,102.25,0,0,99.23,30.68,1228,27.43,30.41,0.51,0.55,0.56,0.56,3.51,4.03,4.05,4.05,4.06,0.61,1,0,0
1741862221,4.205,102.25,0,0,99.23,30.69,1226,27.42,30.43,0.69,0.75,0.76,0.77,4.77,5.47,5.5,5.51,5.51,0.61,1,0,0
1741862281,4.206,102.25,0,0,99.23,30.69,1225,27.41,30.35,0.97,1.06,1.08,1.09,6.72,7.72,7.78,7.78,7.79,0.62,1,0,0
1741862341,4.206,102.25,0,0,99.24,30.67,1226,27.44,30.38,0.67,0.73,0.75,0.75,4.59,5.28,5.32,5.33,5.33,0.63,1,0,0
1741862401,4.206,102.25,0,0,99.24,30.69,1228,27.41,30.47,0.56,0.61,0.63,0.63,3.88,4.46,4.49,4.49,4.49,0.62,1,0,0
1741862461,4.206,102.25,0,0,99.24,30.68,1230,27.46,30.43,0.85,0.93,0.96,0.96,5.81,6.69,6.74,6.75,6.76,0.63,1,0,0
1741862521,4.205,102.25,0,0,99.25,30.69,1232,27.44,30.5,0.81,0.89,0.92,0.93,5.6,6.45,6.5,6.51,6.51,0.63,1,0,0
1741862581,4.205,102.25,0,0,99.25,30.7,1233,27.44,30.67,0.82,0.89,0.92,0.92,5.61,6.46,6.5,6.51,6.51,0.63,1,0,0
1741862641,4.205,102.25,0,0,99.25,30.69,1234,27.44,30.52,0.83,0.91,0.94,0.94,5.69,6.55,6.6,6.61,6.61,0.64,1,0,0
1741862701,4.206,102.25,0,0,99.25,30.68,1235,27.44,30.43,0.83,0.91,0.94,0.95,5.71,6.57,6.63,6.64,6.64,0.63,1,0,0
1741862761,4.206,102.25,0,0,99.25,30.7,1234,27.45,30.54,0.57,0.63,0.66,0.66,3.95,4.55,4.59,4.59,4.59,0.63,1,0,0
1741862821,4.206,102.25,0,0,99.25,30.7,1237,27.42,30.55,0.58,0.64,0.66,0.67,3.94,4.55,4.6,4.6,4.61,0.63,1,0,0
1741862881,4.207,102.25,0,0,99.25,30.69,1238,27.43,30.66,0.6,0.67,0.69,0.69,4.12,4.76,4.8,4.81,4.81,0.63,1,0,0
1741862941,4.206,102.25,0,0,99.25,30.69,1240,27.46,30.66,0.88,0.97,1,1.01,6.07,6.99,7.05,7.06,7.06,0.63,1,0,0
1741863001,4.207,102.25,0,0,99.25,30.7,1241,27.45,30.62,0.59,0.65,0.67,0.68,4.09,4.71,4.74,4.75,4.75,0.62,1,0,0
1741863061,4.205,102.25,0,0,99.25,30.7,1241,27.45,30.6,0.62,0.67,0.69,0.7,4.25,4.88,4.92,4.93,4.93,0.63,1,0,0
1741863121,4.206,102.25,0,0,99.25,30.71,1241,27.45,30.67,0.61,0.67,0.69,0.69,4.16,4.8,4.83,4.84,4.84,0.63,1,0,0
1741863181,4.205,102.25,0,0,99.25,30.71,1242,27.45,30.65,0.6,0.67,0.69,0.69,4.13,4.76,4.8,4.81,4.81,0.65,1,0,0
1741863241,4.205,102.25,0,0,99.25,30.69,1243,27.44,30.76,0.7,0.77,0.8,0.8,4.81,5.55,5.59,5.6,5.6,0.65,1,0,0
1741863301,4.205,102.25,0,0,99.25,30.71,1245,27.44,30.73,0.5,0.55,0.57,0.57,3.45,3.97,4.01,4.01,4.01,0.65,1,0,0
1741863361,4.205,102.25,0,0,99.25,30.7,1248,27.44,30.91,0.59,0.65,0.67,0.68,4.07,4.68,4.72,4.73,4.73,0.65,1,0,0
1741863421,4.207,102.25,0,0,99.25,30.7,1248,27.45,30.83,0.76,0.84,0.87,0.87,5.25,6.04,6.1,6.1,6.11,0.66,1,0,0
1741863481,4.206,102.25,0,0,99.25,30.7,1247,27.46,30.77,0.55,0.6,0.62,0.63,3.75,4.32,4.36,4.36,4.36,0.66,1,0,0
1741863541,4.206,102.25,0,0,99.25,30.71,1244,27.44,30.77,0.62,0.68,0.71,0.71,4.23,4.88,4.92,4.93,4.93,0.66,1,0,0
1741863601,4.207,102.25,0,0,99.25,30.7,1244,27.45,30.79,0.62,0.69,0.71,0.71,4.25,4.9,4.95,4.95,4.95,0.66,1,0,0
1741863661,4.206,102.25,0,0,99.25,30.7,1246,27.46,30.73,0.55,0.6,0.62,0.63,3.75,4.33,4.36,4.37,4.37,0.66,1,0,0
1741863721,4.206,102.25,0,0,99.24,30.72,1247,27.44,30.74,0.63,0.69,0.72,0.73,4.28,4.94,4.99,5,5,0.67,1,0,0
1741863781,4.205,102.25,0,0,99.25,30.72,1246,27.46,30.81,0.61,0.68,0.7,0.71,4.18,4.82,4.86,4.87,4.87,0.66,1,0,0
1741863841,4.205,102.25,0,0,99.25,30.73,1243,27.45,30.69,0.69,0.77,0.8,0.8,4.76,5.49,5.54,5.55,5.55,0.66,1,0,0
1741863901,4.206,102.25,0,0,99.25,30.72,1244,27.46,30.71,0.47,0.52,0.54,0.54,3.21,3.7,3.74,3.74,3.74,0.66,1,0,0
1741863961,4.206,102.25,0,0,99.25,30.73,1247,27.45,30.64,0.7,0.77,0.8,0.8,4.83,5.57,5.61,5.62,5.62,0.65,1,0,0
1741864021,4.206,102.25,0,0,99.25,30.74,1247,27.44,30.65,0.77,0.84,0.86,0.87,5.34,6.13,6.18,6.18,6.18,0.64,1,0,0
1741864081,4.206,102.25,0,0,99.26,30.73,1250,27.47,30.7,0.62,0.68,0.69,0.7,4.27,4.91,4.94,4.95,4.95,0.65,1,0,0
1741864141,4.206,102.25,0,0,99.26,30.73,1250,27.47,30.75,0.58,0.64,0.66,0.66,4.02,4.63,4.66,4.67,4.67,0.63,1,0,0
1741864201,4.205,102.25,0,0,99.26,30.76,1252,27.48,30.76,0.51,0.56,0.58,0.58,3.53,4.06,4.09,4.09,4.1,0.63,1,0,0
1741864261,4.207,102.25,0,0,99.26,30.76,1253,27.49,30.7,0.69,0.75,0.77,0.77,4.76,5.47,5.5,5.51,5.51,0.61,1,0,0
1741864321,4.206,102.25,0,0,99.26,30.77,1252,27.48,30.64,0.8,0.87,0.88,0.89,5.5,6.32,6.36,6.36,6.36,0.61,1,0,0
1741864381,4.206,102.25,0,0,99.26,30.76,1252,27.48,30.59,0.54,0.59,0.6,0.6,3.74,4.29,4.32,4.32,4.32,0.61,1,0,0
1741864441,4.206,102.25,0,0,99.27,30.76,1253,27.48,30.66,0.72,0.79,0.81,0.81,4.99,5.73,5.77,5.78,5.78,0.61,1,0,0
1741864501,4.206,102.25,0,0,99.27,30.78,1254,27.48,30.57,0.6,0.65,0.67,0.67,4.15,4.77,4.8,4.8,4.81,0.6,1,0,0
1741864561,4.206,102.25,0,0,99.27,30.78,1255,27.46,30.65,0.69,0.74,0.76,0.76,4.76,5.46,5.49,5.49,5.49,0.6,1,0,0
1741864621,4.206,102.25,0,0,99.27,30.78,1257,27.49,30.5,0.61,0.65,0.66,0.67,4.19,4.8,4.83,4.83,4.83,0.6,1,0,0
1741864681,4.205,102.25,0,0,99.27,30.78,1259,27.5,30.56,0.6,0.65,0.66,0.66,4.16,4.77,4.79,4.8,4.8,0.59,1,0,0
1741864741,4.205,102.25,0,0,99.27,30.81,1256,27.5,30.37,0.81,0.87,0.89,0.89,5.6,6.42,6.45,6.46,6.46,0.6,1,0,0
1741864801,4.206,102.25,0,0,99.27,30.81,1259,27.53,30.4,0.68,0.73,0.74,0.75,4.69,5.38,5.41,5.42,5.42,0.61,1,0,0
1741864861,4.207,102.25,0,0,99.27,30.83,1261,27.52,30.35,0.63,0.68,0.7,0.7,4.37,5.02,5.05,5.05,5.05,0.6,1,0,0
1741864921,4.205,102.25,0,0,99.27,30.85,1264,27.51,30.33,0.66,0.71,0.72,0.73,4.6,5.27,5.3,5.3,5.3,0.6,1,0,0
1741864981,4.206,102.25,1,0,99.27,30.85,1267,27.52,30.35,0.61,0.66,0.67,0.67,4.23,4.85,4.87,4.88,4.88,0.6,1,0,0
1741865041,4.206,102.25,1,0,99.27,30.87,1270,27.54,30.26,0.72,0.77,0.78,0.79,4.98,5.7,5.73,5.74,5.74,0.6,1,0,0
1741865101,4.206,102.25,1,0,99.27,30.88,1273,27.53,30.21,0.53,0.57,0.58,0.58,3.65,4.18,4.2,4.21,4.21,0.6,1,0,0
1741865161,4.206,102.25,1,0,99.27,30.88,1275,27.53,30.34,0.56,0.6,0.61,0.61,3.85,4.41,4.44,4.44,4.44,0.61,1,0,0
1741865221,4.207,102.25,1,0,99.27,30.89,1277,27.56,30.31,0.59,0.64,0.65,0.65,4.08,4.68,4.71,4.71,4.71,0.61,1,0,0
1741865281,4.205,102.25,1,0,99.27,30.9,1278,27.57,30.27,0.56,0.61,0.62,0.62,3.87,4.44,4.46,4.47,4.47,0.61,1,0,0
1741865341,4.206,102.25,1,0,99.28,30.92,1278,27.54,30.22,0.52,0.56,0.57,0.58,3.61,4.14,4.16,4.17,4.17,0.61,1,0,0
1741865401,4.205,102.25,1,0,99.28,30.91,1276,27.58,30.22,0.63,0.68,0.69,0.69,4.33,4.97,5,5.01,5.01,0.6,1,0,0
1741865461,4.206,102.25,1,0,99.28,30.92,1274,27.58,30.29,0.69,0.75,0.77,0.77,4.79,5.5,5.54,5.54,5.55,0.62,1,0,0
1741865521,4.206,102.25,1,0,99.28,30.93,1274,27.57,30.24,0.65,0.71,0.73,0.73,4.52,5.19,5.22,5.23,5.23,0.62,1,0,0
1741865581,4.204,102.25,1,0,99.28,30.94,1277,27.6,30.4,0.83,0.89,0.91,0.91,5.73,6.57,6.6,6.61,6.61,0.61,1,0,0
1741865641,4.205,102.25,1,0,99.28,30.94,1277,27.61,30.25,0.7,0.76,0.77,0.77,4.88,5.59,5.62,5.63,5.63,0.61,1,0,0
1741865701,4.205,102.25,1,0,99.28,30.94,1277,27.61,30.29,0.88,0.94,0.96,0.96,6.07,6.96,6.99,7,7,0.62,1,0,0
1741865761,4.206,102.25,1,0,99.28,30.95,1279,27.61,30.19,0.66,0.71,0.72,0.72,4.57,5.24,5.26,5.27,5.27,0.62,1,0,0
1741865821,4.206,102.25,1,0,99.28,30.96,1278,27.62,30.18,0.58,0.62,0.63,0.63,4.04,4.63,4.65,4.65,4.66,0.61,1,0,0
1741865881,4.206,102.25,1,0,99.28,30.96,1278,27.61,30.18,0.6,0.64,0.65,0.65,4.18,4.79,4.81,4.81,4.81,0.61,1,0,0
1741865941,4.206,102.25,1,0,99.29,30.97,1279,27.62,30.19,0.63,0.67,0.68,0.68,4.36,5,5.02,5.02,5.03,0.62,1,0,0
1741866001,4.206,102.25,1,0,99.29,30.98,1279,27.62,30.19,0.96,1.04,1.05,1.05,6.67,7.65,7.68,7.69,7.69,0.62,1,0,0
1741866061,4.206,102.25,1,0,99.29,30.98,1281,27.62,30.21,0.73,0.78,0.79,0.79,5.03,5.76,5.79,5.8,5.8,0.61,1,0,0
1741866121,4.206,102.25,2,0,99.29,31,1282,27.63,30.1,0.53,0.57,0.57,0.57,3.65,4.18,4.2,4.2,4.2,0.61,1,0,0
1741866181,4.206,102.25,2,0,99.29,31,1277,27.65,30.05,0.87,0.93,0.95,0.95,6.03,6.91,6.94,6.94,6.95,0.62,1,0,0
1741866241,4.206,102.25,2,0,99.29,31.01,1277,27.65,30.02,0.9,0.96,0.98,0.98,6.21,7.12,7.15,7.16,7.16,0.63,1,0,0
1741866301,4.206,102.25,2,0,99.29,31,1280,27.65,30.13,0.79,0.85,0.86,0.87,5.45,6.25,6.29,6.29,6.29,0.63,1,0,0
1741866361,4.207,102.25,2,0,99.29,31.01,1288,27.68,30.28,0.54,0.58,0.59,0.59,3.71,4.26,4.28,4.28,4.28,0.63,1,0,0
1741866421,4.206,102.25,2,0,99.29,31.01,1304,27.68,30.27,0.88,0.95,0.96,0.96,6.07,6.96,7,7,7,0.63,1,0,0
1741866481,4.205,102.25,2,0,99.29,31.02,1317,27.71,30.52,0.91,0.98,1,1,6.27,7.19,7.23,7.24,7.24,0.63,1,0,0
1741866541,4.205,102.25,2,0,99.29,31.03,1317,27.71,30.46,0.47,0.51,0.52,0.53,3.25,3.74,3.76,3.77,3.77,0.64,1,0,0
1741866601,4.207,102.25,2,0,99.29,31.03,1308,27.69,30.23,0.71,0.77,0.79,0.79,4.89,5.62,5.66,5.66,5.66,0.63,1,0,0
1741866661,4.206,102.25,3,0,99.29,31.04,1300,27.7,30.32,0.63,0.69,0.7,0.71,4.36,5.01,5.04,5.05,5.05,0.64,1,0,0
1741866721,4.206,102.25,3,0,99.29,31.06,1287,27.71,30.26,0.72,0.78,0.8,0.81,4.96,5.7,5.74,5.75,5.75,0.64,1,0,0
1741866781,4.206,102.25,3,0,99.29,31.07,1286,27.71,30.16,0.78,0.86,0.88,0.88,5.39,6.2,6.25,6.26,6.26,0.65,1,0,0
1741866841,4.205,102.25,3,0,99.3,31.07,1289,27.72,30.28,0.87,0.95,0.98,0.99,5.98,6.88,6.94,6.95,6.95,0.65,1,0,0
1741866901,4.206,102.25,3,0,99.3,31.09,1296,27.72,30.25,0.82,0.9,0.92,0.93,5.62,6.47,6.52,6.53,6.53,0.64,1,0,0
1741866961,4.206,102.25,3,0,99.3,31.08,1295,27.72,30.27,0.52,0.57,0.58,0.58,3.57,4.11,4.14,4.14,4.14,0.63,1,0,0
1741867021,4.206,102.25,3,0,99.3,31.08,1294,27.76,30.25,0.56,0.61,0.63,0.63,3.85,4.43,4.46,4.47,4.47,0.64,1,0,0
1741867081,4.206,102.25,4,0,99.3,31.09,1294,27.72,30.33,0.69,0.75,0.77,0.77,4.73,5.44,5.48,5.48,5.49,0.64,1,0,0
1741867141,4.206,102.25,4,0,99.3,31.11,1296,27.74,30.31,0.42,0.46,0.47,0.47,2.88,3.31,3.34,3.34,3.34,0.64,1,0,0
1741867201,4.206,102.25,4,0,99.3,31.1,1295,27.73,30.25,0.69,0.76,0.77,0.78,4.77,5.48,5.52,5.53,5.53,0.64,1,0,0
1741867261,4.206,102.25,4,0,99.3,31.11,1293,27.77,30.23,0.69,0.75,0.77,0.77,4.73,5.44,5.48,5.49,5.49,0.65,1,0,0
1741867321,4.206,102.25,4,0,99.3,31.11,1292,27.76,30.2,0.64,0.7,0.72,0.72,4.43,5.09,5.13,5.13,5.13,0.63,1,0,0
1741867381,4.206,102.25,4,0,99.3,31.11,1291,27.75,30.16,0.5,0.54,0.55,0.56,3.42,3.93,3.96,3.96,3.97,0.63,1,0,0
1741867441,4.206,102.25,4,0,99.3,31.12,1289,27.75,30.16,0.78,0.85,0.87,0.87,5.37,6.17,6.21,6.22,6.22,0.64,1,0,0
1741867501,4.206,102.25,4,0,99.31,31.13,1289,27.76,30.17,0.6,0.66,0.68,0.68,4.13,4.75,4.79,4.8,4.8,0.63,1,0,0
1741867561,4.206,102.25,5,0,99.31,31.15,1288,27.79,30.11,0.83,0.91,0.93,0.94,5.68,6.54,6.59,6.6,6.6,0.65,1,0,0
1741867621,4.206,102.25,5,0,99.3,31.16,1285,27.81,30.13,0.53,0.59,0.61,0.61,3.65,4.21,4.24,4.25,4.25,0.66,1,0,0
1741867681,4.205,102.25,5,0,99.3,31.17,1285,27.81,30.14,0.56,0.62,0.64,0.65,3.83,4.41,4.45,4.46,4.46,0.66,1,0,0
1741867741,4.209,102.25,6,0,99.3,31.17,1289,27.79,30.22,0.85,0.94,0.97,0.98,5.83,6.72,6.78,6.79,6.79,0.66,1,0,0
1741867801,4.206,102.25,6,0,99.3,31.17,1288,27.81,30.07,0.65,0.72,0.74,0.74,4.45,5.13,5.17,5.18,5.18,0.66,1,0,0
1741867861,4.206,102.25,6,0,99.3,31.18,1288,27.81,30.12,0.52,0.58,0.6,0.61,3.56,4.11,4.16,4.16,4.16,0.67,1,0,0
1741867921,4.205,102.25,6,0,99.3,31.19,1288,27.85,30.16,0.88,0.98,1.01,1.02,6.04,6.97,7.03,7.04,7.05,0.67,1,0,0
1741867981,4.206,102.25,7,0,99.3,31.21,1289,27.84,30.05,0.87,0.97,1.01,1.02,5.98,6.9,6.97,6.98,6.99,0.67,1,0,0
1741868041,4.204,102.25,7,0,99.3,31.22,1289,27.85,30.03,0.67,0.75,0.77,0.78,4.61,5.32,5.37,5.37,5.38,0.67,1,0,0
1741868101,4.205,102.25,8,0,99.3,31.23,1287,27.84,30.15,0.84,0.93,0.96,0.96,5.78,6.66,6.71,6.72,6.72,0.67,1,0,0
1741868161,4.206,102.25,8,0,99.3,31.24,1285,27.85,30.1,0.5,0.55,0.56,0.57,3.41,3.92,3.95,3.96,3.96,0.66,1,0,0
1741868221,4.207,102.25,8,0,99.29,31.25,1282,27.84,30.08,0.6,0.66,0.68,0.68,4.14,4.76,4.8,4.81,4.81,0.66,1,0,0
1741868281,4.205,102.25,8,0,99.29,31.25,1280,27.89,30.11,0.75,0.82,0.85,0.85,5.17,5.94,5.99,6,6,0.65,1,0,0
1741868341,4.206,102.25,7,0,99.29,31.27,1284,27.87,30.3,0.7,0.77,0.79,0.79,4.84,5.56,5.6,5.61,5.61,0.65,1,0,0
1741868401,4.207,102.25,7,0,99.29,31.28,1289,27.88,30.26,0.66,0.73,0.75,0.75,4.54,5.23,5.28,5.28,5.28,0.66,1,0,0
1741868461,4.206,102.25,7,0,99.29,31.26,1297,27.87,30.41,0.58,0.64,0.66,0.66,3.99,4.59,4.63,4.64,4.64,0.65,1,0,0
1741868521,4.206,102.25,7,0,99.29,31.28,1301,27.89,30.4,0.74,0.82,0.84,0.85,5.1,5.88,5.93,5.93,5.94,0.66,1,0,0
1741868581,4.206,102.25,7,0,99.29,31.27,1305,27.91,30.5,0.54,0.59,0.61,0.61,3.71,4.27,4.31,4.31,4.31,0.65,1,0,0
1741868641,4.207,102.25,8,0,99.29,31.27,1309,27.91,30.42,0.7,0.77,0.79,0.79,4.84,5.57,5.61,5.61,5.62,0.65,1,0,0
1741868701,4.206,102.25,8,0,99.3,31.29,1311,27.91,30.57,0.79,0.88,0.91,0.92,5.41,6.25,6.31,6.32,6.32,0.66,1,0,0
1741868761,4.207,102.25,8,0,99.29,31.31,1315,27.91,30.51,0.66,0.74,0.77,0.78,4.54,5.25,5.3,5.31,5.31,0.66,1,0,0
1741868821,4.206,102.25,8,0,99.3,31.31,1310,27.91,30.52,0.74,0.82,0.86,0.86,5.02,5.81,5.87,5.88,5.88,0.66,1,0,0
1741868881,4.207,102.25,8,0,99.29,31.34,1303,27.91,30.33,0.61,0.69,0.72,0.72,4.17,4.83,4.88,4.89,4.89,0.66,1,0,0
1741868941,4.205,102.25,8,0,99.29,31.34,1297,27.93,30.32,0.87,0.98,1.02,1.03,5.96,6.89,6.97,6.98,6.99,0.67,1,0,0
1741869001,4.206,102.25,7,0,99.29,31.34,1298,27.93,30.37,0.92,1.03,1.07,1.08,6.26,7.24,7.32,7.34,7.34,0.67,1,0,0
1741869061,4.206,102.25,8,0,99.29,31.36,1298,27.94,30.41,0.74,0.84,0.88,0.88,5.06,5.86,5.93,5.94,5.94,0.68,1,0,0
1741869121,4.206,102.25,9,0,99.29,31.35,1301,27.95,30.5,0.93,1.04,1.08,1.08,6.39,7.37,7.44,7.45,7.46,0.66,1,0,0
1741869181,4.206,102.25,9,0,99.29,31.37,1301,28,30.46,1.07,1.19,1.24,1.25,7.36,8.5,8.58,8.59,8.59,0.66,1,0,0
1741869241,4.205,102.25,10,0,99.29,31.37,1300,27.96,30.4,0.51,0.57,0.59,0.59,3.48,4.02,4.06,4.07,4.07,0.67,1,0,0
1741869301,4.205,102.25,10,0,99.28,31.21,1191,27.88,27.86,1.13,1.27,1.33,1.34,7.69,8.9,9,9.02,9.03,0.68,1,0,0
1741869361,4.205,102.25,10,0,99.28,30.35,819,27.22,23.3,1.46,1.63,1.71,1.72,9.95,11.5,11.63,11.65,11.66,0.66,1,0,0
1741869421,4.206,102.25,11,0,99.28,29.29,643,26.56,21.19,1.23,1.37,1.42,1.43,8.42,9.72,9.82,9.84,9.84,0.65,1,0,0
1741869481,4.205,102.25,12,0,99.28,28.41,581,26,20.33,1.29,1.41,1.45,1.46,8.85,10.18,10.26,10.27,10.28,0.62,1,0,0
1741869541,4.205,102.25,14,0,99.28,27.7,547,25.48,19.65,1.41,1.54,1.58,1.59,9.68,11.13,11.22,11.23,11.24,0.62,1,0,0
1741869601,4.206,102.25,17,0,99.28,27.01,529,25.08,19.36,1.15,1.26,1.3,1.3,7.91,9.1,9.17,9.18,9.18,0.63,1,0,0
1741869661,4.207,102.25,18,0,99.28,26.49,515,24.62,18.93,1.18,1.29,1.32,1.33,8.1,9.32,9.39,9.4,9.4,0.62,1,0,0
1741869721,4.206,102.25,21,0,99.28,25.97,503,24.26,18.83,1.11,1.21,1.24,1.25,7.65,8.8,8.86,8.87,8.87,0.62,1,0,0
1741869781,4.206,102.25,22,0,99.28,25.7,497,23.8,18.61,1.68,1.84,1.88,1.89,11.62,13.35,13.44,13.46,13.46,0.61,1,0,0
1741869841,4.206,102.25,19,0,99.28,25.44,491,23.35,18.62,1.11,1.22,1.25,1.25,7.68,8.82,8.89,8.9,8.9,0.61,1,0,0
1741869901,4.206,102.25,17,0,99.28,25.1,486,23.11,18.59,1.53,1.66,1.69,1.7,10.55,12.11,12.19,12.2,12.2,0.62,1,0,0
1741869961,4.206,102.25,14,0,99.28,24.72,475,22.71,18.37,1.56,1.69,1.72,1.73,10.81,12.41,12.48,12.49,12.49,0.62,1,0,0
1741870021,4.206,102.25,15,0,99.28,24.37,467,22.46,18.28,1.46,1.58,1.6,1.61,10.1,11.59,11.65,11.66,11.66,0.62,1,0,0
1741870081,4.206,102.25,17,0,99.28,24.13,468,22.04,18.12,1.36,1.48,1.52,1.52,9.42,10.82,10.89,10.9,10.91,0.62,1,0,0
1741870141,4.206,102.25,17,0,99.28,23.84,466,21.83,18.19,1.61,1.76,1.8,1.81,11.11,12.77,12.86,12.88,12.88,0.61,1,0,0
1741870201,4.206,102.25,18,0,99.28,23.59,465,21.6,18.18,1.53,1.66,1.7,1.7,10.52,12.09,12.17,12.18,12.19,0.63,1,0,0
1741870261,4.206,102.25,26,0,99.28,23.38,463,21.35,18.2,1.6,1.75,1.79,1.8,11.05,12.7,12.79,12.81,12.81,0.63,1,0,0
1741870321,4.206,102.25,29,0,99.28,23.17,459,21.17,18.3,1.47,1.6,1.64,1.65,10.15,11.66,11.74,11.76,11.76,0.62,1,0,0
1741870381,4.206,102.25,29,0,99.28,22.97,458,20.95,18.33,1.55,1.68,1.71,1.72,10.74,12.32,12.39,12.4,12.4,0.61,1,0,0
1741870441,4.206,102.25,31,0,99.28,22.87,456,20.73,18.44,1.23,1.33,1.36,1.36,8.46,9.72,9.78,9.79,9.79,0.62,1,0,0
1741870501,4.206,102.25,33,0,99.28,22.7,457,20.59,18.53,1.08,1.17,1.19,1.19,7.48,8.58,8.63,8.63,8.64,0.61,1,0,0
1741870561,4.207,102.25,32,0,99.28,22.53,457,20.42,18.56,1.87,2.01,2.03,2.04,12.95,14.83,14.9,14.91,14.92,0.61,1,0,0
1741870621,4.206,102.25,33,0,99.28,22.37,457,20.25,18.59,1.32,1.41,1.43,1.43,9.14,10.47,10.52,10.52,10.52,0.6,1,0,0
1741870681,4.206,102.25,31,0,99.29,22.22,456,20.17,18.81,1.26,1.35,1.37,1.37,8.77,10.05,10.09,10.09,10.1,0.59,1,0,0
1741870741,4.206,102.25,32,0,99.29,22.1,456,20.01,18.8,1.39,1.48,1.5,1.5,9.63,11.02,11.06,11.07,11.07,0.59,1,0,0
1741870801,4.206,102.25,33,0,99.29,21.96,456,19.98,18.98,1.47,1.58,1.6,1.6,10.2,11.68,11.73,11.74,11.74,0.61,1,0,0
1741870861,4.207,102.41,36,0,99.29,21.86,456,19.79,18.99,1.49,1.6,1.62,1.62,10.31,11.81,11.87,11.88,11.88,0.6,1,0,0
1741870921,4.206,102.41,36,0,99.29,21.74,456,19.61,19.14,1.63,1.75,1.78,1.78,11.32,12.97,13.03,13.04,13.04,0.62,1,0,0
1741870981,4.206,102.41,34,0,99.29,21.7,458,19.44,19.29,1.37,1.46,1.47,1.47,9.49,10.86,10.9,10.91,10.91,0.62,1,0,0
1741871041,4.207,102.41,33,0,99.29,21.62,460,19.35,19.5,1.46,1.56,1.57,1.57,10.16,11.62,11.66,11.67,11.67,0.62,1,0,0
1741871101,4.207,102.41,37,0,99.29,21.61,459,19.34,19.51,1.41,1.51,1.52,1.52,9.82,11.24,11.28,11.28,11.28,0.61,1,0,0
1741871161,4.209,102.41,31,0,99.29,21.57,459,19.27,19.57,1.35,1.44,1.45,1.45,9.35,10.7,10.74,10.75,10.75,0.6,1,0,0
1741871221,4.206,102.41,29,0,99.3,21.51,460,19.25,19.66,1.2,1.28,1.3,1.3,8.3,9.51,9.55,9.56,9.56,0.61,1,0,0
1741871281,4.207,102.41,32,0,99.3,21.53,461,19.31,19.78,1.37,1.47,1.49,1.49,9.5,10.89,10.94,10.95,10.95,0.61,1,0,0
1741871341,4.207,102.41,34,0,99.3,21.58,463,19.23,19.96,1.21,1.3,1.31,1.32,8.4,9.62,9.66,9.67,9.67,0.6,1,0,0
1741871401,4.206,102.41,38,0,99.3,21.56,464,19.05,19.88,1.79,1.93,1.97,1.97,12.41,14.23,14.31,14.32,14.32,0.63,1,0,0
1741871461,4.206,102.41,36,0,99.3,21.52,463,18.86,19.72,1.37,1.5,1.54,1.54,9.48,10.89,10.97,10.98,10.99,0.62,1,0,0
1741871521,4.206,102.41,38,0,99.31,21.47,460,18.73,19.64,1.29,1.42,1.46,1.47,8.91,10.25,10.33,10.34,10.34,0.63,1,0,0
1741871581,4.207,102.41,39,0,99.31,21.39,457,18.67,19.65,1.42,1.56,1.62,1.63,9.71,11.19,11.29,11.31,11.31,0.63,1,0,0
1741871641,4.207,102.41,39,0,99.31,21.35,458,18.6,19.76,1.5,1.65,1.7,1.71,10.34,11.9,11.99,12.01,12.01,0.62,1,0,0
1741871701,4.206,102.41,40,0,99.31,21.31,455,18.55,19.8,1.32,1.45,1.49,1.5,9.1,10.47,10.56,10.57,10.57,0.61,1,0,0
1741871761,4.205,102.41,39,0,99.31,21.33,454,18.49,19.87,1.46,1.59,1.63,1.64,10.04,11.55,11.63,11.64,11.65,0.62,1,0,0
1741871821,4.205,102.41,38,0,99.31,21.3,451,18.46,19.93,1.34,1.44,1.47,1.47,9.24,10.6,10.66,10.67,10.67,0.61,1,0,0
1741871881,4.207,102.41,34,0,99.31,21.31,455,18.5,19.9,1.34,1.44,1.46,1.46,9.26,10.62,10.67,10.68,10.68,0.6,1,0,0
1741871941,4.207,102.41,31,0,99.31,21.28,457,18.48,19.77,1.46,1.57,1.59,1.59,10.11,11.59,11.64,11.65,11.65,0.61,1,0,0
1741872001,4.207,102.41,30,0,99.32,21.25,457,18.42,19.68,1.4,1.51,1.54,1.54,9.68,11.11,11.17,11.18,11.18,0.62,1,0,0
1741872061,4.206,102.41,39,0,99.32,21.21,457,18.37,19.64,1.26,1.35,1.37,1.37,8.72,9.99,10.04,10.05,10.05,0.6,1,0,0
1741872121,4.206,102.41,40,0,99.32,21.19,455,18.26,19.69,1.48,1.59,1.6,1.61,10.25,11.75,11.8,11.8,11.81,0.6,1,0,0
1741872181,4.206,102.41,40,0,99.32,21.16,456,18.28,19.66,1.16,1.24,1.26,1.26,8.03,9.2,9.24,9.25,9.25,0.61,1,0,0
1741872241,4.207,102.41,40,0,99.32,21.11,457,18.25,19.66,1.35,1.46,1.48,1.48,9.33,10.71,10.76,10.77,10.77,0.63,1,0,0
1741872301,4.207,102.41,39,0,99.32,21.04,458,18.22,19.68,1.68,1.81,1.84,1.84,11.66,13.36,13.43,13.44,13.44,0.61,1,0,0
1741872361,4.209,102.41,38,0,99.32,21.01,456,18.22,19.74,1.39,1.5,1.54,1.54,9.57,10.99,11.06,11.07,11.07,0.64,1,0,0
1741872421,4.209,102.41,36,0,99.32,20.94,458,18.24,19.93,1.42,1.54,1.58,1.58,9.81,11.26,11.34,11.35,11.35,0.64,1,0,0
1741872481,4.206,102.41,39,0,99.33,20.88,461,18.35,20.08,1.63,1.78,1.83,1.84,11.21,12.9,13,13.01,13.02,0.64,1,0,0
1741872541,4.206,102.41,36,0,99.33,20.9,461,18.48,20.05,1.27,1.39,1.42,1.43,8.78,10.09,10.16,10.17,10.17,0.63,1,0,0
1741872601,4.207,102.41,30,0,99.33,20.9,465,18.49,20.09,1.39,1.52,1.55,1.56,9.6,11.03,11.11,11.12,11.12,0.63,1,0,0
1741872661,4.207,102.41,39,0,99.32,20.93,464,18.52,20.15,1.66,1.83,1.89,1.9,11.43,13.16,13.27,13.29,13.29,0.65,1,0,0
1741872721,4.209,102.41,41,0,99.32,20.94,464,18.64,20.15,1.48,1.64,1.7,1.71,10.18,11.74,11.84,11.86,11.86,0.65,1,0,0
1741872781,4.206,102.41,39,0,99.32,20.95,463,18.66,20.12,1.73,1.89,1.94,1.95,11.91,13.69,13.8,13.81,13.82,0.64,1,0,0
1741872841,4.207,102.41,44,0,99.32,20.99,464,18.58,19.98,1.55,1.68,1.72,1.73,10.67,12.26,12.34,12.35,12.35,0.64,1,0,0
1741872901,4.206,102.41,43,0,99.32,20.99,465,18.57,19.97,1.53,1.66,1.69,1.7,10.56,12.12,12.19,12.2,12.21,0.63,1,0,0
1741872961,4.207,102.41,41,0,99.32,20.99,465,18.52,19.88,1.54,1.67,1.7,1.71,10.66,12.23,12.3,12.31,12.32,0.63,1,0,0
1741873021,4.206,102.41,42,0,99.32,20.99,463,18.59,19.9,1.61,1.74,1.77,1.77,11.17,12.81,12.88,12.89,12.89,0.62,1,0,0
1741873081,4.209,102.41,37,0,99.32,21.04,463,18.63,19.86,1.71,1.85,1.88,1.89,11.81,13.56,13.64,13.65,13.65,0.63,1,0,0
1741873141,4.206,102.41,37,0,99.32,21.07,463,18.6,19.74,1.36,1.48,1.52,1.53,9.39,10.79,10.87,10.88,10.88,0.63,1,0,0
1741873201,4.207,102.41,37,0,99.33,21.08,467,18.53,19.85,1.69,1.85,1.9,1.91,11.62,13.37,13.47,13.48,13.49,0.62,1,0,0
1741873261,4.207,102.41,37,0,99.33,21.1,467,18.56,19.86,1.72,1.9,1.95,1.97,11.85,13.65,13.76,13.78,13.78,0.63,1,0,0
1741873321,4.207,102.41,33,0,99.33,21.05,470,18.57,19.78,1.35,1.49,1.54,1.55,9.27,10.67,10.77,10.78,10.79,0.64,1,0,0
1741873381,4.205,102.41,36,0,99.34,21.05,471,18.65,19.82,1.19,1.31,1.35,1.35,8.16,9.4,9.48,9.49,9.49,0.62,1,0,0
1741873441,4.209,102.41,35,0,99.34,21.04,474,18.62,19.78,1.74,1.9,1.96,1.97,11.97,13.77,13.88,13.9,13.9,0.62,1,0,0
1741873501,4.206,102.41,35,0,99.34,21.02,474,18.6,19.73,1.7,1.88,1.94,1.96,11.7,13.48,13.6,13.62,13.62,0.64,1,0,0
1741873561,4.207,102.41,35,0,99.34,20.99,474,18.6,19.7,1.52,1.67,1.71,1.72,10.47,12.04,12.13,12.15,12.15,0.62,1,0,0
1741873621,4.206,102.41,35,0,99.34,21.02,473,18.56,19.8,1.8,1.99,2.05,2.07,12.32,14.21,14.33,14.36,14.36,0.64,1,0,0
1741873681,4.207,102.41,33,0,99.34,21,472,18.54,19.84,1.38,1.54,1.61,1.62,9.43,10.9,11.01,11.03,11.03,0.65,1,0,0
1741873741,4.207,102.41,32,0,99.34,20.96,470,18.55,19.94,1.34,1.49,1.54,1.55,9.21,10.62,10.72,10.74,10.74,0.63,1,0,0
1741873801,4.207,102.41,29,0,99.34,20.9,472,18.59,19.87,1.7,1.87,1.93,1.94,11.67,13.44,13.55,13.56,13.57,0.64,1,0,0
1741873861,4.207,102.41,32,0,99.34,20.79,469,18.62,19.87,1.82,2,2.06,2.07,12.47,14.36,14.48,14.5,14.51,0.65,1,0,0
1741873921,4.207,102.41,32,0,99.34,20.82,472,18.7,19.92,1.72,1.89,1.95,1.97,11.81,13.61,13.72,13.74,13.74,0.64,1,0,0
1741873981,4.207,102.41,33,0,99.34,20.86,474,18.65,20,1.61,1.77,1.83,1.84,11.08,12.75,12.86,12.88,12.88,0.65,1,0,0
1741874041,4.207,102.41,33,0,99.34,20.89,473,18.58,19.95,1.5,1.64,1.69,1.7,10.28,11.84,11.93,11.95,11.95,0.63,1,0,0
1741874101,4.207,102.41,33,0,99.34,20.87,473,18.61,19.92,1.82,1.98,2.03,2.04,12.55,14.42,14.52,14.54,14.54,0.63,1,0,0
1741874161,4.206,102.41,32,0,99.34,20.88,471,18.59,19.89,1.63,1.77,1.81,1.82,11.22,12.89,12.98,12.99,12.99,0.62,1,0,0
1741874221,4.207,102.41,33,0,99.34,20.88,472,18.59,19.9,1.57,1.71,1.75,1.76,10.8,12.42,12.5,12.52,12.52,0.62,1,0,0
1741874281,4.209,102.41,31,0,99.34,20.86,472,18.48,19.85,1.71,1.88,1.94,1.95,11.74,13.52,13.63,13.65,13.66,0.63,1,0,0
1741874341,4.207,102.41,31,0,99.34,20.85,470,18.42,19.8,1.74,1.93,2,2.02,11.94,13.77,13.9,13.92,13.93,0.63,1,0,0
1741874401,4.206,102.41,31,0,99.34,20.79,471,18.35,19.8,1.37,1.52,1.57,1.58,9.4,10.84,10.94,10.95,10.96,0.65,1,0,0
1741874461,4.207,102.41,33,0,99.34,20.71,471,18.25,19.83,1.68,1.85,1.9,1.91,11.57,13.32,13.42,13.44,13.44,0.65,1,0,0
1741874521,4.205,102.41,32,0,99.34,20.63,470,18.27,19.81,1.69,1.86,1.91,1.92,11.66,13.42,13.52,13.54,13.54,0.65,1,0,0
1741874581,4.206,102.41,30,0,99.34,20.59,468,18.29,19.82,1.61,1.78,1.85,1.86,11.01,12.7,12.82,12.84,12.84,0.67,1,0,0
1741874641,4.207,102.41,29,0,99.35,20.59,469,18.17,19.92,1.78,1.97,2.05,2.06,12.15,14.03,14.16,14.19,14.19,0.66,1,0,0
1741874701,4.209,102.41,29,0,99.35,20.6,468,18.22,19.99,1.79,1.99,2.06,2.08,12.29,14.18,14.31,14.33,14.34,0.66,1,0,0
1741874761,4.207,102.41,28,0,99.35,20.58,468,18.16,20,1.69,1.88,1.96,1.97,11.52,13.3,13.44,13.47,13.47,0.66,1,0,0
1741874821,4.207,102.41,29,0,99.35,20.6,467,18.09,20.11,1.87,2.07,2.14,2.15,12.84,14.8,14.93,14.95,14.96,0.65,1,0,0
1741874881,4.207,102.41,30,0,99.35,20.65,465,18.08,20.23,1.72,1.89,1.95,1.97,11.83,13.63,13.74,13.76,13.76,0.64,1,0,0
1741874941,4.206,102.41,30,0,99.36,20.69,466,18.22,20.29,1.5,1.64,1.68,1.69,10.29,11.84,11.93,11.95,11.95,0.65,1,0,0
1741875001,4.206,102.41,31,0,99.36,20.88,465,18.58,20.26,1.66,1.81,1.85,1.86,11.45,13.16,13.25,13.26,13.27,0.63,1,0,0
1741875061,4.209,102.41,31,0,99.36,21.14,466,18.74,20.13,2.05,2.23,2.28,2.29,14.14,16.24,16.35,16.36,16.37,0.62,1,0,0
1741875121,4.207,102.41,32,0,99.37,21.36,465,18.9,20.05,1.65,1.79,1.83,1.84,11.41,13.1,13.18,13.2,13.2,0.62,1,0,0
1741875181,4.207,102.41,32,0,99.37,21.56,465,19.01,19.93,1.49,1.61,1.64,1.65,10.28,11.8,11.87,11.88,11.88,0.62,1,0,0
1741875241,4.206,102.41,32,0,99.37,21.71,466,19.05,19.85,2.11,2.28,2.32,2.32,14.58,16.72,16.82,16.83,16.84,0.62,1,0,0
1741875301,4.206,102.41,34,0,99.37,21.81,467,19.18,19.75,1.64,1.77,1.8,1.81,11.37,13.04,13.11,13.12,13.12,0.61,1,0,0
1741875361,4.206,102.41,34,0,99.37,21.91,465,19.33,19.63,1.93,2.09,2.13,2.14,13.35,15.32,15.41,15.42,15.42,0.62,1,0,0
1741875421,4.207,102.41,35,0,99.37,21.97,466,19.47,19.63,1.61,1.76,1.8,1.8,11.14,12.8,12.88,12.9,12.9,0.62,1,0,0
1741875481,4.206,102.41,36,0,99.38,22.05,464,19.56,19.59,2.08,2.25,2.3,2.31,14.35,16.47,16.57,16.59,16.59,0.62,1,0,0
1741875541,4.206,102.41,36,0,99.38,22.12,464,19.68,19.45,2.02,2.21,2.27,2.28,13.9,15.99,16.11,16.13,16.13,0.63,1,0,0
1741875601,4.209,102.41,37,0,99.38,22.2,466,19.8,19.47,1.99,2.16,2.21,2.22,13.71,15.76,15.86,15.88,15.88,0.62,1,0,0
1741875661,4.206,102.41,39,0,99.38,22.29,468,19.89,19.3,1.46,1.6,1.64,1.64,10.09,11.6,11.68,11.69,11.69,0.63,1,0,0
1741875721,4.206,102.41,42,0,99.38,22.31,470,20.02,19.4,1.65,1.8,1.84,1.85,11.41,13.12,13.2,13.22,13.22,0.62,1,0,0
1741875781,4.206,102.41,48,0,99.38,22.43,472,20.13,19.55,1.73,1.86,1.89,1.9,11.95,13.71,13.78,13.79,13.8,0.61,1,0,0
1741875841,4.207,102.41,51,0,99.38,22.61,473,20.28,19.74,1.87,2.02,2.06,2.06,12.94,14.85,14.93,14.94,14.95,0.63,1,0,0
1741875901,4.207,102.41,49,0,99.38,22.79,477,20.37,19.55,1.7,1.84,1.87,1.88,11.76,13.5,13.57,13.58,13.59,0.62,1,0,0
1741875961,4.207,102.41,53,0,99.38,22.73,482,20.27,19.58,1.8,1.94,1.97,1.98,12.47,14.3,14.37,14.39,14.39,0.61,1,0,0
1741876021,4.206,102.41,45,0,99.38,22.63,480,20.04,19.67,1.47,1.58,1.6,1.61,10.16,11.65,11.71,11.72,11.72,0.6,1,0,0
1741876081,4.206,102.41,54,0,99.38,22.59,480,19.92,19.91,1.63,1.76,1.78,1.79,11.31,12.96,13.03,13.04,13.04,0.6,1,0,0
1741876141,4.209,102.41,53,0,99.38,22.55,484,19.95,20.23,1.86,2.01,2.04,2.05,12.89,14.78,14.86,14.87,14.88,0.6,1,0,0
1741876201,4.207,102.41,57,0,99.37,22.47,484,19.9,20.25,1.65,1.79,1.82,1.83,11.42,13.11,13.18,13.2,13.2,0.61,1,0,0
1741876261,4.207,102.41,58,0,99.37,22.44,483,19.8,19.87,2.09,2.27,2.32,2.33,14.42,16.56,16.66,16.68,16.68,0.61,1,0,0
1741876321,4.207,102.41,59,0,99.37,22.41,479,19.77,19.8,1.67,1.81,1.85,1.86,11.54,13.25,13.33,13.34,13.34,0.6,1,0,0
1741876381,4.207,102.41,58,0,99.37,22.38,477,19.71,19.94,1.84,2.01,2.06,2.07,12.67,14.56,14.67,14.68,14.69,0.61,1,0,0
1741876441,4.209,102.41,55,0,99.37,22.37,474,19.66,19.91,1.69,1.85,1.9,1.91,11.61,13.36,13.46,13.48,13.48,0.62,1,0,0
1741876501,4.207,102.41,54,0,99.37,22.31,477,19.73,19.94,1.7,1.87,1.92,1.94,11.72,13.49,13.6,13.62,13.62,0.63,1,0,0
1741876561,4.207,102.41,51,0,99.37,22.31,479,19.76,19.96,1.55,1.7,1.76,1.77,10.64,12.25,12.36,12.37,12.38,0.63,1,0,0
1741876621,4.206,102.41,47,0,99.37,22.22,480,19.52,19.75,1.69,1.84,1.89,1.9,11.65,13.4,13.49,13.51,13.51,0.63,1,0,0
1741876681,4.205,102.41,42,0,99.37,22.14,480,19.42,19.86,1.89,2.06,2.11,2.12,13.03,14.98,15.08,15.1,15.1,0.61,1,0,0
1741876741,4.206,102.41,51,0,99.37,22.1,482,19.52,20.09,1.97,2.15,2.2,2.21,13.6,15.63,15.74,15.76,15.76,0.61,1,0,0
1741876801,4.206,102.41,57,0,99.37,22.11,483,19.65,20.03,1.5,1.64,1.68,1.69,10.31,11.86,11.95,11.97,11.97,0.63,1,0,0
1741876861,4.206,102.41,60,0,99.37,22.22,486,19.78,20.01,1.78,1.94,1.99,2,12.3,14.14,14.24,14.25,14.26,0.6,1,0,0
1741876921,4.207,102.41,59,0,99.37,22.27,489,19.87,19.89,1.88,2.04,2.08,2.09,13.02,14.95,15.03,15.05,15.05,0.6,1,0,0
1741876981,4.206,102.41,56,0,99.38,22.3,484,19.94,19.79,2.17,2.33,2.37,2.38,14.99,17.19,17.28,17.29,17.3,0.59,1,0,0
1741877041,4.206,102.41,58,0,99.38,22.34,483,20.02,19.77,1.87,2.02,2.05,2.06,12.93,14.83,14.92,14.93,14.93,0.6,1,0,0
1741877101,4.206,102.41,58,0,99.38,22.41,484,20.12,19.96,2.02,2.2,2.25,2.26,13.97,16.05,16.15,16.16,16.17,0.6,1,0,0
1741877161,4.205,102.41,59,0,99.38,22.49,486,20.2,19.84,1.69,1.78,1.79,1.79,11.74,13.41,13.45,13.45,13.45,0.59,1,0,0
1741877221,4.206,102.41,55,0,99.38,22.53,487,20.19,19.69,2,2.14,2.17,2.17,13.87,15.88,15.95,15.96,15.96,0.6,1,0,0
1741877281,4.207,102.41,60,0,99.37,22.47,487,20.23,19.52,1.91,2.07,2.11,2.12,13.22,15.18,15.27,15.28,15.28,0.6,1,0,0
1741877341,4.207,102.41,64,0,99.37,22.44,482,20.19,19.42,2.02,2.17,2.21,2.21,14,16.05,16.13,16.14,16.14,0.61,1,0,0
1741877401,4.207,102.41,62,0,99.37,22.44,482,20.13,19.34,1.93,2.09,2.13,2.13,13.37,15.34,15.42,15.44,15.44,0.6,1,0,0
1741877461,4.206,102.41,51,0,99.37,22.44,481,20.1,19.36,2.03,2.17,2.18,2.19,14.12,16.15,16.21,16.22,16.22,0.59,1,0,0
1741877521,4.206,102.41,53,0,99.37,22.5,481,20.19,19.45,1.75,1.87,1.89,1.89,12.13,13.89,13.95,13.96,13.96,0.61,1,0,0
1741877581,4.206,102.41,53,0,99.37,22.55,479,20.21,19.45,2.16,2.31,2.34,2.34,14.97,17.14,17.21,17.22,17.23,0.6,1,0,0
1741877641,4.205,102.41,54,0,99.37,22.6,479,20.22,19.5,1.77,1.9,1.92,1.92,12.3,14.09,14.15,14.16,14.16,0.6,1,0,0
1741877701,4.206,102.41,57,0,99.38,22.58,480,20.25,19.53,1.57,1.68,1.7,1.71,10.87,12.45,12.51,12.52,12.52,0.6,1,0,0
1741877761,4.207,102.41,57,0,99.38,22.63,483,20.28,19.52,1.85,1.98,2.01,2.01,12.81,14.67,14.74,14.75,14.76,0.6,1,0,0
1741877821,4.206,102.41,54,0,99.38,22.7,484,20.36,19.6,1.67,1.78,1.8,1.8,11.61,13.29,13.34,13.34,13.35,0.59,1,0,0
1741877881,4.206,102.41,59,0,99.38,22.74,487,20.42,19.7,2.01,2.15,2.18,2.18,13.94,15.96,16.03,16.04,16.04,0.59,1,0,0
1741877941,4.207,102.41,58,0,99.38,22.77,489,20.48,19.62,1.94,2.05,2.06,2.06,13.5,15.42,15.47,15.47,15.47,0.59,1,0,0
1741878001,4.206,102.41,57,0,99.38,22.79,491,20.51,19.69,2.28,2.42,2.42,2.43,15.84,18.1,18.16,18.16,18.17,0.59,1,0,0
1741878061,4.206,102.41,61,0,99.38,22.79,493,20.58,19.59,1.95,2.06,2.06,2.06,13.61,15.54,15.58,15.59,15.59,0.59,1,0,0
1741878121,4.206,102.41,64,0,99.38,22.84,492,20.6,19.6,1.8,1.9,1.9,1.9,12.54,14.32,14.35,14.36,14.36,0.59,1,0,0
1741878181,4.206,102.41,66,0,99.37,22.87,489,20.63,19.57,1.65,1.8,1.84,1.85,11.41,13.11,13.19,13.21,13.21,0.61,1,0,0
1741878241,4.206,102.41,65,0,99.37,22.92,486,20.68,19.55,2.17,2.36,2.41,2.43,14.94,17.16,17.28,17.3,17.3,0.59,1,0,0
1741878301,4.206,102.41,66,0,99.37,22.99,484,20.7,19.55,1.96,2.15,2.21,2.22,13.49,15.52,15.64,15.66,15.67,0.59,1,0,0
1741878361,4.207,102.41,66,0,99.37,23.04,483,20.73,19.57,1.85,2.02,2.06,2.07,12.73,14.64,14.74,14.76,14.76,0.6,1,0,0
1741878421,4.206,102.41,65,0,99.38,23.12,481,20.75,19.6,1.66,1.8,1.83,1.84,11.44,13.13,13.21,13.22,13.23,0.61,1,0,0
1741878481,4.205,102.41,64,0,99.38,23.16,478,20.78,19.51,1.97,2.13,2.17,2.18,13.59,15.6,15.69,15.71,15.71,0.62,1,0,0
1741878541,4.206,102.41,63,0,99.37,23.14,474,20.72,19.33,1.68,1.82,1.85,1.86,11.61,13.33,13.4,13.42,13.42,0.62,1,0,0
1741878601,4.206,102.41,63,0,99.37,23.12,469,20.72,19.36,1.89,2.04,2.08,2.09,13.07,15,15.08,15.09,15.1,0.61,1,0,0
1741878661,4.207,102.41,57,0,99.37,23.14,468,20.69,19.31,1.94,2.09,2.13,2.13,13.43,15.4,15.48,15.5,15.5,0.62,1,0,0
1741878721,4.207,102.41,62,0,99.37,23.18,471,20.74,19.33,2.15,2.31,2.35,2.35,14.89,17.06,17.15,17.16,17.17,0.62,1,0,0
1741878781,4.207,102.41,60,0,99.37,23.25,469,20.81,19.4,2.09,2.24,2.27,2.28,14.49,16.6,16.67,16.69,16.69,0.59,1,0,0
1741878841,4.206,102.41,61,0,99.37,23.3,469,20.8,19.38,2.17,2.34,2.37,2.37,15.04,17.24,17.32,17.34,17.34,0.59,1,0,0
1741878901,4.207,102.41,62,0,99.37,23.31,470,20.79,19.28,1.88,2.02,2.06,2.06,12.98,14.89,14.97,14.98,14.98,0.6,1,0,0
1741878961,4.206,102.41,60,0,99.37,23.29,469,20.81,19.4,1.87,2.03,2.07,2.08,12.96,14.87,14.96,14.97,14.98,0.61,1,0,0
1741879021,4.206,102.41,58,0,99.37,23.3,473,20.87,19.41,2.3,2.49,2.54,2.55,15.89,18.24,18.35,18.37,18.37,0.63,1,0,0
1741879081,4.206,102.41,54,0,99.37,23.31,473,20.87,19.43,1.85,2.01,2.04,2.05,12.8,14.69,14.77,14.79,14.79,0.62,1,0,0
1741879141,4.207,102.41,50,0,99.37,23.33,473,20.86,19.43,2.12,2.31,2.37,2.38,14.64,16.83,16.94,16.96,16.96,0.62,1,0,0
1741879201,4.206,102.41,50,0,99.37,23.32,476,20.79,19.4,1.88,2.08,2.15,2.16,12.91,14.88,15.01,15.03,15.03,0.63,1,0,0
1741879261,4.207,102.41,52,0,99.36,23.33,474,20.76,19.46,1.8,1.98,2.04,2.05,12.39,14.27,14.38,14.4,14.41,0.62,1,0,0
1741879321,4.209,102.41,56,0,99.36,23.3,473,20.78,19.51,2.25,2.46,2.53,2.55,15.5,17.83,17.97,17.99,17.99,0.62,1,0,0
1741879381,4.206,102.41,55,0,99.36,23.31,470,20.83,19.53,1.86,2.04,2.09,2.1,12.84,14.76,14.87,14.88,14.89,0.62,1,0,0
1741879441,4.206,102.41,53,0,99.36,23.33,470,20.79,19.44,2.04,2.25,2.32,2.34,14.03,16.16,16.3,16.32,16.32,0.64,1,0,0
1741879501,4.206,102.41,46,0,99.37,23.36,467,20.77,19.42,1.75,1.91,1.97,1.98,12.01,13.82,13.92,13.94,13.94,0.62,1,0,0
1741879561,4.205,102.41,49,0,99.37,23.33,467,20.78,19.54,2.04,2.22,2.27,2.28,14.1,16.2,16.3,16.32,16.32,0.61,1,0,0
1741879621,4.207,102.41,49,0,99.37,23.31,468,20.75,19.57,1.79,1.94,1.97,1.98,12.39,14.22,14.3,14.32,14.32,0.6,1,0,0
1741879681,4.206,102.41,48,0,99.37,23.28,471,20.77,19.51,1.62,1.74,1.77,1.77,11.21,12.85,12.92,12.93,12.93,0.6,1,0,0
1741879741,4.206,102.41,50,0,99.37,23.25,469,20.77,19.52,1.88,2.01,2.04,2.04,13.01,14.9,14.97,14.98,14.98,0.59,1,0,0
1741879801,4.206,102.41,52,0,99.37,23.25,469,20.82,19.53,1.96,2.11,2.14,2.14,13.54,15.53,15.6,15.62,15.62,0.6,1,0,0
1741879861,4.206,102.41,46,0,99.37,23.2,470,20.8,19.46,2.08,2.26,2.31,2.32,14.33,16.46,16.57,16.58,16.59,0.63,1,0,0
1741879921,4.206,102.41,48,0,99.37,23.13,466,20.75,19.4,2.01,2.17,2.21,2.22,13.89,15.94,16.03,16.04,16.05,0.6,1,0,0
1741879981,4.206,102.41,47,0,99.37,23.05,465,20.66,19.39,2.14,2.31,2.35,2.35,14.83,17.01,17.1,17.11,17.11,0.6,1,0,0
1741880041,4.206,102.41,44,0,99.36,23.01,468,20.66,19.37,2.31,2.47,2.48,2.49,16.06,18.37,18.44,18.45,18.46,0.59,1,0,0
1741880101,4.207,102.41,46,0,99.37,22.97,468,20.71,19.37,2.26,2.43,2.45,2.46,15.68,17.96,18.04,18.05,18.05,0.6,1,0,0
1741880161,4.207,102.41,47,0,99.37,23.02,470,20.73,19.52,2.15,2.3,2.33,2.33,14.9,17.07,17.14,17.16,17.16,0.61,1,0,0
1741880221,4.207,102.41,47,0,99.37,23.04,469,20.71,19.52,2.04,2.19,2.21,2.22,14.14,16.2,16.27,16.28,16.28,0.61,1,0,0
1741880281,4.206,102.41,49,0,99.36,23.02,469,20.7,19.51,2.54,2.72,2.75,2.76,17.65,20.21,20.3,20.31,20.31,0.6,1,0,0
1741880341,4.207,102.41,50,0,99.36,23.05,469,20.72,19.57,1.82,1.92,1.92,1.92,12.68,14.48,14.52,14.52,14.52,0.58,1,0,0
1741880401,4.207,102.41,50,0,99.36,23.05,468,20.68,19.55,2.09,2.21,2.21,2.21,14.6,16.68,16.72,16.72,16.72,0.57,1,0,0
1741880461,4.207,102.41,48,0,99.36,22.99,467,20.66,19.57,1.99,2.1,2.1,2.1,13.85,15.81,15.85,15.85,15.86,0.57,1,0,0
1741880521,4.207,102.41,49,0,99.36,22.96,465,20.62,19.67,1.97,2.08,2.08,2.08,13.72,15.66,15.7,15.71,15.71,0.58,1,0,0
1741880581,4.205,102.41,52,0,99.35,22.95,466,20.63,19.68,2.19,2.32,2.32,2.32,15.27,17.44,17.48,17.49,17.49,0.59,1,0,0
1741880641,4.207,102.41,52,0,99.35,22.98,466,20.6,19.67,1.61,1.7,1.7,1.7,11.2,12.79,12.82,12.83,12.83,0.59,1,0,0
1741880701,4.206,102.41,52,0,99.35,23.03,467,20.64,19.68,1.85,1.96,1.96,1.96,12.93,14.76,14.8,14.8,14.81,0.59,1,0,0
1741880761,4.207,102.41,50,0,99.35,23.08,467,20.68,19.72,2.01,2.14,2.16,2.16,13.95,15.96,16.02,16.02,16.03,0.59,1,0,0
1741880821,4.207,102.41,52,0,99.35,23.12,467,20.73,19.82,1.95,2.1,2.12,2.13,13.55,15.52,15.59,15.6,15.6,0.6,1,0,0
1741880881,4.207,102.41,51,0,99.34,23.27,470,20.87,19.91,1.99,2.14,2.16,2.17,13.83,15.84,15.91,15.92,15.93,0.62,1,0,0
1741880941,4.206,102.41,54,0,99.34,23.37,473,20.96,20.04,2.04,2.16,2.16,2.16,14.24,16.26,16.3,16.3,16.31,0.59,1,0,0
1741881001,4.206,102.41,50,0,99.34,23.4,479,21.03,20.02,2.1,2.23,2.23,2.23,14.63,16.71,16.76,16.76,16.77,0.59,1,0,0
1741881061,4.206,102.41,50,0,99.34,23.48,482,21.07,20.04,1.74,1.84,1.84,1.84,12.15,13.87,13.91,13.91,13.91,0.59,1,0,0
1741881121,4.209,102.41,52,0,99.34,23.53,483,21.05,20.02,2.18,2.31,2.32,2.32,15.21,17.37,17.42,17.43,17.43,0.6,1,0,0
1741881181,4.206,102.41,53,0,99.34,23.55,479,21.06,20.03,2.04,2.16,2.16,2.16,14.18,16.2,16.25,16.26,16.26,0.6,1,0,0
1741881241,4.207,102.41,53,0,99.34,23.55,476,21.02,19.88,1.95,2.07,2.08,2.08,13.57,15.51,15.56,15.56,15.57,0.6,1,0,0
1741881301,4.206,102.41,52,0,99.34,23.56,477,20.97,19.82,1.84,1.96,1.97,1.97,12.8,14.64,14.69,14.69,14.7,0.6,1,0,0
1741881361,4.206,102.41,52,0,99.35,23.53,475,21,19.85,1.96,2.1,2.12,2.12,13.61,15.59,15.65,15.66,15.66,0.6,1,0,0
1741881421,4.207,102.41,52,0,99.35,23.5,469,20.92,19.73,2.31,2.44,2.44,2.44,16.09,18.37,18.42,18.42,18.42,0.58,1,0,0
1741881481,4.207,102.41,52,0,99.35,23.51,467,20.95,19.78,1.65,1.74,1.74,1.74,11.48,13.11,13.14,13.14,13.15,0.57,1,0,0
1741881541,4.207,102.41,54,0,99.35,23.52,468,21.02,19.84,2,2.11,2.11,2.11,13.93,15.9,15.94,15.95,15.95,0.58,1,0,0
1741881601,4.206,102.41,54,0,99.34,23.47,470,20.97,19.82,2.08,2.2,2.2,2.2,14.47,16.53,16.57,16.57,16.57,0.58,1,0,0
1741881661,4.206,102.41,53,0,99.34,23.46,472,20.99,19.67,1.89,2,2,2,13.19,15.06,15.1,15.11,15.11,0.59,1,0,0
1741881721,4.206,102.41,53,0,99.34,23.45,468,21.02,19.78,1.87,1.98,1.98,1.98,13.04,14.89,14.93,14.93,14.93,0.58,1,0,0
1741881781,4.207,102.41,52,0,99.34,23.47,468,20.99,19.65,1.89,2,2,2,13.17,15.04,15.07,15.08,15.08,0.59,1,0,0
1741881841,4.207,102.41,53,0,99.35,23.47,465,20.98,19.68,1.74,1.84,1.84,1.84,12.13,13.85,13.89,13.89,13.89,0.59,1,0,0
1741881901,4.206,102.41,51,0,99.35,23.47,462,21,19.63,1.9,2.01,2.01,2.01,13.24,15.12,15.15,15.16,15.16,0.59,1,0,0
1741881961,4.207,102.41,53,0,99.35,23.49,460,21,19.68,1.84,1.96,1.97,1.97,12.82,14.65,14.7,14.71,14.71,0.6,1,0,0
1741882021,4.206,102.41,51,0,99.35,23.52,461,21.06,19.69,2.13,2.26,2.26,2.26,14.82,16.93,16.98,16.99,16.99,0.59,1,0,0
1741882081,4.206,102.41,52,0,99.35,23.59,459,21.09,19.8,2.13,2.26,2.26,2.26,14.87,16.98,17.03,17.03,17.03,0.59,1,0,0
1741882141,4.206,102.41,51,0,99.35,23.61,461,21.13,19.78,2.07,2.21,2.22,2.23,14.36,16.43,16.49,16.5,16.5,0.61,1,0,0
1741882201,4.206,102.41,53,0,99.35,23.64,459,21.17,19.67,1.94,2.08,2.09,2.1,13.5,15.45,15.51,15.52,15.52,0.6,1,0,0
1741882261,4.206,102.41,55,0,99.35,23.7,458,21.18,19.72,1.87,1.98,1.98,1.98,13.02,14.87,14.91,14.91,14.91,0.56,1,0,0
1741882321,4.206,102.41,56,0,99.35,23.77,459,21.2,19.77,2.02,2.14,2.14,2.14,14.09,16.09,16.13,16.14,16.14,0.58,1,0,0
1741882381,4.206,102.41,56,0,99.35,23.83,464,21.3,19.84,2.3,2.43,2.43,2.43,16,18.27,18.32,18.32,18.32,0.58,1,0,0
1741882441,4.206,102.41,58,0,99.35,23.88,467,21.35,19.89,2.16,2.28,2.28,2.28,15.06,17.19,17.24,17.24,17.24,0.58,1,0,0
1741882501,4.207,102.41,56,0,99.35,23.96,467,21.47,20.13,1.93,2.04,2.04,2.04,13.43,15.34,15.38,15.39,15.39,0.6,1,0,0
1741882561,4.206,102.41,56,0,99.35,24.05,471,21.57,20.22,2.23,2.38,2.4,2.4,15.48,17.71,17.78,17.79,17.8,0.59,1,0,0
1741882621,4.207,102.41,55,0,99.35,24.14,473,21.65,20.24,2.01,2.16,2.19,2.19,13.97,16,16.07,16.08,16.08,0.61,1,0,0
1741882681,4.206,102.41,58,0,99.35,24.28,481,21.71,20.5,2.15,2.3,2.33,2.34,14.87,17.04,17.12,17.13,17.13,0.63,1,0,0
1741882741,4.207,102.41,58,0,99.36,24.37,487,21.76,20.57,2.16,2.32,2.35,2.35,15.01,17.2,17.27,17.28,17.29,0.61,1,0,0
1741882801,4.206,102.41,54,0,99.36,24.41,483,21.78,20.65,2.26,2.42,2.44,2.45,15.72,17.99,18.07,18.08,18.08,0.6,1,0,0
1741882861,4.207,102.41,52,0,99.36,24.44,486,21.83,20.78,2.05,2.19,2.22,2.22,14.19,16.25,16.32,16.33,16.34,0.6,1,0,0
1741882921,4.207,102.41,50,0,99.36,24.39,484,21.8,20.61,1.93,2.07,2.1,2.1,13.39,15.34,15.41,15.42,15.42,0.59,1,0,0
1741882981,4.206,102.41,47,0,99.36,24.37,483,21.8,20.46,1.96,2.11,2.14,2.15,13.61,15.59,15.67,15.68,15.69,0.61,1,0,0
1741883041,4.207,102.41,46,0,99.36,24.42,480,21.87,20.36,1.82,1.95,1.96,1.97,12.63,14.46,14.52,14.53,14.53,0.59,1,0,0
1741883101,4.206,102.41,47,0,99.36,24.44,479,21.9,20.3,2.6,2.78,2.8,2.81,18.02,20.63,20.71,20.72,20.73,0.61,1,0,0
1741883161,4.206,102.41,51,0,99.37,24.45,478,21.9,20.26,2.16,2.33,2.36,2.36,14.98,17.17,17.26,17.27,17.27,0.61,1,0,0
1741883221,4.205,102.41,48,0,99.37,24.48,478,21.93,20.27,2.36,2.53,2.56,2.57,16.34,18.72,18.81,18.82,18.83,0.59,1,0,0
1741883281,4.206,102.41,47,0,99.37,24.45,480,21.96,20.01,2.39,2.55,2.56,2.57,16.59,18.98,19.05,19.06,19.06,0.6,1,0,0
1741883341,4.206,102.41,50,0,99.37,24.42,480,21.9,19.9,2.65,2.85,2.88,2.89,18.41,21.09,21.19,21.2,21.2,0.6,1,0,0
1741883401,4.206,102.41,55,0,99.37,24.41,478,21.88,19.75,2.34,2.51,2.54,2.55,16.24,18.6,18.68,18.69,18.7,0.6,1,0,0
1741883461,4.206,102.41,53,0,99.37,24.43,477,21.91,19.8,2.68,2.87,2.91,2.91,18.55,21.25,21.35,21.36,21.37,0.59,1,0,0
1741883521,4.207,102.41,51,0,99.37,24.46,480,21.91,19.85,2.18,2.31,2.31,2.31,15.2,17.36,17.4,17.4,17.41,0.58,1,0,0
1741883581,4.207,102.41,50,0,99.37,24.47,478,21.91,19.94,2.33,2.47,2.47,2.47,16.26,18.56,18.61,18.61,18.62,0.58,1,0,0
1741883641,4.206,102.41,51,0,99.37,24.5,480,21.92,19.89,2.72,2.87,2.88,2.88,18.95,21.64,21.7,21.7,21.7,0.59,1,0,0
1741883701,4.206,102.41,48,0,99.37,24.52,480,21.91,19.75,2.07,2.21,2.22,2.22,14.41,16.47,16.53,16.54,16.54,0.6,1,0,0
1741883761,4.207,102.41,49,0,99.37,24.51,477,21.88,19.7,2.03,2.17,2.18,2.18,14.15,16.18,16.24,16.24,16.25,0.6,1,0,0
1741883821,4.206,102.41,51,0,99.37,24.51,474,21.86,19.58,2.23,2.36,2.36,2.36,15.58,17.79,17.83,17.84,17.84,0.58,1,0,0
1741883881,4.206,102.41,49,0,99.36,24.51,474,21.87,19.65,2.56,2.71,2.71,2.71,17.87,20.41,20.45,20.46,20.46,0.57,1,0,0
1741883941,4.207,102.41,51,0,99.36,24.56,477,21.95,19.82,2.61,2.76,2.76,2.76,18.2,20.79,20.84,20.84,20.85,0.56,1,0,0
1741884001,4.207,102.41,51,0,99.36,24.61,477,22,19.94,2.2,2.33,2.33,2.33,15.36,17.55,17.59,17.59,17.59,0.57,1,0,0
1741884061,4.207,102.41,52,0,99.36,24.65,478,22.07,19.96,2.21,2.34,2.34,2.34,15.43,17.63,17.67,17.67,17.67,0.57,1,0,0
1741884121,4.207,102.41,48,0,99.36,24.7,481,22.13,20.06,2.17,2.29,2.29,2.29,15.1,17.25,17.29,17.29,17.29,0.57,1,0,0
1741884181,4.206,102.41,44,0,99.36,24.75,482,22.19,20.07,2.11,2.24,2.24,2.24,14.74,16.84,16.88,16.88,16.89,0.56,1,0,0
1741884241,4.206,102.41,45,0,99.36,24.79,481,22.21,20.04,2.09,2.21,2.21,2.21,14.59,16.66,16.7,16.71,16.71,0.56,1,0,0
1741884301,4.207,102.41,40,0,99.36,24.84,481,22.19,20.12,1.96,2.07,2.07,2.07,13.67,15.61,15.64,15.65,15.65,0.55,1,0,0
1741884361,4.207,102.41,40,0,99.36,24.84,479,22.11,20.05,2.33,2.47,2.47,2.47,16.26,18.57,18.62,18.62,18.62,0.55,1,0,0
1741884421,4.207,102.41,41,0,99.36,24.85,477,22.09,20.13,2.14,2.26,2.26,2.26,14.91,17.03,17.07,17.08,17.08,0.55,1,0,0
1741884481,4.205,102.41,42,0,99.36,24.78,473,22.12,20.05,2.6,2.75,2.75,2.75,18.12,20.69,20.74,20.75,20.75,0.56,1,0,0
1741884541,4.207,102.41,40,0,99.36,24.71,472,22.11,19.92,2.32,2.45,2.45,2.45,16.14,18.44,18.48,18.48,18.49,0.55,1,0,0
1741884601,4.206,102.41,40,0,99.36,24.66,470,22.1,19.93,2.17,2.29,2.29,2.29,15.12,17.26,17.31,17.31,17.31,0.55,1,0,0
1741884661,4.206,102.41,40,0,99.36,24.69,469,22.18,19.95,2.01,2.13,2.13,2.13,14.02,16.01,16.05,16.05,16.05,0.55,1,0,0
1741884721,4.206,102.41,41,0,99.36,24.73,471,22.22,20.09,2.28,2.41,2.41,2.41,15.89,18.15,18.19,18.2,18.2,0.56,1,0,0
1741884781,4.206,102.41,39,0,99.36,24.75,473,22.25,19.99,2.07,2.19,2.19,2.19,14.43,16.47,16.51,16.52,16.52,0.56,1,0,0
1741884841,4.207,102.41,40,0,99.36,24.76,475,22.2,20.01,2.2,2.32,2.32,2.32,15.31,17.49,17.53,17.53,17.54,0.58,1,0,0
1741884901,4.206,102.41,35,0,99.36,24.69,475,22.17,19.93,1.98,2.1,2.1,2.1,13.82,15.78,15.82,15.82,15.83,0.58,1,0,0
1741884961,4.206,102.41,42,0,99.36,24.69,473,22.17,20.06,1.95,2.06,2.06,2.06,13.59,15.52,15.56,15.56,15.57,0.57,1,0,0
1741885021,4.206,102.41,44,0,99.37,24.71,482,22.2,20.32,2.7,2.85,2.85,2.85,18.79,21.46,21.51,21.52,21.52,0.58,1,0,0
1741885081,4.206,102.41,43,0,99.37,24.74,484,22.22,20.26,2.66,2.81,2.81,2.81,18.53,21.16,21.21,21.22,21.22,0.57,1,0,0
1741885141,4.207,102.41,44,0,99.37,24.72,485,22.25,19.97,2.15,2.27,2.27,2.27,14.99,17.11,17.16,17.16,17.16,0.56,1,0,0
1741885201,4.207,102.41,43,0,99.37,24.69,483,22.24,19.86,2.63,2.78,2.78,2.78,18.33,20.93,20.98,20.99,20.99,0.56,1,0,0
1741885261,4.206,102.41,45,0,99.37,24.63,479,22.19,19.84,2.5,2.64,2.64,2.64,17.43,19.91,19.96,19.96,19.97,0.56,1,0,0
1741885321,4.206,102.41,40,0,99.37,24.62,479,22.19,19.82,2.67,2.83,2.83,2.83,18.65,21.3,21.35,21.35,21.36,0.57,1,0,0
1741885381,4.206,102.41,39,0,99.37,24.66,477,22.22,19.88,2.33,2.46,2.46,2.46,16.22,18.52,18.57,18.57,18.57,0.57,1,0,0
1741885441,4.207,102.41,42,0,99.37,24.74,475,22.29,20.05,2.41,2.55,2.55,2.55,16.78,19.16,19.21,19.22,19.22,0.57,1,0,0
1741885501,4.209,102.41,40,0,99.37,24.88,478,22.39,20.17,2.36,2.49,2.49,2.49,16.43,18.77,18.81,18.82,18.82,0.55,1,0,0
1741885561,4.207,102.41,40,0,99.38,24.98,482,22.47,20.08,2.52,2.67,2.67,2.67,17.58,20.08,20.13,20.13,20.14,0.57,1,0,0
1741885621,4.206,102.41,42,0,99.38,25.01,484,22.5,19.98,2.32,2.45,2.45,2.45,16.17,18.46,18.51,18.51,18.51,0.57,1,0,0
1741885681,4.206,102.41,43,0,99.38,25.03,486,22.53,20.09,2.18,2.31,2.31,2.31,15.22,17.38,17.42,17.43,17.43,0.56,1,0,0
1741885741,4.205,102.41,41,0,99.38,25.02,488,22.51,19.98,2.39,2.53,2.53,2.53,16.65,19.01,19.06,19.06,19.07,0.56,1,0,0
1741885801,4.206,102.41,41,0,99.38,25.01,484,22.5,19.99,2.25,2.38,2.38,2.38,15.71,17.94,17.98,17.99,17.99,0.57,1,0,0
1741885861,4.207,102.41,38,0,99.38,25.01,483,22.51,20,2.26,2.4,2.41,2.41,15.75,17.99,18.05,18.05,18.06,0.59,1,0,0
1741885921,4.205,102.41,38,0,99.38,25.04,485,22.54,20.03,2.38,2.52,2.52,2.52,16.61,18.97,19.01,19.02,19.02,0.58,1,0,0
1741885981,4.206,102.41,40,0,99.38,25.04,486,22.55,20.03,2.62,2.77,2.77,2.77,18.27,20.86,20.92,20.92,20.92,0.56,1,0,0
1741886041,4.207,102.41,41,0,99.38,25,487,22.53,19.95,2.29,2.42,2.42,2.42,15.96,18.23,18.27,18.28,18.28,0.59,1,0,0
1741886101,4.207,102.41,40,0,99.38,25,485,22.52,19.82,2.27,2.4,2.4,2.4,15.85,18.1,18.14,18.15,18.15,0.57,1,0,0
1741886161,4.206,102.41,42,0,99.37,25.01,485,22.53,19.78,2.74,2.9,2.9,2.9,19.13,21.85,21.9,21.91,21.91,0.58,1,0,0
1741886221,4.206,102.41,38,0,99.37,25.02,485,22.56,19.8,2.48,2.62,2.62,2.62,17.28,19.73,19.78,19.78,19.78,0.55,1,0,0
1741886281,4.207,102.41,37,0,99.37,25.03,483,22.56,19.71,2.63,2.78,2.78,2.78,18.35,20.96,21.01,21.01,21.01,0.57,1,0,0
1741886341,4.207,102.41,36,0,99.37,25.04,482,22.55,19.66,2.62,2.77,2.77,2.77,18.26,20.85,20.9,20.9,20.91,0.57,1,0,0
1741886401,4.206,102.41,35,0,99.37,25,483,22.57,19.68,2.55,2.7,2.7,2.7,17.79,20.32,20.37,20.38,20.38,0.57,1,0,0
1741886461,4.206,102.41,37,0,99.37,24.99,481,22.55,19.7,2.49,2.63,2.63,2.63,17.34,19.8,19.85,19.85,19.85,0.54,1,0,0
1741886521,4.206,102.41,36,0,99.37,24.98,479,22.5,19.63,2.59,2.74,2.74,2.74,18.07,20.64,20.69,20.7,20.7,0.54,1,0,0
1741886581,4.207,102.41,34,0,99.37,24.89,480,22.44,19.38,2.62,2.77,2.77,2.77,18.26,20.85,20.9,20.91,20.91,0.56,1,0,0
1741886641,4.209,102.41,33,0,99.37,24.82,476,22.38,19.37,2.75,2.91,2.91,2.91,19.17,21.89,21.94,21.95,21.95,0.56,1,0,0
1741886701,4.205,102.41,32,0,99.37,24.8,473,22.35,19.45,2.76,2.92,2.92,2.92,19.26,22,22.05,22.06,22.06,0.56,1,0,0
1741886761,4.207,102.41,33,0,99.37,24.8,473,22.4,19.64,2.47,2.62,2.62,2.62,17.25,19.7,19.75,19.75,19.75,0.57,1,0,0
1741886821,4.207,102.41,34,0,99.37,24.8,472,22.44,19.62,2.3,2.44,2.44,2.44,16.06,18.34,18.39,18.39,18.39,0.56,1,0,0
1741886881,4.206,102.41,33,0,99.37,24.84,472,22.46,19.67,2.15,2.27,2.27,2.27,14.97,17.1,17.14,17.14,17.15,0.56,1,0,0
1741886941,4.207,102.41,35,0,99.37,24.87,470,22.49,19.69,2.45,2.59,2.59,2.59,17.05,19.47,19.52,19.52,19.52,0.56,1,0,0
1741887001,4.207,102.41,34,0,99.38,24.92,470,22.5,19.67,2.14,2.26,2.26,2.26,14.91,17.03,17.07,17.08,17.08,0.59,1,0,0
1741887061,4.206,102.41,34,0,99.38,24.96,471,22.54,19.73,2.46,2.61,2.61,2.61,17.12,19.56,19.61,19.62,19.62,0.6,1,0,0
1741887121,4.206,102.41,33,0,99.38,24.96,471,22.53,19.62,2.68,2.83,2.83,2.83,18.67,21.32,21.37,21.37,21.38,0.58,1,0,0
1741887181,4.207,102.41,36,0,99.38,24.96,472,22.51,19.65,2.51,2.65,2.65,2.65,17.5,19.98,20.03,20.03,20.04,0.58,1,0,0
1741887241,4.206,102.41,37,0,99.38,24.97,471,22.53,19.64,2.43,2.58,2.58,2.58,16.92,19.33,19.38,19.39,19.39,0.59,1,0,0
1741887301,4.207,102.41,37,0,99.38,24.95,473,22.55,19.64,2.77,2.93,2.93,2.93,19.34,22.08,22.14,22.14,22.14,0.58,1,0,0
1741887361,4.207,102.41,32,0,99.38,24.93,471,22.53,19.61,2.68,2.84,2.84,2.85,18.63,21.29,21.35,21.36,21.36,0.59,1,0,0
1741887421,4.206,102.41,40,0,99.38,24.97,472,22.51,19.69,2.86,3.03,3.03,3.03,19.9,22.73,22.79,22.8,22.8,0.59,1,0,0
1741887481,4.207,102.41,41,0,99.38,25,473,22.46,19.58,2.91,3.08,3.08,3.08,20.29,23.17,23.23,23.23,23.24,0.56,1,0,0
1741887541,4.207,102.41,40,0,99.38,25,474,22.48,19.71,2.6,2.75,2.75,2.75,18.14,20.72,20.77,20.77,20.77,0.57,1,0,0
1741887601,4.206,102.41,41,0,99.38,25.03,480,22.52,19.88,2.58,2.73,2.73,2.73,18.02,20.57,20.62,20.63,20.63,0.57,1,0,0
1741887661,4.205,102.41,40,0,99.38,25.1,486,22.58,19.88,2.63,2.79,2.79,2.79,18.36,20.97,21.02,21.02,21.03,0.57,1,0,0
1741887721,4.206,102.41,41,0,99.38,25.15,485,22.63,19.87,2.65,2.8,2.8,2.8,18.48,21.1,21.15,21.16,21.16,0.58,1,0,0
1741887781,4.207,102.41,41,0,99.38,25.15,487,22.66,19.82,2.84,3.01,3.01,3.01,19.82,22.64,22.69,22.7,22.7,0.58,1,0,0
1741887841,4.206,102.41,41,0,99.37,25.14,486,22.62,19.67,3.08,3.26,3.26,3.26,21.48,24.53,24.59,24.59,24.6,0.55,1,0,0
1741887901,4.205,102.41,41,0,99.37,25.08,483,22.55,19.35,2.86,3.02,3.02,3.02,19.92,22.75,22.8,22.81,22.81,0.56,1,0,0
1741887961,4.205,102.41,36,0,99.37,25.03,480,22.52,19.34,3.33,3.52,3.52,3.52,23.22,26.51,26.58,26.58,26.59,0.57,1,0,0
1741888021,4.207,102.41,41,0,99.37,25.07,480,22.63,19.71,3.01,3.19,3.19,3.19,21.01,23.99,24.05,24.05,24.06,0.54,1,0,0
1741888081,4.207,102.41,41,0,99.37,25.23,492,22.72,20.02,2.84,3,3,3,19.79,22.6,22.66,22.66,22.67,0.55,1,0,0
1741888141,4.206,102.41,40,0,99.37,25.29,492,22.77,19.82,2.64,2.8,2.8,2.8,18.43,21.05,21.1,21.11,21.11,0.55,1,0,0
1741888201,4.207,102.41,40,0,99.37,25.32,488,22.82,19.84,3.27,3.45,3.45,3.45,22.78,26.01,26.07,26.08,26.08,0.56,1,0,0
1741888261,4.206,102.41,36,0,99.37,25.33,487,22.85,19.72,2.8,2.96,2.96,2.96,19.49,22.26,22.31,22.31,22.32,0.57,1,0,0
1741888321,4.206,102.41,34,0,99.37,25.33,484,22.89,19.7,3.08,3.25,3.25,3.25,21.44,24.49,24.55,24.55,24.56,0.56,1,0,0
1741888381,4.206,102.41,31,0,99.37,25.32,481,22.87,19.7,3.22,3.41,3.41,3.41,22.48,25.67,25.73,25.74,25.74,0.54,1,0,0
1741888441,4.206,102.41,37,0,99.37,25.32,483,22.85,19.81,2.84,3,3,3,19.8,22.61,22.67,22.67,22.68,0.54,1,0,0
1741888501,4.206,102.41,39,0,99.37,25.32,488,22.91,20.18,2.92,3.09,3.09,3.09,20.39,23.28,23.34,23.34,23.35,0.54,1,0,0
1741888561,4.206,102.41,38,0,99.37,25.33,490,22.92,20.06,3.07,3.25,3.25,3.25,21.42,24.46,24.52,24.52,24.53,0.56,1,0,0
1741888621,4.207,102.41,29,0,99.37,25.38,491,22.94,20.4,2.93,3.09,3.09,3.09,20.41,23.3,23.36,23.36,23.37,0.55,1,0,0
1741888681,4.206,102.41,36,0,99.37,25.38,495,22.91,20.46,3.17,3.35,3.35,3.35,22.09,25.23,25.29,25.3,25.3,0.56,1,0,0
1741888741,4.206,102.41,37,0,99.37,25.44,497,22.93,20.39,3.29,3.48,3.48,3.48,22.92,26.17,26.23,26.24,26.24,0.56,1,0,0
1741888801,4.207,102.41,36,0,99.37,25.46,500,22.98,20.2,3.09,3.27,3.27,3.27,21.54,24.6,24.66,24.66,24.67,0.59,1,0,0
1741888861,4.206,102.41,36,0,99.37,25.49,500,22.99,20.16,3.07,3.24,3.24,3.24,21.39,24.43,24.48,24.49,24.49,0.58,1,0,0
1741888921,4.207,102.41,33,0,99.36,25.55,502,23.07,20.21,3.18,3.36,3.36,3.36,22.14,25.29,25.35,25.36,25.36,0.59,1,0,0
1741888981,4.207,102.41,33,0,99.36,25.55,500,23.05,19.98,3.61,3.82,3.82,3.82,25.17,28.75,28.82,28.83,28.83,0.56,1,0,0
1741889041,4.206,102.41,34,0,99.36,25.54,499,23.07,19.87,2.96,3.13,3.13,3.13,20.61,23.54,23.59,23.6,23.6,0.58,1,0,0
1741889101,4.207,102.41,35,0,99.36,25.51,498,23.09,19.79,3.12,3.3,3.3,3.3,21.73,24.81,24.87,24.88,24.88,0.59,1,0,0
1741889161,4.206,102.41,35,0,99.35,25.49,496,23.07,19.68,2.98,3.16,3.16,3.16,20.79,23.75,23.81,23.82,23.82,0.59,1,0,0
1741889221,4.205,102.41,35,0,99.35,25.46,494,23.09,19.54,3.04,3.22,3.22,3.22,21.22,24.23,24.29,24.29,24.3,0.59,1,0,0
1741889281,4.206,102.41,35,0,99.35,25.44,490,23.09,19.5,3.04,3.22,3.22,3.22,21.2,24.21,24.27,24.27,24.28,0.58,1,0,0
1741889341,4.206,102.41,35,0,99.35,25.44,491,23.04,19.38,2.99,3.16,3.16,3.16,20.85,23.81,23.86,23.87,23.87,0.58,1,0,0
1741889401,4.206,102.41,35,0,99.35,25.39,489,23.02,19.24,3.41,3.61,3.61,3.61,23.8,27.18,27.24,27.25,27.25,0.57,1,0,0
1741889461,4.206,102.41,34,0,99.35,25.37,490,23.01,19.28,3.21,3.39,3.39,3.39,22.36,25.54,25.6,25.61,25.61,0.57,1,0,0
1741889521,4.206,102.41,34,0,99.35,25.36,487,23.01,19.35,2.93,3.1,3.1,3.1,20.44,23.34,23.4,23.41,23.41,0.59,1,0,0
1741889581,4.206,102.41,32,0,99.35,25.38,483,23.04,19.4,2.75,2.91,2.91,2.91,19.2,21.93,21.98,21.99,21.99,0.57,1,0,0
1741889641,4.207,102.41,32,0,99.34,25.43,481,23.06,19.38,3.19,3.37,3.37,3.37,22.23,25.39,25.45,25.46,25.46,0.56,1,0,0
1741889701,4.206,102.41,32,0,99.34,25.47,481,23.09,19.33,2.75,2.91,2.91,2.91,19.17,21.89,21.94,21.95,21.95,0.56,1,0,0
1741889761,4.206,102.41,32,0,99.34,25.5,482,23.09,19.36,2.88,3.04,3.04,3.04,20.07,22.92,22.97,22.98,22.98,0.57,1,0,0
1741889821,4.206,102.41,33,0,99.34,25.53,482,23.09,19.39,2.89,3.05,3.05,3.05,20.13,22.99,23.04,23.05,23.05,0.56,1,0,0
1741889881,4.206,102.41,33,0,99.34,25.6,484,23.07,19.44,3.15,3.33,3.33,3.33,21.95,25.07,25.13,25.13,25.14,0.55,1,0,0
1741889941,4.206,102.41,34,0,99.33,25.62,486,23.13,19.55,3.16,3.34,3.34,3.34,22.02,25.14,25.2,25.21,25.21,0.56,1,0,0
1741890001,4.205,102.41,34,0,99.33,25.63,488,23.14,19.57,2.94,3.11,3.11,3.11,20.51,23.42,23.47,23.48,23.48,0.56,1,0,0
1741890061,4.207,102.41,34,0,99.33,25.64,487,23.17,19.58,3,3.17,3.17,3.17,20.92,23.88,23.94,23.95,23.95,0.56,1,0,0
1741890121,4.206,102.41,34,0,99.33,25.6,487,23.15,19.48,3.05,3.23,3.23,3.23,21.29,24.31,24.37,24.38,24.38,0.57,1,0,0
1741890181,4.205,102.41,34,0,99.33,25.56,486,23.14,19.36,3.42,3.62,3.62,3.62,23.84,27.22,27.29,27.29,27.3,0.57,1,0,0
1741890241,4.207,102.41,33,0,99.33,25.49,486,23.09,19.23,3.82,4.04,4.04,4.04,26.66,30.44,30.51,30.52,30.53,0.57,1,0,0
1741890301,4.206,102.41,34,0,99.32,25.47,485,23.09,19.14,3.09,3.27,3.27,3.27,21.53,24.59,24.65,24.65,24.66,0.56,1,0,0
1741890361,4.206,102.41,34,0,99.32,25.42,485,23.07,19.13,3.7,3.91,3.91,3.91,25.76,29.42,29.49,29.5,29.5,0.58,1,0,0
1741890421,4.207,102.41,32,0,99.32,25.41,481,23.08,19.15,3.5,3.7,3.7,3.7,24.38,27.84,27.91,27.92,27.92,0.57,1,0,0
1741890481,4.206,102.41,33,0,99.33,25.48,481,23.11,19.22,3.1,3.29,3.3,3.3,21.6,24.68,24.75,24.76,24.77,0.6,1,0,0
1741890541,4.207,102.41,34,0,99.32,25.51,483,23.15,19.24,3.17,3.35,3.35,3.35,22.08,25.22,25.28,25.29,25.29,0.58,1,0,0
1741890601,4.207,102.41,34,0,99.33,25.52,484,23.14,19.26,3.41,3.6,3.6,3.6,23.76,27.13,27.2,27.2,27.21,0.57,1,0,0
1741890661,4.209,102.41,34,0,99.33,25.53,488,23.14,19.28,3.08,3.26,3.26,3.26,21.5,24.55,24.61,24.62,24.62,0.56,1,0,0
1741890721,4.206,102.41,34,0,99.33,25.49,486,23.17,19.32,3.06,3.23,3.23,3.23,21.32,24.35,24.41,24.42,24.42,0.59,1,0,0
1741890781,4.207,102.41,33,0,99.33,25.48,487,23.13,19.24,4.05,4.28,4.28,4.28,28.23,32.24,32.32,32.33,32.33,0.56,1,0,0
1741890841,4.207,102.41,32,0,99.32,25.46,484,23.11,19.16,3.42,3.61,3.61,3.61,23.83,27.21,27.28,27.28,27.29,0.55,1,0,0
1741890901,4.205,102.41,31,0,99.32,25.48,483,23.15,19.25,3.38,3.58,3.58,3.58,23.57,26.92,26.98,26.99,26.99,0.54,1,0,0
1741890961,4.207,102.41,31,0,99.32,25.53,483,23.18,19.34,3.23,3.41,3.41,3.41,22.49,25.68,25.74,25.75,25.75,0.56,1,0,0
1741891021,4.206,102.41,31,0,99.32,25.55,482,23.2,19.26,3.15,3.33,3.33,3.33,21.98,25.1,25.16,25.17,25.17,0.57,1,0,0
1741891081,4.206,102.41,32,0,99.32,25.57,485,23.18,19.27,3.19,3.38,3.38,3.38,22.26,25.42,25.48,25.49,25.49,0.53,1,0,0
1741891141,4.209,102.41,31,0,99.32,25.58,484,23.23,19.31,3.58,3.78,3.78,3.78,24.93,28.47,28.54,28.55,28.55,0.55,1,0,0
1741891201,4.205,102.41,31,0,99.32,25.6,483,23.21,19.29,3.17,3.35,3.35,3.35,22.11,25.24,25.31,25.31,25.32,0.57,1,0,0
1741891261,4.206,102.41,31,0,99.32,25.62,484,23.22,19.49,3.6,3.81,3.81,3.81,25.1,28.66,28.73,28.74,28.74,0.59,1,0,0
1741891321,4.205,102.41,30,0,99.32,25.64,488,23.26,19.38,3.3,3.49,3.49,3.49,23.02,26.29,26.36,26.36,26.37,0.57,1,0,0
1741891381,4.207,102.41,30,0,99.32,25.72,490,23.3,19.5,3.05,3.23,3.23,3.23,21.28,24.3,24.36,24.37,24.37,0.57,1,0,0
1741891441,4.207,102.41,30,0,99.32,25.79,491,23.32,19.48,3.38,3.57,3.57,3.57,23.55,26.89,26.96,26.96,26.97,0.57,1,0,0
1741891501,4.207,102.41,29,0,99.32,25.81,492,23.37,19.48,3.29,3.48,3.48,3.48,22.95,26.21,26.27,26.28,26.28,0.57,1,0,0
1741891561,4.207,102.41,31,0,99.32,25.84,496,23.39,19.63,2.93,3.1,3.1,3.1,20.45,23.36,23.41,23.42,23.42,0.58,1,0,0
1741891621,4.206,102.41,26,0,99.31,25.88,498,23.43,19.67,3.21,3.39,3.39,3.39,22.36,25.54,25.6,25.6,25.61,0.57,1,0,0
1741891681,4.206,102.41,29,0,99.31,25.88,500,23.42,19.91,3.4,3.59,3.59,3.59,23.7,27.06,27.13,27.14,27.14,0.57,1,0,0
1741891741,4.206,102.41,28,0,99.31,25.87,505,23.41,19.69,3.51,3.71,3.71,3.71,24.46,27.93,28,28,28.01,0.58,1,0,0
1741891801,4.207,102.41,27,0,99.31,25.86,502,23.39,19.57,3.31,3.51,3.51,3.51,23.08,26.36,26.43,26.44,26.44,0.59,1,0,0
1741891861,4.206,102.41,27,0,99.31,25.83,497,23.36,19.4,3.2,3.38,3.38,3.38,22.31,25.47,25.54,25.54,25.55,0.59,1,0,0
1741891921,4.206,102.41,26,0,99.31,25.82,492,23.33,19.53,3.05,3.22,3.22,3.22,21.25,24.27,24.33,24.33,24.34,0.57,1,0,0
1741891981,4.206,102.41,26,0,99.31,25.79,492,23.36,19.61,3.28,3.47,3.47,3.47,22.87,26.12,26.18,26.19,26.19,0.55,1,0,0
1741892041,4.207,102.41,25,0,99.31,25.8,493,23.37,19.57,3.7,3.91,3.91,3.91,25.77,29.43,29.5,29.51,29.51,0.56,1,0,0
1741892101,4.207,102.41,26,0,99.31,25.77,492,23.36,19.6,3.4,3.6,3.6,3.6,23.72,27.09,27.15,27.16,27.16,0.57,1,0,0
1741892161,4.206,102.41,24,0,99.3,25.74,490,23.33,19.54,3.82,4.04,4.04,4.04,26.66,30.45,30.52,30.53,30.53,0.59,1,0,0
1741892221,4.207,102.41,24,0,99.3,25.72,492,23.31,19.52,3.55,3.75,3.75,3.75,24.75,28.26,28.33,28.34,28.34,0.58,1,0,0
1741892281,4.207,102.41,24,0,99.3,25.69,493,23.3,19.47,3.64,3.85,3.85,3.85,25.4,29.01,29.08,29.09,29.09,0.59,1,0,0
1741892341,4.206,102.41,24,0,99.3,25.66,492,23.29,19.49,3.75,3.97,3.97,3.97,26.15,29.86,29.94,29.94,29.95,0.58,1,0,0
1741892401,4.206,102.41,25,0,99.3,25.65,489,23.33,19.43,4.65,4.92,4.92,4.92,32.41,37.01,37.1,37.1,37.11,0.59,1,0,0
1741892461,4.207,102.41,24,0,99.3,25.68,489,23.27,19.35,3.97,4.2,4.2,4.2,27.68,31.61,31.69,31.69,31.7,0.58,1,0,0
1741892521,4.206,102.41,25,0,99.3,25.71,489,23.31,19.39,3.35,3.55,3.55,3.55,23.38,26.7,26.77,26.78,26.78,0.58,1,0,0
1741892581,4.206,102.41,24,0,99.29,25.72,489,23.3,19.47,3.92,4.14,4.14,4.14,27.32,31.2,31.27,31.28,31.29,0.57,1,0,0
1741892641,4.206,102.41,25,0,99.29,25.72,487,23.29,19.37,4.31,4.56,4.56,4.56,30.04,34.3,34.38,34.39,34.4,0.57,1,0,0
1741892701,4.207,102.41,24,0,99.29,25.69,484,23.27,19.3,3.83,4.05,4.05,4.05,26.72,30.51,30.58,30.59,30.59,0.55,1,0,0
1741892761,4.206,102.41,24,0,99.29,25.71,483,23.29,19.41,4.34,4.59,4.59,4.59,30.28,34.58,34.66,34.67,34.68,0.56,1,0,0
1741892821,4.206,102.41,23,0,99.29,25.71,485,23.31,19.53,4.17,4.41,4.41,4.41,29.07,33.2,33.28,33.28,33.29,0.54,1,0,0
1741892881,4.206,102.41,23,0,99.29,25.81,488,23.34,19.64,3.72,3.94,3.94,3.94,25.97,29.65,29.72,29.73,29.74,0.55,1,0,0
1741892941,4.206,102.41,22,0,99.29,25.83,488,23.34,19.6,4.01,4.24,4.24,4.24,27.94,31.9,31.98,31.99,31.99,0.55,1,0,0
1741893001,4.207,102.41,22,0,99.29,25.83,486,23.32,19.48,3.62,3.82,3.82,3.82,25.21,28.79,28.86,28.87,28.87,0.56,1,0,0
1741893061,4.206,102.41,22,0,99.29,25.8,486,23.33,19.42,3.8,4.02,4.02,4.02,26.5,30.26,30.34,30.34,30.35,0.57,1,0,0
1741893121,4.206,102.41,22,0,99.29,25.79,487,23.32,19.33,3.77,3.99,3.99,3.99,26.28,30.01,30.08,30.09,30.09,0.57,1,0,0
1741893181,4.207,102.41,22,0,99.29,25.74,489,23.27,19.15,3.52,3.73,3.73,3.73,24.57,28.06,28.13,28.14,28.14,0.54,1,0,0
1741893241,4.206,102.41,23,0,99.29,25.71,490,23.22,19.01,3.92,4.15,4.15,4.15,27.36,31.24,31.32,31.33,31.33,0.57,1,0,0
1741893301,4.206,102.41,24,0,99.29,25.68,491,23.23,19,3.31,3.5,3.5,3.5,23.04,26.31,26.38,26.38,26.39,0.57,1,0,0
1741893361,4.206,102.41,22,0,99.29,25.64,488,23.22,19.06,3.36,3.55,3.55,3.55,23.41,26.73,26.8,26.81,26.81,0.57,1,0,0
1741893421,4.207,102.41,22,0,99.29,25.68,489,23.21,19.06,3.6,3.81,3.81,3.81,25.12,28.68,28.75,28.76,28.76,0.57,1,0,0
1741893481,4.206,102.41,22,0,99.29,25.69,493,23.23,19.06,2.87,3.04,3.04,3.04,20.03,22.88,22.93,22.94,22.94,0.58,1,0,0
1741893541,4.207,102.41,22,0,99.29,25.69,494,23.24,19,3.81,4.03,4.03,4.03,26.59,30.36,30.44,30.44,30.45,0.57,1,0,0
1741893601,4.206,102.41,22,0,99.29,25.66,495,23.23,19.01,3.85,4.07,4.07,4.07,26.84,30.65,30.72,30.73,30.73,0.57,1,0,0
1741893661,4.206,102.41,22,0,99.29,25.64,490,23.23,19.03,3.24,3.42,3.42,3.42,22.56,25.76,25.83,25.83,25.84,0.54,1,0,0
1741893721,4.207,102.41,20,0,99.29,25.64,488,23.26,19.01,3.51,3.71,3.71,3.71,24.47,27.94,28.01,28.02,28.02,0.57,1,0,0
1741893781,4.207,102.41,20,0,99.29,25.58,485,23.25,19.06,3.77,3.99,3.99,3.99,26.28,30.01,30.08,30.09,30.09,0.56,1,0,0
1741893841,4.205,102.41,21,0,99.29,25.61,486,23.3,19.02,3.05,3.23,3.23,3.23,21.28,24.3,24.36,24.36,24.37,0.58,1,0,0
1741893901,4.207,102.41,22,0,99.29,25.62,488,23.27,18.99,3.35,3.54,3.54,3.54,23.35,26.66,26.73,26.74,26.74,0.57,1,0,0
1741893961,4.207,102.41,22,0,99.29,25.61,491,23.32,18.87,3.27,3.46,3.46,3.46,22.8,26.04,26.1,26.11,26.11,0.55,1,0,0
1741894021,4.207,102.41,22,0,99.29,25.63,490,23.31,18.84,3.05,3.23,3.23,3.23,21.27,24.29,24.35,24.35,24.36,0.56,1,0,0
1741894081,4.206,102.41,22,0,99.29,25.63,491,23.31,18.93,3.56,3.77,3.77,3.77,24.85,28.38,28.45,28.45,28.46,0.52,1,0,0
1741894141,4.206,102.41,22,0,99.29,25.6,491,23.25,18.84,3.42,3.61,3.61,3.61,23.82,27.2,27.26,27.27,27.27,0.54,1,0,0
1741894201,4.206,102.41,21,0,99.29,25.6,490,23.15,18.71,3.75,3.97,3.97,3.97,26.18,29.89,29.97,29.97,29.98,0.56,1,0,0
1741894261,4.205,102.41,20,0,99.29,25.56,487,23.15,18.69,3.95,4.18,4.18,4.18,27.55,31.46,31.54,31.55,31.55,0.57,1,0,0
1741894321,4.207,102.41,18,0,99.28,25.51,487,23.14,18.59,3.76,3.97,3.97,3.97,26.18,29.9,29.97,29.98,29.98,0.56,1,0,0
1741894381,4.207,102.41,19,0,99.28,25.5,486,23.1,18.73,3.65,3.87,3.87,3.87,25.45,29.07,29.14,29.15,29.16,0.6,1,0,0
1741894441,4.206,102.41,20,0,99.28,25.53,488,23.1,18.75,3.8,4.02,4.02,4.02,26.5,30.27,30.34,30.35,30.35,0.58,1,0,0
1741894501,4.206,102.41,20,0,99.28,25.54,489,23.08,18.67,3.2,3.39,3.39,3.39,22.32,25.49,25.56,25.56,25.57,0.56,1,0,0
1741894561,4.207,102.41,20,0,99.28,25.56,489,23.09,18.74,3.5,3.7,3.7,3.7,24.38,27.84,27.91,27.91,27.92,0.58,1,0,0
1741894621,4.207,102.41,20,0,99.28,25.53,488,23.04,18.59,3.79,4,4,4,26.4,30.15,30.22,30.23,30.23,0.58,1,0,0
1741894681,4.206,102.41,20,0,99.28,25.51,491,23.03,18.6,3.72,3.94,3.94,3.94,25.9,29.59,29.67,29.67,29.68,0.59,1,0,0
1741894741,4.206,102.41,20,0,99.28,25.47,489,22.99,18.47,3.37,3.57,3.57,3.57,23.53,26.87,26.93,26.94,26.94,0.56,1,0,0
1741894801,4.206,102.41,19,0,99.28,25.45,486,22.97,18.56,3.72,3.93,3.93,3.93,25.9,29.58,29.65,29.66,29.66,0.55,1,0,0
1741894861,4.206,102.41,20,0,99.29,25.46,484,22.98,18.66,3.96,4.18,4.18,4.18,27.59,31.5,31.58,31.59,31.59,0.55,1,0,0
1741894921,4.206,102.41,20,0,99.29,25.49,485,23.01,18.85,3.58,3.79,3.79,3.79,24.96,28.5,28.57,28.58,28.58,0.55,1,0,0
1741894981,4.206,102.41,20,0,99.29,25.48,485,23.03,18.88,3.67,3.89,3.89,3.89,25.62,29.25,29.33,29.33,29.34,0.53,1,0,0
1741895041,4.207,102.41,20,0,99.29,25.47,486,23.06,18.86,3.29,3.48,3.48,3.48,22.94,26.19,26.26,26.26,26.27,0.53,1,0,0
1741895101,4.206,102.41,20,0,99.29,25.51,489,23.12,18.82,3.49,3.69,3.69,3.69,24.34,27.79,27.86,27.86,27.87,0.53,1,0,0
1741895161,4.209,102.41,20,0,99.3,25.5,489,23.1,18.81,4.24,4.48,4.48,4.48,29.56,33.76,33.84,33.85,33.86,0.53,1,0,0
1741895221,4.206,102.41,19,0,99.3,25.49,488,23.06,18.77,3.79,4.01,4.01,4.01,26.42,30.17,30.24,30.25,30.26,0.53,1,0,0
1741895281,4.207,102.41,18,0,99.3,25.5,485,23.06,18.84,3.98,4.21,4.21,4.21,27.78,31.72,31.8,31.81,31.81,0.56,1,0,0
1741895341,4.205,102.41,20,0,99.3,25.48,487,23,18.67,3.65,3.86,3.86,3.86,25.45,29.06,29.13,29.14,29.14,0.57,1,0,0
1741895401,4.209,102.41,19,0,99.3,25.46,486,22.96,18.6,4.06,4.3,4.3,4.3,28.33,32.35,32.43,32.44,32.44,0.56,1,0,0
1741895461,4.207,102.41,20,0,99.3,25.41,485,22.88,18.56,4.22,4.46,4.46,4.46,29.43,33.61,33.69,33.7,33.7,0.54,1,0,0
1741895521,4.205,102.41,21,0,99.3,25.39,485,22.9,18.53,3.86,4.09,4.09,4.09,26.93,30.76,30.83,30.84,30.84,0.53,1,0,0
1741895581,4.206,102.41,21,0,99.3,25.35,484,22.89,18.62,3.87,4.09,4.09,4.09,26.98,30.81,30.88,30.89,30.89,0.53,1,0,0
1741895641,4.206,102.41,21,0,99.3,25.35,482,22.86,18.64,3.71,3.93,3.93,3.93,25.89,29.57,29.64,29.65,29.65,0.54,1,0,0
1741895701,4.206,102.41,19,0,99.3,25.35,483,22.83,18.64,3.91,4.13,4.13,4.13,27.24,31.11,31.18,31.19,31.2,0.56,1,0,0
1741895761,4.207,102.41,21,0,99.3,25.36,480,22.87,18.75,3.46,3.66,3.66,3.66,24.15,27.58,27.65,27.66,27.66,0.54,1,0,0
1741895821,4.207,102.41,20,0,99.3,25.31,477,22.86,18.47,3.61,3.81,3.81,3.81,25.14,28.7,28.77,28.78,28.78,0.52,1,0,0
1741895881,4.206,102.41,21,0,99.3,25.27,477,22.86,18.43,3.98,4.21,4.21,4.21,27.78,31.73,31.8,31.81,31.82,0.55,1,0,0
1741895941,4.206,102.41,20,0,99.3,25.23,473,22.81,18.37,4.04,4.28,4.28,4.28,28.19,32.19,32.27,32.28,32.28,0.54,1,0,0
1741896001,4.209,102.41,21,0,99.29,25.2,469,22.75,18.27,3.95,4.18,4.18,4.18,27.53,31.44,31.52,31.53,31.53,0.53,1,0,0
1741896061,4.207,102.41,20,0,99.29,25.14,467,22.72,18.2,4.21,4.45,4.45,4.45,29.32,33.49,33.57,33.58,33.58,0.53,1,0,0
1741896121,4.207,102.41,20,0,99.29,25.11,467,22.72,18.22,4.13,4.37,4.37,4.37,28.79,32.87,32.95,32.96,32.97,0.53,1,0,0
1741896181,4.205,102.41,20,0,99.29,25.09,466,22.76,18.28,3.99,4.22,4.22,4.22,27.8,31.75,31.83,31.83,31.84,0.52,1,0,0
1741896241,4.206,102.41,21,0,99.29,25.08,467,22.74,18.24,3.78,4,4,4,26.38,30.12,30.19,30.2,30.2,0.52,1,0,0
1741896301,4.206,102.41,22,0,99.29,25.04,466,22.68,18.17,3.98,4.21,4.21,4.21,27.75,31.69,31.76,31.77,31.78,0.53,1,0,0
1741896361,4.209,102.41,21,0,99.29,25.04,465,22.66,18.13,4.18,4.42,4.42,4.42,29.16,33.3,33.38,33.38,33.39,0.54,1,0,0
1741896421,4.206,102.41,21,0,99.29,25.02,464,22.6,18.14,4.21,4.45,4.45,4.45,29.36,33.53,33.61,33.62,33.62,0.53,1,0,0
1741896481,4.206,102.41,20,0,99.28,25.02,466,22.6,18.29,4.01,4.24,4.24,4.24,27.97,31.94,32.02,32.03,32.03,0.54,1,0,0
1741896541,4.206,102.41,18,0,99.28,25.03,466,22.63,18.52,3.99,4.22,4.22,4.22,27.81,31.76,31.83,31.84,31.85,0.53,1,0,0
1741896601,4.205,102.41,20,0,99.28,25.05,468,22.68,18.76,4.14,4.38,4.38,4.38,28.86,32.96,33.04,33.04,33.05,0.54,1,0,0
1741896661,4.207,102.41,19,0,99.28,25.06,467,22.66,18.79,4.24,4.48,4.48,4.48,29.54,33.73,33.81,33.82,33.83,0.54,1,0,0
1741896721,4.205,102.41,20,0,99.28,25.04,466,22.69,18.77,4.37,4.62,4.62,4.62,30.45,34.78,34.86,34.87,34.87,0.54,1,0,0
1741896781,4.206,102.41,18,0,99.28,25.04,468,22.7,18.85,4.13,4.36,4.36,4.36,28.77,32.86,32.94,32.95,32.95,0.53,1,0,0
1741896841,4.207,102.41,18,0,99.28,25.04,470,22.75,18.87,4.31,4.56,4.56,4.56,30.04,34.3,34.39,34.39,34.4,0.52,1,0,0
1741896901,4.206,102.41,18,0,99.28,25.02,467,22.68,18.76,4.75,5.02,5.02,5.02,33.1,37.8,37.89,37.9,37.9,0.51,1,0,0
1741896961,4.205,102.41,16,0,99.28,25,469,22.58,18.66,4.57,4.84,4.84,4.84,31.89,36.42,36.51,36.52,36.52,0.54,1,0,0
1741897021,4.206,102.41,16,0,99.28,25.01,468,22.52,18.64,4.28,4.53,4.53,4.53,29.85,34.08,34.17,34.17,34.18,0.54,1,0,0
1741897081,4.207,102.41,16,0,99.28,24.96,469,22.54,18.66,4.62,4.88,4.88,4.88,32.2,36.77,36.86,36.87,36.88,0.54,1,0,0
1741897141,4.207,102.41,16,0,99.28,24.94,470,22.55,18.78,4.51,4.77,4.77,4.77,31.47,35.93,36.02,36.03,36.03,0.55,1,0,0
1741897201,4.206,102.41,14,0,99.28,24.92,470,22.59,18.91,4.29,4.54,4.54,4.54,29.94,34.19,34.27,34.28,34.28,0.54,1,0,0
1741897261,4.205,102.41,14,0,99.28,24.89,471,22.56,18.92,4.25,4.5,4.5,4.5,29.65,33.86,33.94,33.95,33.95,0.54,1,0,0
1741897321,4.207,102.41,14,0,99.28,24.91,470,22.56,18.98,4.46,4.72,4.72,4.72,31.13,35.54,35.63,35.64,35.64,0.55,1,0,0
1741897381,4.207,102.41,14,0,99.29,24.9,471,22.52,18.93,8.01,8.47,8.47,8.47,55.84,63.77,63.92,63.94,63.95,0.57,1,0,0
1741897441,4.206,102.41,14,0,99.29,24.94,473,22.46,19.08,15,16.65,17.3,17.42,102.66,118.47,119.62,119.82,119.86,0.68,1,0,0
1741897501,4.206,102.41,14,0,99.29,24.99,474,22.44,19.08,10.95,12.44,13.14,13.28,74.27,86.17,87.32,87.52,87.56,0.68,1,0,0
1741897561,4.207,102.41,13,0,99.29,25.1,474,22.43,19.11,7.95,9.02,9.53,9.63,53.91,62.54,63.37,63.52,63.54,0.67,1,0,0
1741897621,4.207,102.41,13,0,99.29,25.15,474,22.41,19.11,9.18,10.07,10.36,10.42,63.16,72.69,73.26,73.35,73.37,0.62,1,0,0
1741897681,4.205,102.41,13,0,99.29,25.19,473,22.41,19.04,10.27,10.88,10.9,10.9,71.51,81.7,81.92,81.95,81.96,0.59,1,0,0
1741897741,4.206,102.41,13,0,99.29,25.2,472,22.38,19.05,11.42,12.07,12.07,12.07,79.61,90.91,91.13,91.15,91.16,0.59,1,0,0
1741897801,4.205,102.41,13,0,99.29,25.21,471,22.37,19.09,12.01,12.77,12.83,12.85,83.52,95.5,95.81,95.85,95.87,0.62,1,0,0
1741897861,4.206,102.41,13,0,99.29,25.22,472,22.35,19.25,10.57,11.18,11.19,11.19,73.66,84.14,84.35,84.37,84.38,0.58,1,0,0
1741897921,4.206,102.41,13,0,99.29,25.26,470,22.37,19.52,10.54,11.33,11.47,11.5,73.08,83.74,84.13,84.19,84.21,0.61,1,0,0
1741897981,4.206,102.41,12,0,99.29,25.27,470,22.31,19.85,10.34,11.26,11.52,11.58,71.27,81.91,82.46,82.55,82.57,0.62,1,0,0
1741898041,4.206,102.41,12,0,99.29,25.23,471,22.3,20.11,10.19,11.33,11.78,11.87,69.76,80.53,81.32,81.46,81.49,0.65,1,0,0
1741898101,4.207,102.41,12,0,99.29,25.2,471,22.3,20.31,8.43,9.37,9.75,9.82,57.68,66.59,67.25,67.36,67.38,0.65,1,0,0
1741898161,4.206,102.41,13,0,99.29,25.19,470,22.24,20.61,8.19,8.99,9.26,9.31,56.29,64.8,65.32,65.41,65.42,0.65,1,0,0
1741898221,4.205,102.41,13,0,99.29,25.17,471,22.25,20.74,6.86,7.46,7.62,7.66,47.36,54.4,54.75,54.81,54.82,0.62,1,0,0
1741898281,4.205,102.41,13,0,99.29,25.14,470,22.21,20.95,5.94,6.28,6.28,6.28,41.43,47.31,47.43,47.44,47.45,0.59,1,0,0
1741898341,4.205,102.41,13,0,99.29,25.11,466,22.17,20.99,5.97,6.4,6.46,6.48,41.45,47.46,47.67,47.7,47.71,0.62,1,0,0
1741898401,4.206,102.41,14,0,99.29,25.09,468,22.16,21.07,5.47,5.91,6.01,6.02,37.84,43.41,43.64,43.68,43.69,0.62,1,0,0
1741898461,4.206,102.41,15,0,99.29,25.08,468,22.21,21.18,5.38,5.79,5.87,5.88,37.31,42.75,42.96,42.99,43,0.61,1,0,0
1741898521,4.206,102.41,15,0,99.3,25.1,467,22.21,21.33,4.73,5.09,5.15,5.17,32.8,37.59,37.77,37.79,37.8,0.64,1,0,0
1741898581,4.206,102.41,14,0,99.3,25.1,467,22.25,21.64,4.75,5.14,5.24,5.26,32.81,37.65,37.87,37.91,37.92,0.64,1,0,0
1741898641,4.206,102.41,15,0,99.3,25.12,468,22.27,21.88,5.98,6.49,6.62,6.65,41.27,47.39,47.69,47.74,47.75,0.63,1,0,0
1741898701,4.207,102.41,14,0,99.3,25.13,467,22.22,21.96,7.13,7.67,7.78,7.8,49.36,56.57,56.86,56.9,56.91,0.64,1,0,0
1741898761,4.205,102.41,14,0,99.3,25.14,469,22.2,21.95,6.91,7.62,7.87,7.92,47.43,54.65,55.13,55.21,55.22,0.67,1,0,0
1741898821,4.206,102.41,13,0,99.3,25.12,468,22.16,22.1,6.19,6.83,7.06,7.11,42.46,48.94,49.37,49.44,49.45,0.66,1,0,0
1741898881,4.206,102.41,14,0,99.3,25.08,468,22.14,22,5.42,6.07,6.35,6.4,37,42.78,43.25,43.33,43.35,0.66,1,0,0
1741898941,4.207,102.41,14,0,99.29,25.05,466,22.12,22.13,4.79,5.24,5.38,5.41,33.01,37.97,38.25,38.29,38.31,0.63,1,0,0
1741899001,4.207,102.41,14,0,99.3,25.03,467,22.11,22.24,4.76,5.13,5.2,5.22,32.98,37.81,38,38.03,38.04,0.61,1,0,0
1741899061,4.206,102.41,14,0,99.29,25.03,467,22.07,22.24,4.83,5.17,5.22,5.23,33.53,38.39,38.55,38.57,38.58,0.59,1,0,0
1741899121,4.206,102.41,13,0,99.29,25.01,466,22.03,22.23,4.77,5.11,5.16,5.17,33.12,37.93,38.09,38.11,38.12,0.61,1,0,0
1741899181,4.207,102.41,12,0,99.29,24.96,464,22.04,22.21,4.53,4.87,4.93,4.94,31.4,35.97,36.14,36.17,36.18,0.6,1,0,0
1741899241,4.207,102.41,12,0,99.29,24.9,463,22,22.17,4.58,4.84,4.84,4.84,31.93,36.46,36.55,36.56,36.56,0.58,1,0,0
1741899301,4.207,102.41,13,0,99.3,24.79,463,21.92,22.22,4.3,4.55,4.55,4.55,29.99,34.25,34.33,34.34,34.34,0.58,1,0,0
1741899361,4.207,102.41,13,0,99.3,24.65,463,21.92,22.22,4.52,4.78,4.78,4.78,31.49,35.96,36.05,36.06,36.06,0.58,1,0,0
1741899421,4.206,102.41,13,0,99.3,24.55,460,21.89,22.17,3.93,4.16,4.16,4.16,27.41,31.3,31.38,31.38,31.39,0.58,1,0,0
1741899481,4.205,102.41,13,0,99.3,24.48,459,21.91,22.16,4.63,4.89,4.89,4.89,32.26,36.84,36.92,36.93,36.94,0.57,1,0,0
1741899541,4.206,102.41,13,0,99.3,24.4,458,21.91,22.17,4.34,4.59,4.59,4.59,30.25,34.55,34.63,34.64,34.65,0.58,1,0,0
1741899601,4.207,102.41,12,0,99.3,24.35,458,21.9,22.25,4.2,4.45,4.45,4.45,29.31,33.47,33.55,33.56,33.57,0.58,1,0,0
1741899661,4.205,102.41,12,0,99.3,24.3,459,21.84,22.38,4.47,4.73,4.73,4.73,31.16,35.58,35.67,35.68,35.68,0.57,1,0,0
1741899721,4.207,102.41,12,0,99.29,24.26,460,21.75,22.49,4.34,4.59,4.59,4.59,30.25,34.55,34.63,34.64,34.64,0.56,1,0,0
1741899781,4.206,102.41,13,0,99.29,24.23,462,21.72,22.64,4.88,5.16,5.16,5.16,34.04,38.87,38.97,38.98,38.98,0.59,1,0,0
1741899841,4.207,102.41,12,0,99.29,24.21,467,21.7,22.75,4.53,4.79,4.79,4.79,31.58,36.06,36.15,36.16,36.17,0.57,1,0,0
1741899901,4.207,102.41,11,0,99.29,24.24,467,21.62,22.86,4.61,4.91,4.93,4.93,32.09,36.69,36.81,36.82,36.83,0.59,1,0,0
1741899961,4.207,102.41,10,0,99.28,24.19,468,21.62,22.8,4.27,4.55,4.59,4.59,29.64,33.91,34.04,34.05,34.06,0.61,1,0,0
1741900021,4.207,102.41,10,0,99.28,24.18,470,21.61,22.97,3.78,4.04,4.07,4.08,26.25,30.04,30.16,30.18,30.19,0.62,1,0,0
1741900081,4.205,102.41,10,0,99.28,24.08,468,21.57,22.82,4.68,4.99,5.03,5.04,32.49,37.18,37.32,37.34,37.35,0.6,1,0,0
1741900141,4.206,102.41,10,0,99.28,24.07,468,21.54,22.87,4.92,5.25,5.29,5.3,34.2,39.13,39.28,39.3,39.31,0.61,1,0,0
1741900201,4.206,102.41,9,0,99.28,24.08,465,21.47,22.96,4.63,4.97,5.02,5.03,32.12,36.79,36.95,36.97,36.98,0.63,1,0,0
1741900261,4.209,102.41,9,0,99.28,24.08,463,21.44,23.09,4.57,4.94,5.02,5.04,31.6,36.25,36.45,36.49,36.49,0.63,1,0,0
1741900321,4.206,102.41,9,0,99.29,24.13,464,21.42,23.13,4.4,4.75,4.83,4.84,30.41,34.89,35.08,35.11,35.12,0.61,1,0,0
1741900381,4.207,102.41,9,0,99.29,24.07,463,21.42,23.01,4.74,5.11,5.19,5.2,32.78,37.59,37.79,37.82,37.83,0.61,1,0,0
1741900441,4.206,102.41,10,0,99.29,23.98,464,21.34,23.03,4.63,5.02,5.13,5.15,31.94,36.67,36.91,36.94,36.95,0.6,1,0,0
1741900501,4.206,102.41,10,0,99.29,23.93,464,21.29,23.09,4.64,5,5.08,5.1,32.09,36.81,37,37.03,37.04,0.61,1,0,0
1741900561,4.206,102.41,10,0,99.29,23.96,464,21.26,23.08,4.51,4.82,4.85,4.86,31.32,35.84,35.98,36,36,0.6,1,0,0
1741900621,4.207,102.41,10,0,99.29,23.92,463,21.22,23.11,4.56,4.85,4.87,4.88,31.74,36.29,36.41,36.42,36.43,0.6,1,0,0
1741900681,4.206,102.41,11,0,99.29,23.81,462,21.23,23.12,4.33,4.62,4.66,4.67,30.09,34.43,34.56,34.58,34.59,0.6,1,0,0
1741900741,4.206,102.41,11,0,99.29,23.75,462,21.26,23.22,4.78,5.07,5.07,5.07,33.32,38.07,38.17,38.18,38.18,0.59,1,0,0
1741900801,4.207,102.41,11,0,99.29,23.67,463,21.26,23.27,4.74,5.14,5.24,5.26,32.75,37.6,37.82,37.86,37.87,0.59,1,0,0
1741900861,4.207,102.41,11,0,99.29,23.72,464,21.33,23.2,4.21,4.45,4.45,4.45,29.37,33.53,33.62,33.62,33.63,0.59,1,0,0
1741900921,4.207,102.41,11,0,99.29,23.78,460,21.37,23.19,4.89,5.2,5.23,5.24,34.02,38.9,39.03,39.05,39.05,0.6,1,0,0
1741900981,4.206,102.41,10,0,99.29,23.82,470,21.46,23.26,4.66,4.94,4.95,4.95,32.48,37.11,37.21,37.22,37.23,0.59,1,0,0
1741901041,4.207,102.41,11,0,99.29,23.87,474,21.46,23.38,4.96,5.29,5.32,5.33,34.49,39.45,39.59,39.61,39.62,0.6,1,0,0
1741901101,4.207,102.41,10,0,99.29,23.86,476,21.4,23.34,4.6,4.9,4.92,4.93,31.97,36.57,36.69,36.71,36.71,0.59,1,0,0
1741901161,4.206,102.41,9,0,99.29,23.83,475,21.33,23.34,4.43,4.71,4.73,4.73,30.83,35.24,35.35,35.37,35.37,0.59,1,0,0
1741901221,4.206,102.41,9,0,99.29,23.8,473,21.32,23.31,4.72,5,5,5,32.92,37.6,37.7,37.71,37.71,0.59,1,0,0
1741901281,4.205,102.41,9,0,99.29,23.73,474,21.3,23.32,4.57,4.83,4.84,4.84,31.87,36.4,36.49,36.5,36.5,0.58,1,0,0
1741901341,4.207,102.41,8,0,99.29,23.7,471,21.22,23.22,4.56,4.83,4.83,4.83,31.81,36.33,36.42,36.43,36.43,0.57,1,0,0
1741901401,4.207,102.41,7,0,99.29,23.67,470,21.23,23.23,4.4,4.65,4.65,4.65,30.66,35.01,35.1,35.1,35.11,0.54,1,0,0
1741901461,4.205,102.41,7,0,99.29,23.69,470,21.31,23.34,4.42,4.67,4.67,4.67,30.81,35.18,35.26,35.27,35.28,0.56,1,0,0
1741901521,4.207,102.41,7,0,99.29,23.86,473,21.52,23.48,4.21,4.45,4.45,4.45,29.32,33.49,33.57,33.58,33.58,0.57,1,0,0
1741901581,4.207,102.41,7,0,99.29,24.08,475,21.76,23.38,4.05,4.31,4.34,4.34,28.17,32.22,32.33,32.34,32.35,0.59,1,0,0
1741901641,4.205,102.41,7,0,99.29,24.34,479,21.93,23.55,3.39,3.68,3.77,3.78,23.36,26.84,27.02,27.04,27.05,0.61,1,0,0
1741901701,4.206,102.41,7,0,99.29,24.56,512,22.08,24.13,3.48,3.83,3.95,3.98,23.94,27.57,27.8,27.84,27.84,0.63,1,0,0
1741901761,4.205,102.41,6,0,99.3,24.78,543,22.23,24.26,3.19,3.55,3.68,3.71,21.86,25.23,25.48,25.52,25.53,0.63,1,0,0
1741901821,4.206,102.41,6,0,99.3,24.99,552,22.36,24.23,2.98,3.29,3.41,3.43,20.41,23.53,23.74,23.78,23.79,0.64,1,0,0
1741901881,4.206,102.41,6,0,99.3,25.19,551,22.47,24.24,3.23,3.58,3.71,3.73,22.1,25.5,25.74,25.78,25.79,0.63,1,0,0
1741901941,4.206,102.41,6,0,99.3,25.33,555,22.59,24.33,2.84,3.18,3.32,3.35,19.35,22.37,22.62,22.66,22.67,0.66,1,0,0
1741902001,4.207,102.41,6,0,99.3,25.5,557,22.7,24.39,2.66,3.01,3.16,3.2,18.09,20.96,21.22,21.27,21.28,0.68,1,0,0
1741902061,4.206,102.41,6,0,99.3,25.64,560,22.82,24.39,2.77,3.13,3.29,3.33,18.87,21.86,22.13,22.18,22.19,0.65,1,0,0
1741902121,4.206,102.41,6,0,99.3,25.77,568,22.91,24.45,2.46,2.75,2.88,2.9,16.78,19.4,19.62,19.66,19.66,0.65,1,0,0
1741902181,4.206,102.41,6,0,99.31,25.88,575,22.99,24.57,2.63,2.94,3.07,3.09,17.94,20.73,20.95,20.99,21,0.65,1,0,0
1741902241,4.207,102.41,6,0,99.31,25.99,584,23.1,24.6,2.41,2.71,2.83,2.85,16.47,19.05,19.26,19.3,19.3,0.65,1,0,0
1741902301,4.205,102.41,6,0,99.31,26.09,589,23.18,24.61,3.09,3.42,3.54,3.56,21.21,24.45,24.67,24.71,24.72,0.64,1,0,0
1741902361,4.207,102.41,7,0,99.31,26.17,594,23.25,24.5,2.59,2.89,3.01,3.04,17.73,20.49,20.7,20.73,20.74,0.67,1,0,0
1741902421,4.206,102.41,7,0,99.31,26.25,597,23.35,24.54,2.91,3.3,3.48,3.51,19.78,22.93,23.23,23.28,23.29,0.67,1,0,0
1741902481,4.205,102.41,6,0,99.31,26.33,608,23.43,24.54,2.31,2.58,2.7,2.72,15.75,18.21,18.41,18.44,18.45,0.63,1,0,0
1741902541,4.206,102.41,6,0,99.31,26.38,617,23.48,24.46,2.51,2.78,2.88,2.9,17.19,19.83,20.01,20.04,20.05,0.63,1,0,0
1741902601,4.207,102.41,6,0,99.31,26.45,627,23.54,24.45,2.15,2.38,2.46,2.48,14.74,17,17.15,17.18,17.18,0.63,1,0,0
1741902661,4.206,102.41,6,0,99.31,26.5,638,23.62,24.45,2.86,3.15,3.25,3.27,19.64,22.62,22.81,22.85,22.85,0.63,1,0,0
1741902721,4.207,102.41,6,0,99.31,26.56,643,23.64,24.45,2.46,2.7,2.79,2.8,16.92,19.48,19.64,19.67,19.67,0.63,1,0,0
1741902781,4.207,102.41,6,0,99.31,26.61,645,23.7,24.37,2.53,2.77,2.84,2.85,17.45,20.06,20.21,20.23,20.24,0.63,1,0,0
1741902841,4.206,102.41,6,0,99.32,26.67,649,23.78,24.67,2.27,2.49,2.57,2.58,15.61,17.97,18.11,18.14,18.14,0.62,1,0,0
1741902901,4.204,102.41,6,0,99.32,26.67,646,23.81,24.52,2.88,3.19,3.3,3.32,19.76,22.79,22.99,23.03,23.04,0.64,1,0,0
1741902961,4.206,102.41,6,0,99.32,26.74,641,23.85,24.42,2.89,3.2,3.32,3.34,19.84,22.88,23.09,23.13,23.13,0.66,1,0,0
1741903021,4.207,102.41,6,0,99.32,26.76,635,23.87,24,3.05,3.35,3.44,3.46,21.01,24.18,24.37,24.4,24.41,0.66,1,0,0
1741903081,4.207,102.41,6,0,99.32,26.58,607,23.75,23.49,3.46,3.73,3.79,3.8,23.98,27.5,27.64,27.66,27.67,0.63,1,0,0
1741903141,4.207,102.41,6,0,99.32,26.25,571,23.49,23.11,4.36,4.66,4.7,4.71,30.31,34.69,34.82,34.84,34.85,0.63,1,0,0
1741903201,4.206,102.41,6,0,99.32,25.87,545,23.22,23.02,3.97,4.22,4.25,4.25,27.62,31.58,31.68,31.7,31.7,0.6,1,0,0
1741903261,4.206,102.41,5,0,99.32,25.69,535,23.13,22.92,4.06,4.34,4.37,4.38,28.18,32.25,32.38,32.39,32.4,0.61,1,0,0
1741903321,4.206,102.41,5,0,99.32,25.73,533,23.23,23.29,3.42,3.67,3.71,3.72,23.69,27.14,27.27,27.29,27.29,0.62,1,0,0
1741903381,4.206,102.41,5,0,99.32,25.83,547,23.37,23.31,3.85,4.14,4.19,4.2,26.72,30.62,30.76,30.78,30.78,0.61,1,0,0
1741903441,4.206,102.41,5,0,99.33,25.96,563,23.45,23.54,2.52,2.71,2.74,2.75,17.49,20.03,20.13,20.14,20.15,0.61,1,0,0
1741903501,4.207,102.41,5,0,99.33,26.1,587,23.52,23.6,3.04,3.26,3.3,3.3,21.1,24.16,24.27,24.28,24.29,0.61,1,0,0
1741903561,4.206,102.41,5,0,99.33,26.24,603,23.58,23.65,2.79,3,3.05,3.05,19.33,22.16,22.27,22.28,22.29,0.62,1,0,0
1741903621,4.207,102.41,5,0,99.33,26.36,616,23.67,23.81,2.65,2.9,2.98,2.99,18.25,20.99,21.14,21.17,21.17,0.64,1,0,0
1741903681,4.206,102.41,4,0,99.33,26.48,623,23.73,23.88,2.66,2.87,2.91,2.92,18.44,21.14,21.25,21.27,21.27,0.62,1,0,0
1741903741,4.207,102.41,4,0,99.34,26.58,637,23.82,23.92,2.94,3.17,3.22,3.23,20.37,23.35,23.47,23.49,23.49,0.63,1,0,0
1741903801,4.206,102.41,4,0,99.34,26.69,639,23.88,23.87,2.85,3.11,3.18,3.2,19.68,22.61,22.77,22.79,22.8,0.64,1,0,0
1741903861,4.206,102.41,4,0,99.34,26.77,642,23.93,23.98,2.94,3.18,3.24,3.25,20.35,23.35,23.48,23.5,23.51,0.63,1,0,0
1741903921,4.207,102.41,4,0,99.34,26.83,645,23.99,23.89,3.27,3.55,3.63,3.64,22.55,25.9,26.06,26.09,26.1,0.64,1,0,0
1741903981,4.205,102.41,4,0,99.34,26.89,648,24,23.9,2.6,2.84,2.91,2.92,17.93,20.61,20.76,20.78,20.79,0.65,1,0,0
1741904041,4.205,102.41,4,0,99.35,26.95,647,24.08,24.05,3.44,3.76,3.86,3.88,23.68,27.24,27.44,27.47,27.48,0.63,1,0,0
1741904101,4.206,102.41,4,0,99.35,27,653,24.13,24.02,3.37,3.72,3.85,3.87,23.15,26.67,26.9,26.94,26.95,0.65,1,0,0
1741904161,4.205,102.41,4,0,99.35,27.06,654,24.18,24.04,2.84,3.12,3.22,3.24,19.5,22.46,22.65,22.68,22.69,0.65,1,0,0
1741904221,4.206,102.41,4,0,99.35,27.1,655,24.19,24.06,3.23,3.56,3.68,3.71,22.14,25.52,25.74,25.78,25.79,0.67,1,0,0
1741904281,4.206,102.41,4,0,99.35,27.15,664,24.27,24.16,3.62,4.11,4.34,4.39,24.56,28.49,28.87,28.94,28.95,0.69,1,0,0
1741904341,4.207,102.41,3,0,99.36,27.2,671,24.28,24.12,3.77,4.22,4.41,4.45,25.7,29.72,30.05,30.1,30.11,0.64,1,0,0
1741904401,4.206,102.41,3,0,99.36,27.25,677,24.36,24.13,3.63,4.16,4.42,4.47,24.56,28.55,28.96,29.04,29.05,0.67,1,0,0
1741904461,4.207,102.41,3,0,99.36,27.3,681,24.38,24.19,4.22,4.85,5.17,5.23,28.51,33.17,33.67,33.76,33.78,0.66,1,0,0
1741904521,4.206,102.41,3,0,99.36,27.37,691,24.42,24.2,4.14,4.86,5.24,5.32,27.75,32.44,33.03,33.14,33.16,0.68,1,0,0
1741904581,4.206,102.41,3,0,99.36,27.49,695,24.46,24.21,3.55,4.07,4.32,4.37,24.02,27.92,28.33,28.4,28.41,0.66,1,0,0
1741904641,4.205,102.41,3,0,99.36,27.55,701,24.52,24.25,4.35,4.9,5.15,5.2,29.57,34.25,34.67,34.75,34.76,0.67,1,0,0
1741904701,4.207,102.41,3,0,99.36,27.61,703,24.55,24.27,4.31,4.85,5.08,5.13,29.39,34.01,34.41,34.48,34.49,0.67,1,0,0
1741904761,4.209,102.41,3,0,99.36,27.71,705,24.59,24.23,5.13,5.8,6.11,6.17,34.89,40.43,40.94,41.03,41.05,0.67,1,0,0
1741904821,4.206,102.41,3,0,99.36,27.8,709,24.64,24.31,4.66,5.31,5.62,5.68,31.59,36.67,37.18,37.27,37.28,0.68,1,0,0
1741904881,4.207,102.41,3,0,99.36,27.88,714,24.69,24.3,4.88,5.61,5.97,6.04,33.01,38.38,38.96,39.06,39.08,0.68,1,0,0
1741904941,4.206,102.41,3,0,99.36,27.94,714,24.71,24.31,5.27,6.09,6.51,6.6,35.53,41.38,42.04,42.16,42.18,0.67,1,0,0
1741905001,4.205,102.41,3,0,99.36,28,717,24.76,24.3,5.03,5.73,6.06,6.12,34.12,39.6,40.14,40.23,40.25,0.69,1,0,0
1741905061,4.206,102.41,3,0,99.36,28.07,723,24.78,24.33,5.03,5.8,6.19,6.27,33.89,39.46,40.08,40.19,40.21,0.68,1,0,0
1741905121,4.207,102.41,3,0,99.36,28.13,729,24.85,24.38,5.39,6.36,6.9,7.01,35.99,42.14,42.96,43.11,43.14,0.7,1,0,0
1741905181,4.206,102.41,3,0,99.37,28.19,736,24.89,24.43,5.88,7.09,7.8,7.94,38.88,45.77,46.84,47.03,47.07,0.72,1,0,0
1741905241,4.206,102.41,3,0,99.37,28.24,740,24.9,24.4,6.34,7.46,8.08,8.2,42.39,49.6,50.54,50.71,50.74,0.72,1,0,0
1741905301,4.206,102.41,3,0,99.37,28.29,747,24.95,24.4,6.36,7.56,8.23,8.37,42.34,49.66,50.68,50.87,50.91,0.7,1,0,0
1741905361,4.206,102.41,3,0,99.37,28.32,752,25,24.41,6.83,8.16,8.93,9.08,45.35,53.26,54.42,54.63,54.66,0.71,1,0,0
1741905421,4.206,102.41,3,0,99.37,28.35,755,25.03,24.42,5.88,6.92,7.48,7.6,39.36,46.04,46.91,47.07,47.09,0.66,1,0,0
1741905481,4.205,102.41,3,0,99.37,28.39,754,25.05,24.45,6.49,7.6,8.21,8.33,43.46,50.79,51.73,51.9,51.93,0.69,1,0,0
1741905541,4.206,102.41,3,0,99.38,28.44,757,25.09,24.45,6.63,7.73,8.31,8.43,44.53,51.97,52.88,53.04,53.07,0.68,1,0,0
1741905601,4.206,102.41,2,0,99.38,28.46,763,25.1,24.48,6.61,7.57,8.03,8.12,44.75,52,52.75,52.89,52.91,0.67,1,0,0
1741905661,4.205,102.41,2,0,99.38,28.49,768,25.15,24.54,7.29,8.5,9.14,9.27,48.96,57.15,58.15,58.33,58.36,0.71,1,0,0
1741905721,4.205,102.41,2,0,99.38,28.51,780,25.17,24.53,7.6,8.85,9.52,9.65,51.01,59.54,60.57,60.76,60.79,0.7,1,0,0
1741905781,4.207,102.41,2,0,99.38,28.54,784,25.19,24.52,7.25,8.48,9.14,9.27,48.64,56.82,57.84,58.03,58.06,0.69,1,0,0
1741905841,4.206,102.41,2,0,99.38,28.55,786,25.23,24.6,7,8.22,8.87,9.01,46.87,54.79,55.81,55.99,56.03,0.66,1,0,0
1741905901,4.206,102.41,2,0,99.38,28.57,796,25.23,24.63,6.98,8.35,9.13,9.28,46.38,54.48,55.65,55.87,55.91,0.71,1,0,0
1741905961,4.207,102.41,2,0,99.38,28.61,799,25.28,24.64,8,9.54,10.42,10.59,53.24,62.48,63.81,64.05,64.09,0.71,1,0,0
1741906021,4.206,102.41,2,0,99.38,28.64,800,25.29,24.64,7.51,8.78,9.46,9.6,50.36,58.82,59.87,60.07,60.1,0.72,1,0,0
1741906081,4.205,102.41,2,0,99.38,28.66,802,25.31,24.6,6.66,7.86,8.52,8.65,44.48,52.08,53.09,53.28,53.31,0.71,1,0,0
1741906141,4.206,102.41,2,0,99.38,28.69,802,25.34,24.69,7.83,9.07,9.71,9.84,52.67,61.39,62.4,62.58,62.62,0.69,1,0,0
1741906201,4.206,102.41,2,0,99.38,28.7,804,25.36,24.71,8.08,9.17,9.69,9.79,54.82,63.59,64.43,64.58,64.61,0.65,1,0,0
1741906261,4.207,102.41,2,0,99.38,28.72,807,25.41,24.68,7.35,8.69,9.44,9.58,49.07,57.48,58.61,58.82,58.86,0.74,1,0,0
1741906321,4.207,102.41,2,0,99.38,28.75,810,25.42,24.74,7.53,9.06,9.94,10.12,49.92,58.72,60.05,60.3,60.34,0.73,1,0,0
1741906381,4.207,102.41,2,0,99.38,28.77,815,25.42,24.74,7.72,8.93,9.56,9.68,51.98,60.56,61.55,61.73,61.76,0.69,1,0,0
1741906441,4.205,102.41,2,0,99.38,28.79,815,25.42,24.68,7.72,8.94,9.56,9.69,51.94,60.53,61.52,61.7,61.73,0.67,1,0,0
1741906501,4.205,102.41,2,0,99.39,28.81,818,25.43,24.73,7.72,9.03,9.74,9.88,51.76,60.47,61.56,61.75,61.79,0.66,1,0,0
1741906561,4.205,102.41,2,0,99.39,28.82,819,25.44,24.85,7.95,9.38,10.16,10.32,53.15,62.21,63.42,63.63,63.67,0.67,1,0,0
1741906621,4.206,102.41,1,0,99.39,28.84,825,25.47,24.82,8.15,9.26,9.77,9.88,55.3,64.15,65,65.15,65.18,0.67,1,0,0
1741906681,4.206,102.41,2,0,99.39,28.86,828,25.5,24.85,7.5,8.45,8.87,8.95,51.04,59.1,59.81,59.93,59.95,0.65,1,0,0
1741906741,4.206,102.41,1,0,99.39,28.88,831,25.52,24.84,8.31,9.68,10.4,10.54,55.85,65.16,66.29,66.49,66.53,0.71,1,0,0
1741906801,4.207,102.41,1,0,99.39,28.89,838,25.52,24.91,8.05,9.64,10.56,10.74,53.43,62.79,64.17,64.42,64.47,0.74,1,0,0
1741906861,4.206,102.41,1,0,99.39,28.91,842,25.56,24.92,7.62,8.94,9.64,9.79,51.05,59.67,60.77,60.97,61,0.69,1,0,0
1741906921,4.206,102.41,1,0,99.39,28.93,847,25.57,25.02,7.96,9.2,9.84,9.96,53.66,62.5,63.5,63.68,63.72,0.68,1,0,0
1741906981,4.205,102.41,1,0,99.39,28.95,852,25.6,24.99,8.18,9.34,9.9,10.01,55.42,64.36,65.26,65.42,65.45,0.67,1,0,0
1741907041,4.207,102.41,1,0,99.39,29,854,25.6,25.05,9.01,10.36,11.02,11.16,60.89,70.83,71.89,72.08,72.12,0.7,1,0,0
1741907101,4.206,102.41,1,0,99.39,29.03,857,25.6,25.1,7.6,8.89,9.58,9.72,50.97,59.54,60.62,60.81,60.84,0.72,1,0,0
1741907161,4.206,102.41,1,0,99.39,29.06,862,25.64,25.23,8.16,9.56,10.32,10.47,54.69,63.91,65.08,65.29,65.33,0.7,1,0,0
1741907221,4.206,102.41,1,0,99.39,29.08,867,25.66,25.23,8.13,9.38,10.01,10.14,54.85,63.86,64.86,65.04,65.08,0.69,1,0,0
1741907281,4.206,102.41,1,0,99.4,29.12,868,25.67,25.19,9.02,10.33,10.97,11.1,60.97,70.87,71.91,72.09,72.12,0.68,1,0,0
1741907341,4.206,102.41,1,0,99.39,29.1,868,25.69,25.2,8.25,9.57,10.26,10.4,55.49,64.69,65.77,65.97,66,0.69,1,0,0
1741907401,4.206,102.41,1,0,99.4,29.13,868,25.71,25.11,9.2,10.63,11.36,11.51,61.96,72.17,73.33,73.54,73.58,0.67,1,0,0
1741907461,4.206,102.41,1,0,99.39,29.13,869,25.72,25.21,8.19,9.75,10.63,10.8,54.51,63.95,65.28,65.53,65.57,0.7,1,0,0
1741907521,4.205,102.41,1,0,99.4,29.15,872,25.75,25.17,8.03,9.41,10.14,10.29,53.86,62.93,64.07,64.27,64.31,0.69,1,0,0
1741907581,4.206,102.41,1,0,99.4,29.15,873,25.79,25.2,8.44,9.59,10.14,10.25,57.24,66.41,67.3,67.46,67.49,0.66,1,0,0
1741907641,4.205,102.41,1,0,99.4,29.16,875,25.78,25.21,8.81,10.15,10.82,10.95,59.48,69.22,70.29,70.48,70.51,0.72,1,0,0
1741907701,4.206,102.41,1,0,99.4,29.2,877,25.8,25.23,8.98,10.58,11.45,11.63,60.06,70.27,71.62,71.86,71.9,0.72,1,0,0
1741907761,4.206,102.41,1,0,99.4,29.2,879,25.81,25.25,8.3,9.78,10.59,10.75,55.46,64.9,66.15,66.37,66.41,0.69,1,0,0
1741907821,4.206,102.41,1,0,99.4,29.21,883,25.85,25.35,9.05,10.98,12.13,12.35,59.74,70.43,72.14,72.45,72.5,0.7,1,0,0
1741907881,4.206,102.41,1,0,99.41,29.23,891,25.87,25.39,8.46,10.09,11.02,11.21,56.24,66.02,67.43,67.69,67.73,0.68,1,0,0
1741907941,4.207,102.41,1,0,99.41,29.26,896,25.88,25.58,8.59,9.95,10.65,10.79,57.86,67.43,68.54,68.74,68.77,0.69,1,0,0
1741908001,4.207,102.41,1,0,99.4,29.26,899,25.87,25.6,8.89,10.21,10.86,10.99,60.02,69.81,70.86,71.05,71.08,0.69,1,0,0
1741908061,4.206,102.41,1,0,99.4,29.29,897,25.9,25.83,9.65,11.31,12.2,12.38,64.62,75.53,76.91,77.16,77.21,0.73,1,0,0
1741908121,4.206,102.41,1,0,99.4,29.29,900,25.92,26.01,9,10.95,12.11,12.34,59.3,69.97,71.7,72.02,72.07,0.74,1,0,0
1741908181,4.206,102.41,1,0,99.4,29.31,906,25.94,26.06,9.04,10.92,12.02,12.24,59.79,70.41,72.06,72.36,72.41,0.72,1,0,0
1741908241,4.206,102.41,1,0,99.41,29.33,912,25.95,26.17,9.51,10.9,11.58,11.72,64.33,74.78,75.88,76.08,76.11,0.66,1,0,0
1741908301,4.207,102.41,1,0,99.41,29.35,926,25.95,26.27,9,10.36,11.05,11.19,60.74,70.68,71.78,71.97,72.01,0.65,1,0,0
1741908361,4.206,102.41,1,0,99.41,29.36,935,25.98,26.34,8.27,9.41,9.96,10.07,56.02,65.03,65.92,66.08,66.11,0.68,1,0,0
1741908421,4.206,102.41,1,0,99.41,29.39,941,25.97,26.52,9.56,10.69,11.16,11.26,65.24,75.42,76.23,76.38,76.4,0.68,1,0,0
1741908481,4.206,102.41,1,0,99.41,29.42,943,25.99,26.48,8.78,10.12,10.79,10.93,59.22,68.93,70.01,70.2,70.23,0.73,1,0,0
1741908541,4.206,102.41,1,0,99.41,29.43,946,26.03,26.57,9.54,10.9,11.55,11.69,64.59,75.03,76.09,76.28,76.32,0.71,1,0,0
1741908601,4.205,102.41,1,0,99.41,29.45,948,26.05,26.79,7.76,8.66,9.02,9.1,53.05,61.29,61.92,62.03,62.06,0.67,1,0,0
1741908661,4.206,102.41,1,0,99.42,29.46,955,26.06,26.9,8.36,9.27,9.62,9.69,57.27,66.07,66.7,66.8,66.83,0.66,1,0,0
1741908721,4.206,102.41,1,0,99.42,29.51,956,26.06,26.76,8.92,9.94,10.34,10.43,60.98,70.43,71.15,71.27,71.3,0.67,1,0,0
1741908781,4.205,102.41,0,0,99.42,29.25,853,25.86,24.9,7.73,8.71,9.15,9.24,52.6,60.91,61.65,61.78,61.8,0.7,1,0,0
1741908841,4.206,102.41,0,0,99.41,28.93,759,25.6,24.46,7.5,8.26,8.52,8.57,51.56,59.38,59.87,59.96,59.98,0.64,1,0,0
1741908901,4.207,102.41,0,0,99.41,28.88,730,25.65,24.56,7.12,7.68,7.8,7.83,49.32,56.55,56.85,56.9,56.91,0.64,1,0,0
1741908961,4.207,102.41,1,0,99.41,28.95,727,25.72,24.6,6.65,7.2,7.33,7.36,45.98,52.77,53.07,53.12,53.14,0.63,1,0,0
1741909021,4.207,102.41,0,0,99.41,29,754,25.74,24.99,7.22,7.82,7.97,8,49.89,57.26,57.6,57.66,57.67,0.64,1,0,0
1741909081,4.206,102.41,0,0,99.41,29.07,813,25.76,25.47,6.93,7.48,7.61,7.63,47.93,54.98,55.28,55.32,55.34,0.63,1,0,0
1741909141,4.207,102.41,0,0,99.41,29.13,852,25.82,25.76,7.23,7.81,7.95,7.97,50.01,57.37,57.69,57.74,57.75,0.63,1,0,0
1741909201,4.206,102.41,0,0,99.41,29.18,875,25.84,25.98,7.28,7.94,8.13,8.17,50.22,57.73,58.12,58.19,58.2,0.64,1,0,0
1741909261,4.205,102.41,0,0,99.41,29.21,888,25.88,26.02,7.42,8.05,8.21,8.24,51.27,58.85,59.21,59.27,59.28,0.63,1,0,0
1741909321,4.206,102.41,0,0,99.41,29.25,897,25.88,26.14,7.02,7.71,7.95,8,48.23,55.53,55.99,56.06,56.08,0.64,1,0,0
1741909381,4.205,102.41,0,0,99.41,29.3,906,25.89,26.27,7.25,8.06,8.38,8.44,49.6,57.26,57.83,57.92,57.94,0.65,1,0,0
1741909441,4.207,102.41,0,0,99.42,29.35,920,25.95,26.36,7.28,8.07,8.37,8.43,49.89,57.55,58.09,58.19,58.21,0.61,1,0,0
1741909501,4.206,102.41,1,0,99.42,29.38,926,25.99,26.52,7.78,8.58,8.86,8.92,53.43,61.56,62.09,62.18,62.2,0.64,1,0,0
1741909561,4.206,102.41,1,0,99.42,29.43,936,26,26.6,8.06,8.86,9.13,9.19,55.41,63.81,64.33,64.41,64.43,0.63,1,0,0
1741909621,4.205,102.41,0,0,99.42,29.47,942,26.02,26.63,7.06,7.74,7.96,8,48.62,55.94,56.36,56.43,56.45,0.62,1,0,0
1741909681,4.206,102.41,0,0,99.42,29.5,952,26.03,26.69,7.67,8.45,8.72,8.77,52.71,60.72,61.22,61.31,61.33,0.64,1,0,0
1741909741,4.204,102.41,0,0,99.42,29.52,959,26.06,26.65,7.9,8.63,8.85,8.89,54.42,62.58,63.02,63.1,63.11,0.63,1,0,0
1741909801,4.205,102.25,1,0,99.42,29.55,958,26.08,26.72,7.53,8.22,8.44,8.48,51.86,59.63,60.06,60.13,60.15,0.65,1,0,0
1741909861,4.206,102.25,0,0,99.42,29.56,959,26.1,26.66,7.46,8.19,8.44,8.49,51.27,59.02,59.5,59.58,59.59,0.65,1,0,0
1741909921,4.205,102.25,0,0,99.42,29.59,960,26.13,26.81,7.8,8.51,8.73,8.77,53.76,61.8,62.24,62.31,62.33,0.64,1,0,0
1741909981,4.206,102.25,1,0,99.42,29.61,963,26.13,26.75,7.79,8.51,8.72,8.77,53.66,61.7,62.14,62.21,62.23,0.65,1,0,0
1741910041,4.206,102.25,0,0,99.42,29.64,963,26.13,26.78,6.99,7.76,8.07,8.13,47.83,55.21,55.74,55.84,55.86,0.67,1,0,0
1741910101,4.206,102.25,0,0,99.42,29.65,961,26.19,26.75,8.42,9.52,10.02,10.12,57.2,66.29,67.13,67.27,67.3,0.68,1,0,0
1741910161,4.206,102.25,0,0,99.42,29.67,962,26.16,26.76,7.72,8.61,8.97,9.04,52.74,60.93,61.56,61.67,61.69,0.65,1,0,0
1741910221,4.206,102.25,1,0,99.42,29.69,965,26.2,26.87,8.12,8.94,9.23,9.28,55.78,64.26,64.79,64.88,64.9,0.68,1,0,0
1741910281,4.207,102.25,0,0,99.43,29.71,968,26.22,26.8,7.61,8.38,8.66,8.72,52.23,60.18,60.69,60.78,60.8,0.65,1,0,0
1741910341,4.206,102.25,0,0,99.43,29.72,968,26.23,26.81,8.09,8.95,9.28,9.34,55.47,63.96,64.55,64.65,64.67,0.67,1,0,0
1741910401,4.206,102.25,0,0,99.43,29.75,974,26.23,26.79,6.95,7.78,8.13,8.2,47.45,54.86,55.46,55.56,55.58,0.68,1,0,0
1741910461,4.206,102.25,1,0,99.43,29.77,976,26.28,26.86,7.77,8.87,9.4,9.5,52.6,61.09,61.95,62.1,62.13,0.68,1,0,0
1741910521,4.207,102.25,0,0,99.43,29.77,985,26.26,26.86,7.55,8.41,8.76,8.83,51.6,59.6,60.22,60.32,60.35,0.65,1,0,0
1741910581,4.206,102.25,0,0,99.43,29.81,985,26.27,26.97,7.09,7.97,8.36,8.43,48.29,55.89,56.54,56.65,56.68,0.69,1,0,0
1741910641,4.206,102.25,1,0,99.43,29.82,1001,26.3,27.06,6.83,7.59,7.88,7.94,46.79,54,54.52,54.61,54.63,0.66,1,0,0
1741910701,4.205,102.25,0,0,99.43,29.84,1022,26.31,27.08,7.75,8.48,8.7,8.75,53.36,61.37,61.83,61.9,61.92,0.67,1,0,0
1741910761,4.206,102.25,0,0,99.43,29.86,1036,26.32,27.06,6.8,7.41,7.58,7.62,46.86,53.86,54.23,54.29,54.3,0.62,1,0,0
1741910821,4.206,102.25,0,0,99.43,29.87,1031,26.36,27.1,7.5,8.4,8.78,8.85,51.18,59.18,59.83,59.94,59.96,0.69,1,0,0
1741910881,4.207,102.25,0,0,99.43,29.89,1024,26.37,27.06,7.82,8.95,9.5,9.62,52.91,61.49,62.38,62.54,62.57,0.69,1,0,0
1741910941,4.206,102.25,1,0,99.43,29.89,1026,26.41,27.17,7.21,8.29,8.83,8.94,48.72,56.68,57.54,57.69,57.72,0.67,1,0,0
1741911001,4.207,102.41,0,0,99.43,29.9,1023,26.41,27.16,7.3,8.23,8.65,8.73,49.72,57.57,58.26,58.38,58.41,0.66,1,0,0
1741911061,4.206,102.41,0,0,99.43,29.91,1015,26.43,27.06,7.92,8.88,9.29,9.38,54.03,62.49,63.2,63.32,63.34,0.67,1,0,0
1741911121,4.205,102.41,0,0,99.43,29.92,1016,26.43,27.03,7.62,8.43,8.74,8.8,52.25,60.25,60.8,60.9,60.92,0.67,1,0,0
1741911181,4.206,102.25,0,0,99.43,29.94,1017,26.43,27.06,7.05,7.75,7.99,8.04,48.46,55.81,56.26,56.34,56.36,0.65,1,0,0
1741911241,4.205,102.25,0,0,99.43,29.95,1023,26.44,27.15,6.58,7.15,7.32,7.35,45.37,52.12,52.47,52.52,52.53,0.62,1,0,0
1741911301,4.206,102.25,0,0,99.44,29.98,1030,26.45,27.25,7.15,7.73,7.86,7.89,49.49,56.77,57.09,57.14,57.15,0.62,1,0,0
1741911361,4.207,102.25,0,0,99.44,29.99,1039,26.45,27.35,7.89,8.74,9.06,9.13,54.04,62.34,62.92,63.02,63.05,0.65,1,0,0
1741911421,4.206,102.41,0,0,99.44,29.99,1053,26.47,27.24,7.52,8.39,8.74,8.82,51.38,59.36,59.98,60.09,60.11,0.65,1,0,0
1741911481,4.206,102.41,1,0,99.44,30.02,1057,26.48,27.41,7.49,8.44,8.85,8.93,51.03,59.08,59.78,59.9,59.92,0.63,1,0,0
1741911541,4.206,102.41,0,0,99.44,30.04,1062,26.48,27.35,7.7,8.4,8.6,8.64,53.07,61,61.43,61.5,61.51,0.61,1,0,0
1741911601,4.206,102.41,0,0,99.44,30.06,1066,26.5,27.35,7.66,8.29,8.43,8.46,53.01,60.81,61.16,61.21,61.23,0.62,1,0,0
1741911661,4.207,102.41,0,0,99.44,30.07,1069,26.5,27.47,7.93,8.72,9,9.06,54.45,62.72,63.24,63.33,63.35,0.64,1,0,0
1741911721,4.206,102.41,1,0,99.44,30.1,1075,26.53,27.48,7.72,8.47,8.71,8.76,53.12,61.14,61.61,61.69,61.71,0.64,1,0,0
1741911781,4.206,102.41,0,0,99.44,30.1,1077,26.51,27.43,7.09,8.05,8.49,8.58,48.1,55.79,56.52,56.65,56.68,0.69,1,0,0
1741911841,4.207,102.41,0,0,99.44,30.11,1078,26.52,27.49,7.26,8.36,8.91,9.02,49.03,57.05,57.93,58.09,58.12,0.68,1,0,0
1741911901,4.205,102.41,0,0,99.44,30.11,1081,26.51,27.49,6.88,7.91,8.43,8.53,46.44,54.03,54.86,55.01,55.03,0.7,1,0,0
1741911961,4.206,102.41,0,0,99.44,30.14,1081,26.54,27.49,6.59,7.46,7.86,7.94,44.75,51.87,52.54,52.65,52.67,0.68,1,0,0
1741912021,4.206,102.25,0,0,99.44,30.15,1087,26.58,27.47,7.08,7.89,8.23,8.29,48.37,55.88,56.46,56.56,56.58,0.66,1,0,0
1741912081,4.205,102.25,1,0,99.44,30.17,1086,26.59,27.5,7.18,8,8.33,8.4,49.08,56.68,57.27,57.37,57.39,0.67,1,0,0
1741912141,4.205,102.25,0,0,99.44,30.19,1089,26.57,27.6,7.56,8.26,8.48,8.52,52.07,59.88,60.32,60.39,60.41,0.66,1,0,0
1741912201,4.206,102.25,1,0,99.44,30.2,1094,26.59,27.53,7.37,8.09,8.33,8.38,50.71,58.36,58.82,58.9,58.92,0.63,1,0,0
1741912261,4.206,102.25,0,0,99.45,30.2,1096,26.6,27.58,7.43,8.23,8.53,8.59,50.95,58.76,59.31,59.4,59.42,0.64,1,0,0
1741912321,4.205,102.25,0,0,99.45,30.23,1095,26.6,27.53,7.09,7.94,8.3,8.37,48.37,55.94,56.56,56.66,56.68,0.62,1,0,0
1741912381,4.206,102.25,0,0,99.45,30.22,1095,26.63,27.58,7.87,8.63,8.88,8.93,54.16,62.33,62.81,62.89,62.91,0.61,1,0,0
1741912441,4.206,102.25,1,0,99.46,30.24,1111,26.64,27.72,7.68,8.4,8.63,8.68,52.84,60.79,61.25,61.32,61.34,0.62,1,0,0
1741912501,4.207,102.25,0,0,99.45,30.26,1118,26.66,27.67,7.88,8.61,8.83,8.88,54.25,62.38,62.84,62.91,62.93,0.64,1,0,0
1741912561,4.206,102.25,0,0,99.45,30.27,1122,26.64,27.61,8.48,9.22,9.42,9.47,58.53,67.23,67.67,67.74,67.75,0.63,1,0,0
1741912621,4.206,102.25,0,0,99.45,30.27,1120,26.67,27.66,7.97,8.72,8.97,9.02,54.83,63.09,63.56,63.64,63.66,0.63,1,0,0
1741912681,4.205,102.25,0,0,99.45,30.28,1123,26.7,27.62,7.36,7.96,8.11,8.14,50.88,58.38,58.72,58.77,58.79,0.62,1,0,0
1741912741,4.205,102.25,0,0,99.45,30.28,1124,26.7,27.61,7.91,8.63,8.84,8.89,54.48,62.63,63.08,63.15,63.17,0.66,1,0,0
1741912801,4.207,102.25,1,0,99.45,30.29,1124,26.74,27.68,8.2,8.93,9.14,9.18,56.54,64.98,65.42,65.49,65.5,0.63,1,0,0
1741912861,4.207,102.25,0,0,99.45,30.3,1126,26.72,27.66,6.89,7.46,7.6,7.63,47.63,54.67,54.99,55.04,55.05,0.63,1,0,0
1741912921,4.205,102.25,0,0,99.45,30.3,1127,26.75,27.64,7.6,8.22,8.36,8.39,52.6,60.35,60.68,60.73,60.75,0.64,1,0,0
1741912981,4.207,102.25,0,0,99.45,30.3,1123,26.77,27.66,7.51,8.18,8.37,8.4,51.81,59.54,59.93,60,60.01,0.65,1,0,0
1741913041,4.206,102.25,0,0,99.45,30.33,1121,26.76,27.66,7.14,7.73,7.88,7.91,49.34,56.63,56.97,57.02,57.04,0.62,1,0,0
1741913101,4.205,102.25,0,0,99.45,30.33,1123,26.73,27.72,7.59,8.11,8.18,8.19,52.68,60.29,60.53,60.57,60.58,0.61,1,0,0
1741913161,4.206,102.25,0,0,99.44,30.36,1122,26.76,27.85,7.52,8.09,8.2,8.23,52.11,59.73,60.02,60.07,60.08,0.62,1,0,0
1741913221,4.206,102.25,0,0,99.44,30.36,1121,26.77,27.77,7.1,7.69,7.83,7.86,49.08,56.32,56.65,56.71,56.72,0.65,1,0,0
1741913281,4.207,102.25,0,0,99.44,30.39,1122,26.79,27.74,6.79,7.32,7.43,7.46,46.97,53.86,54.14,54.19,54.2,0.64,1,0,0
1741913341,4.206,102.25,0,0,99.44,30.39,1132,26.79,27.73,7.02,7.47,7.51,7.51,48.81,55.81,56,56.03,56.03,0.62,1,0,0
1741913401,4.205,102.25,0,0,99.44,30.39,1140,26.79,27.78,6.37,6.85,6.93,6.95,44.17,50.61,50.85,50.89,50.9,0.64,1,0,0
1741913461,4.205,102.25,1,0,99.44,30.41,1141,26.8,27.78,6.79,7.32,7.43,7.45,47.04,53.93,54.21,54.25,54.26,0.62,1,0,0
1741913521,4.206,102.25,0,0,99.44,30.41,1141,26.82,27.77,6.66,7.13,7.2,7.22,46.24,52.94,53.16,53.19,53.2,0.6,1,0,0
1741913581,4.206,102.25,0,0,99.45,30.42,1143,26.79,27.75,6.61,7.04,7.08,7.09,46,52.61,52.78,52.81,52.82,0.59,1,0,0
1741913641,4.206,102.25,0,0,99.45,30.43,1141,26.82,27.74,6.35,6.77,6.82,6.83,44.13,50.49,50.67,50.7,50.71,0.62,1,0,0
1741913701,4.206,102.25,0,0,99.45,30.44,1138,26.84,27.77,7.12,7.66,7.76,7.78,49.3,56.51,56.79,56.83,56.84,0.62,1,0,0
1741913761,4.207,102.25,0,0,99.45,30.44,1139,26.86,27.75,7.43,7.99,8.1,8.13,51.47,58.99,59.28,59.33,59.34,0.62,1,0,0
1741913821,4.206,102.25,0,0,99.45,30.45,1139,26.85,27.8,7.09,7.67,7.81,7.83,48.99,56.21,56.54,56.59,56.6,0.64,1,0,0
1741913881,4.206,102.25,1,0,99.45,30.46,1145,26.86,27.86,6.69,7.23,7.36,7.38,46.29,53.1,53.4,53.44,53.46,0.65,1,0,0
1741913941,4.206,102.25,0,0,99.46,30.46,1152,26.88,27.8,7.59,8.15,8.25,8.27,52.59,60.26,60.54,60.58,60.59,0.64,1,0,0
1741914001,4.206,102.25,0,0,99.46,30.46,1156,26.88,27.85,7.49,8.1,8.25,8.28,51.8,59.44,59.78,59.83,59.84,0.66,1,0,0
1741914061,4.205,102.25,0,0,99.46,30.48,1156,26.89,27.88,7.43,8.03,8.17,8.2,51.37,58.94,59.27,59.33,59.34,0.65,1,0,0
1741914121,4.205,102.25,1,0,99.46,30.47,1155,26.9,27.78,6.77,7.37,7.55,7.58,46.66,53.62,53.99,54.05,54.06,0.64,1,0,0
1741914181,4.206,102.25,0,0,99.47,30.49,1157,26.89,27.88,7.21,7.8,7.95,7.98,49.8,57.16,57.5,57.55,57.56,0.61,1,0,0
1741914241,4.205,102.25,0,0,99.47,30.48,1163,26.91,27.99,7.57,8.11,8.2,8.22,52.55,60.18,60.44,60.48,60.49,0.61,1,0,0
1741914301,4.207,102.25,0,0,99.48,30.5,1167,26.91,28.01,7.44,8.18,8.44,8.49,51.15,58.9,59.38,59.46,59.48,0.63,1,0,0
1741914361,4.205,102.25,1,0,99.48,30.51,1169,26.92,27.92,7.09,7.7,7.86,7.89,48.97,56.23,56.59,56.64,56.66,0.63,1,0,0
1741914421,4.206,102.25,0,0,99.48,30.53,1168,26.91,27.93,7.68,8.32,8.49,8.52,53.04,60.88,61.25,61.31,61.33,0.62,1,0,0
1741914481,4.205,102.25,0,0,99.48,30.54,1165,26.94,27.93,7.43,8.06,8.23,8.26,51.34,58.95,59.32,59.37,59.39,0.62,1,0,0
1741914541,4.205,102.25,0,0,99.48,30.55,1164,26.94,27.91,7.28,7.91,8.07,8.1,50.3,57.75,58.11,58.17,58.19,0.62,1,0,0
1741914601,4.206,102.25,1,0,99.48,30.55,1166,26.94,27.94,6.97,7.58,7.75,7.78,48.11,55.26,55.62,55.68,55.7,0.61,1,0,0
1741914661,4.206,102.25,0,0,99.48,30.55,1166,26.93,27.93,6.5,7,7.11,7.13,45.01,51.6,51.87,51.91,51.92,0.62,1,0,0
1741914721,4.206,102.25,0,0,99.48,30.56,1168,26.98,27.92,6.61,7.07,7.13,7.15,45.9,52.54,52.75,52.78,52.79,0.59,1,0,0
1741914781,4.206,102.25,0,0,99.48,30.56,1172,26.98,27.95,6.99,7.49,7.58,7.6,48.44,55.49,55.74,55.78,55.79,0.63,1,0,0
1741914841,4.206,102.25,0,0,99.48,30.56,1174,26.95,27.98,7.42,8.05,8.22,8.26,51.22,58.82,59.19,59.24,59.26,0.66,1,0,0
1741914901,4.206,102.25,0,0,99.48,30.56,1174,26.98,27.9,6.95,7.45,7.53,7.55,48.22,55.22,55.47,55.5,55.51,0.64,1,0,0
1741914961,4.206,102.25,1,0,99.48,30.57,1175,26.98,27.92,7,7.67,7.89,7.94,48.14,55.4,55.83,55.9,55.92,0.69,1,0,0
1741915021,4.206,102.25,0,0,99.48,30.59,1172,27.01,27.92,7.3,8.04,8.31,8.36,50.1,57.72,58.22,58.3,58.32,0.65,1,0,0
1741915081,4.206,102.25,1,0,99.48,30.59,1171,26.99,27.92,6.19,6.76,6.92,6.96,42.7,49.08,49.43,49.48,49.5,0.65,1,0,0
1741915141,4.205,102.25,1,0,99.49,30.6,1171,26.99,27.97,6.62,7.19,7.34,7.37,45.74,52.53,52.86,52.91,52.92,0.64,1,0,0
1741915201,4.206,102.25,0,0,99.49,30.62,1169,27.02,28,6.72,7.39,7.61,7.66,46.2,53.2,53.63,53.7,53.72,0.66,1,0,0
1741915261,4.206,102.25,0,0,99.49,30.63,1172,27.02,27.97,7.35,8.07,8.3,8.35,50.56,58.2,58.65,58.73,58.75,0.65,1,0,0
1741915321,4.206,102.25,0,0,99.48,30.62,1178,27.02,28.06,7.61,8.25,8.41,8.45,52.53,60.31,60.68,60.74,60.75,0.62,1,0,0
1741915381,4.206,102.25,0,0,99.48,30.63,1194,27.02,27.99,6.77,7.36,7.52,7.55,46.76,53.71,54.05,54.11,54.12,0.62,1,0,0
1741915441,4.206,102.25,0,0,99.49,30.65,1195,27.04,28.05,7.06,7.78,8.04,8.09,48.43,55.81,56.3,56.38,56.39,0.63,1,0,0
1741915501,4.207,102.25,1,0,99.49,30.67,1198,27.03,27.97,6.89,7.6,7.85,7.9,47.27,54.47,54.94,55.02,55.04,0.67,1,0,0
1741915561,4.206,102.25,0,0,99.49,30.65,1194,27.04,27.98,6.3,6.86,7.03,7.06,43.44,49.93,50.27,50.32,50.33,0.65,1,0,0
1741915621,4.205,102.25,1,0,99.49,30.66,1196,27.06,27.99,7.29,8.03,8.29,8.34,50.04,57.65,58.14,58.22,58.24,0.68,1,0,0
1741915681,4.207,102.25,0,0,99.48,30.66,1199,27.06,27.98,6.8,7.55,7.85,7.91,46.51,53.69,54.21,54.3,54.32,0.68,1,0,0
1741915741,4.206,102.25,1,0,99.49,30.67,1202,27.06,27.97,6.51,7.16,7.39,7.43,44.69,51.47,51.9,51.98,51.99,0.66,1,0,0
1741915801,4.206,102.25,0,0,99.49,30.68,1204,27.06,28.06,6.69,7.38,7.63,7.68,45.92,52.91,53.37,53.45,53.47,0.64,1,0,0
1741915861,4.206,102.25,1,0,99.49,30.7,1207,27.08,28.03,6.42,6.99,7.15,7.18,44.26,50.86,51.2,51.25,51.27,0.62,1,0,0
1741915921,4.205,102.25,1,0,99.49,30.71,1209,27.09,28.08,6.41,7,7.18,7.21,44.14,50.76,51.12,51.18,51.19,0.63,1,0,0
1741915981,4.205,102.25,1,0,99.5,30.71,1212,27.07,28.06,6.95,7.51,7.64,7.66,48.08,55.15,55.46,55.5,55.52,0.62,1,0,0
1741916041,4.206,102.25,0,0,99.5,30.7,1212,27.09,28.12,5.81,6.32,6.47,6.5,40.08,46.05,46.35,46.4,46.42,0.64,1,0,0
1741916101,4.207,102.25,1,0,99.5,30.71,1212,27.09,28.1,6.84,7.45,7.64,7.67,47.12,54.17,54.54,54.6,54.62,0.65,1,0,0
1741916161,4.206,102.25,0,0,99.49,30.72,1211,27.1,28.11,6.82,7.43,7.61,7.64,47.01,54.03,54.4,54.46,54.48,0.64,1,0,0
1741916221,4.206,102.25,0,0,99.49,30.73,1212,27.12,28.16,6.25,6.8,6.96,6.99,43.11,49.53,49.87,49.92,49.93,0.66,1,0,0
1741916281,4.206,102.25,0,0,99.49,30.74,1212,27.13,28.12,6.42,6.93,7.04,7.06,44.47,50.99,51.26,51.3,51.31,0.62,1,0,0
1741916341,4.206,102.25,0,0,99.5,30.73,1213,27.11,28.2,6.54,7.12,7.28,7.32,45.1,51.82,52.17,52.22,52.24,0.62,1,0,0
1741916401,4.205,102.25,0,0,99.5,30.74,1216,27.14,28.11,7.04,7.66,7.84,7.87,48.58,55.82,56.19,56.25,56.26,0.61,1,0,0
1741916461,4.205,102.25,0,0,99.5,30.74,1218,27.13,28.21,6.48,7.05,7.2,7.23,44.76,51.41,51.74,51.79,51.8,0.63,1,0,0
1741916521,4.206,102.25,0,0,99.5,30.77,1219,27.15,28.14,6.67,7.19,7.31,7.33,46.16,52.93,53.21,53.26,53.27,0.63,1,0,0
1741916581,4.206,102.25,0,0,99.5,30.76,1219,27.15,28.15,6.58,7.14,7.28,7.31,45.42,52.15,52.47,52.52,52.54,0.62,1,0,0
1741916641,4.206,102.25,1,0,99.49,30.77,1221,27.14,28.16,5.7,6.16,6.26,6.28,39.42,45.22,45.47,45.51,45.52,0.61,1,0,0
1741916701,4.205,102.25,0,0,99.49,30.78,1220,27.16,28.18,6.48,6.96,7.05,7.07,44.92,51.47,51.71,51.75,51.76,0.61,1,0,0
1741916761,4.206,102.25,0,0,99.49,30.77,1225,27.14,28.1,6.22,6.78,6.95,6.98,42.89,49.29,49.63,49.69,49.7,0.63,1,0,0
1741916821,4.206,102.25,0,0,99.49,30.78,1233,27.17,28.24,6.09,6.65,6.83,6.86,41.96,48.25,48.6,48.66,48.67,0.64,1,0,0
1741916881,4.206,102.25,0,0,99.48,30.78,1242,27.18,28.28,6.32,6.8,6.9,6.92,43.78,50.19,50.44,50.48,50.49,0.61,1,0,0
1741916941,4.206,102.25,1,0,99.48,30.74,1215,27.17,27.6,5.81,6.2,6.24,6.25,40.41,46.23,46.4,46.42,46.43,0.6,1,0,0
1741917001,4.206,102.25,0,0,99.48,30.23,915,26.72,25.3,5.84,6.23,6.26,6.27,40.62,46.47,46.63,46.65,46.66,0.62,1,0,0
1741917061,4.206,102.25,0,0,99.48,29.98,805,26.64,25.04,5.66,6.03,6.06,6.07,39.37,45.02,45.18,45.2,45.21,0.62,1,0,0
1741917121,4.207,102.25,0,0,99.48,29.97,784,26.68,25.35,5.54,5.93,5.98,5.99,38.48,44.05,44.23,44.25,44.26,0.64,1,0,0
1741917181,4.206,102.25,0,0,99.48,30.01,829,26.76,25.9,5.72,6.09,6.13,6.14,39.76,45.48,45.64,45.66,45.67,0.61,1,0,0
1741917241,4.206,102.25,0,0,99.48,30.09,963,26.78,26.41,5.64,6.03,6.08,6.09,39.17,44.83,45,45.03,45.04,0.64,1,0,0
1741917301,4.206,102.25,1,0,99.48,30.17,1023,26.8,26.67,5.48,5.95,6.08,6.1,37.79,43.41,43.69,43.73,43.74,0.65,1,0,0
1741917361,4.206,102.25,0,0,99.48,30.24,1040,26.83,26.87,5.5,5.92,6.01,6.03,38.06,43.64,43.86,43.9,43.91,0.65,1,0,0
1741917421,4.205,102.25,0,0,99.48,30.29,1054,26.86,26.99,4.96,5.36,5.45,5.46,34.32,39.36,39.58,39.61,39.62,0.66,1,0,0
1741917481,4.205,102.25,0,0,99.48,30.35,1064,26.87,27.06,5.54,5.94,6,6.02,38.42,44,44.19,44.22,44.23,0.62,1,0,0
1741917541,4.206,102.25,0,0,99.48,30.39,1065,26.89,27.12,5.71,6.12,6.18,6.2,39.6,45.35,45.55,45.58,45.59,0.62,1,0,0
1741917601,4.206,102.25,0,0,99.48,30.43,1066,26.89,27.07,5.16,5.65,5.8,5.83,35.56,40.9,41.2,41.25,41.26,0.66,1,0,0
1741917661,4.206,102.25,0,0,99.48,30.45,1070,26.9,27.17,5.57,6.03,6.15,6.18,38.47,44.16,44.42,44.47,44.48,0.64,1,0,0
1741917721,4.206,102.25,0,0,99.48,30.51,1074,26.95,27.11,5.31,5.76,5.87,5.89,36.71,42.14,42.4,42.44,42.45,0.63,1,0,0
1741917781,4.206,102.25,0,0,99.48,30.52,1077,26.95,27.15,4.91,5.32,5.43,5.45,33.95,38.97,39.2,39.24,39.25,0.66,1,0,0
1741917841,4.205,102.25,1,0,99.48,30.57,1083,26.96,27.23,5.73,6.22,6.34,6.36,39.61,45.47,45.75,45.79,45.8,0.64,1,0,0
1741917901,4.206,102.25,1,0,99.48,30.56,1087,27,27.26,5.09,5.51,5.62,5.64,35.14,40.34,40.58,40.62,40.63,0.66,1,0,0
1741917961,4.207,102.25,0,0,99.48,30.58,1088,27,27.3,5.13,5.58,5.7,5.73,35.38,40.64,40.91,40.95,40.96,0.65,1,0,0
1741918021,4.206,102.25,0,0,99.48,30.61,1090,27.01,27.27,5.22,5.68,5.82,5.84,35.97,41.33,41.62,41.66,41.67,0.67,1,0,0
1741918081,4.207,102.25,0,0,99.48,30.62,1090,27.03,27.26,5.17,5.63,5.76,5.78,35.67,40.99,41.26,41.3,41.31,0.66,1,0,0
1741918141,4.206,102.25,0,0,99.48,30.62,1087,27.04,27.21,5.37,5.79,5.88,5.9,37.17,42.62,42.85,42.88,42.89,0.64,1,0,0
1741918201,4.205,102.25,0,0,99.48,30.63,1084,27.05,27.24,5.96,6.43,6.54,6.56,41.22,47.28,47.54,47.58,47.59,0.66,1,0,0
1741918261,4.207,102.25,1,0,99.48,30.64,1085,27.07,27.16,5.56,6.02,6.14,6.16,38.44,44.12,44.38,44.42,44.43,0.63,1,0,0
1741918321,4.206,102.25,0,0,99.48,30.67,1082,27.06,27.19,5.25,5.62,5.68,5.69,36.43,41.71,41.89,41.92,41.92,0.61,1,0,0
1741918381,4.205,102.25,0,0,99.48,30.68,1080,27.08,27.13,5.25,5.64,5.72,5.74,36.36,41.67,41.87,41.9,41.91,0.63,1,0,0
1741918441,4.205,102.25,0,0,99.48,30.69,1078,27.08,27.17,5.74,6.2,6.3,6.32,39.75,45.59,45.83,45.87,45.88,0.63,1,0,0
1741918501,4.206,102.25,0,0,99.48,30.71,1077,27.09,27.2,5.01,5.36,5.42,5.43,34.75,39.79,39.96,39.98,39.99,0.63,1,0,0
1741918561,4.206,102.25,0,0,99.49,30.73,1076,27.08,27.15,4.62,4.96,5.01,5.03,32.02,36.68,36.85,36.87,36.88,0.64,1,0,0
1741918621,4.206,102.25,0,0,99.49,30.73,1078,27.09,27.17,5.52,5.94,6.02,6.03,38.24,43.83,44.05,44.08,44.09,0.64,1,0,0
1741918681,4.206,102.25,0,0,99.49,30.73,1076,27.11,27.2,5.78,6.28,6.41,6.44,39.88,45.81,46.1,46.15,46.16,0.62,1,0,0
1741918741,4.205,102.25,0,0,99.49,30.75,1075,27.12,27.25,5.1,5.48,5.56,5.57,35.31,40.47,40.67,40.7,40.71,0.61,1,0,0
1741918801,4.206,102.25,0,0,99.49,30.75,1076,27.16,27.26,5,5.4,5.49,5.51,34.6,39.68,39.9,39.93,39.94,0.61,1,0,0
1741918861,4.206,102.25,1,0,99.49,30.78,1079,27.15,27.34,4.84,5.24,5.34,5.36,33.45,38.39,38.62,38.66,38.67,0.63,1,0,0
1741918921,4.207,102.25,0,0,99.49,30.8,1082,27.16,27.4,4.79,5.19,5.3,5.32,33.08,37.98,38.21,38.25,38.25,0.62,1,0,0
1741918981,4.206,102.25,1,0,99.49,30.78,1084,27.13,27.47,5.34,5.79,5.91,5.94,36.87,42.33,42.59,42.64,42.65,0.66,1,0,0
1741919041,4.206,102.25,0,0,99.49,30.82,1090,27.16,27.59,5.17,5.57,5.65,5.66,35.84,41.08,41.28,41.31,41.32,0.64,1,0,0
1741919101,4.206,102.25,0,0,99.49,30.82,1097,27.16,27.57,5.04,5.37,5.41,5.42,35.04,40.08,40.23,40.25,40.25,0.6,1,0,0
1741919161,4.206,102.25,0,0,99.5,30.83,1099,27.18,27.58,5.01,5.36,5.41,5.42,34.79,39.82,39.99,40.01,40.02,0.6,1,0,0
1741919221,4.205,102.25,1,0,99.5,30.84,1097,27.18,27.62,5.73,6.2,6.31,6.33,39.58,45.42,45.69,45.73,45.74,0.61,1,0,0
1741919281,4.206,102.25,1,0,99.5,30.84,1095,27.21,27.57,5.91,6.5,6.71,6.75,40.59,46.76,47.15,47.21,47.23,0.64,1,0,0
1741919341,4.205,102.25,0,0,99.5,30.73,957,27.16,26.01,5.61,6.15,6.33,6.36,38.63,44.45,44.79,44.84,44.86,0.63,1,0,0
1741919401,4.206,102.25,0,0,99.5,30.5,729,26.97,24.11,5.85,6.33,6.44,6.46,40.49,46.45,46.71,46.75,46.76,0.63,1,0,0
1741919461,4.205,102.25,0,0,99.49,30.24,660,26.85,23.35,5.52,5.98,6.09,6.12,38.19,43.83,44.08,44.12,44.14,0.65,1,0,0
1741919521,4.207,102.25,0,0,99.49,29.95,626,26.66,22.91,5.75,6.15,6.21,6.22,39.9,45.67,45.86,45.89,45.9,0.61,1,0,0
1741919581,4.205,102.25,1,0,99.5,29.69,604,26.49,22.5,5.66,5.99,5.99,5.99,39.47,45.07,45.18,45.19,45.2,0.58,1,0,0
1741919641,4.205,102.25,0,0,99.5,29.44,586,26.36,22.37,4.98,5.26,5.27,5.27,34.69,39.62,39.72,39.73,39.73,0.59,1,0,0
1741919701,4.205,102.25,0,0,99.5,29.24,572,26.22,22.27,5.34,5.64,5.64,5.64,37.2,42.48,42.58,42.6,42.6,0.57,1,0,0
1741919761,4.206,102.25,0,0,99.5,29.06,558,26.11,22.2,5.72,6.05,6.05,6.06,39.84,45.5,45.62,45.63,45.63,0.59,1,0,0
1741919821,4.206,102.25,1,0,99.5,28.87,554,26.02,22.03,5.98,6.34,6.35,6.36,41.69,47.63,47.76,47.78,47.79,0.6,1,0,0
1741919881,4.207,102.25,1,0,99.5,28.71,547,25.89,21.86,5.23,5.54,5.55,5.56,36.41,41.6,41.72,41.73,41.74,0.61,1,0,0
1741919941,4.207,102.25,0,0,99.51,28.61,538,25.79,21.83,5.48,5.81,5.82,5.82,38.18,43.62,43.74,43.76,43.76,0.6,1,0,0
1741920001,4.206,102.25,0,0,99.51,28.49,537,25.68,21.69,6.02,6.39,6.41,6.42,41.9,47.89,48.04,48.06,48.06,0.61,1,0,0
1741920061,4.205,102.25,0,0,99.51,28.36,532,25.6,21.68,5.62,5.95,5.95,5.95,39.19,44.76,44.87,44.88,44.89,0.6,1,0,0
1741920121,4.207,102.25,0,0,99.51,28.23,527,25.47,21.64,5.1,5.4,5.41,5.42,35.52,40.58,40.69,40.71,40.71,0.6,1,0,0
1741920181,4.207,102.25,0,0,99.51,28.14,526,25.38,21.66,5.95,6.3,6.3,6.3,41.51,47.4,47.52,47.53,47.54,0.59,1,0,0
1741920241,4.206,102.25,0,0,99.51,28,523,25.3,21.66,5.79,6.13,6.14,6.14,40.3,46.04,46.17,46.18,46.19,0.6,1,0,0
1741920301,4.207,102.25,0,0,99.51,27.67,523,24.95,21.88,5.72,6.04,6.04,6.04,39.85,45.51,45.62,45.63,45.63,0.59,1,0,0
1741920361,4.205,102.25,0,0,99.51,27.31,521,24.58,21.78,6.18,6.55,6.56,6.57,43.02,49.16,49.3,49.31,49.32,0.6,1,0,0
1741920421,4.207,102.25,0,0,99.51,26.99,518,24.29,21.95,5.67,6.06,6.12,6.13,39.37,45.06,45.24,45.26,45.27,0.61,1,0,0
1741920481,4.207,102.25,0,0,99.51,26.72,513,24.11,21.95,5.85,6.23,6.28,6.29,40.63,46.48,46.65,46.67,46.68,0.6,1,0,0
1741920541,4.207,102.41,0,0,99.51,26.79,517,24.23,22.53,5.71,6.07,6.1,6.11,39.71,45.4,45.55,45.57,45.58,0.61,1,0,0
1741920601,4.206,102.41,0,0,99.51,26.99,520,24.38,22.54,5.78,6.12,6.14,6.14,40.26,46,46.13,46.14,46.15,0.58,1,0,0
1741920661,4.207,102.41,0,0,99.51,27.18,524,24.51,23.09,5.38,5.69,5.69,5.69,37.53,42.86,42.96,42.97,42.98,0.59,1,0,0
1741920721,4.206,102.41,0,0,99.52,27.37,532,24.6,23.75,5.21,5.51,5.51,5.51,36.34,41.5,41.6,41.61,41.61,0.58,1,0,0
1741920781,4.207,102.41,0,0,99.52,27.53,540,24.67,23.62,5.12,5.42,5.43,5.43,35.68,40.76,40.87,40.88,40.88,0.59,1,0,0
1741920841,4.207,102.41,0,0,99.52,27.62,546,24.69,23.5,5.4,5.73,5.74,5.74,37.63,43,43.12,43.13,43.14,0.61,1,0,0
1741920901,4.206,102.41,0,0,99.52,27.71,547,24.72,23.16,4.91,5.24,5.29,5.3,34.08,39.01,39.16,39.18,39.19,0.64,1,0,0
1741920961,4.206,102.41,1,0,99.52,27.76,547,24.72,22.77,5.46,5.84,5.89,5.9,37.95,43.43,43.61,43.63,43.64,0.63,1,0,0
1741921021,4.207,102.41,0,0,99.52,27.8,546,24.71,22.77,5.27,5.57,5.57,5.57,36.72,41.93,42.04,42.05,42.05,0.59,1,0,0
1741921081,4.207,102.41,0,0,99.52,27.85,546,24.73,22.78,9.17,9.74,9.77,9.78,63.87,73,73.21,73.24,73.25,0.62,1,0,0
1741921141,4.206,102.41,1,0,99.52,27.87,546,24.75,22.7,16.62,20.1,22.15,22.56,109.87,129.42,132.48,133.04,133.14,0.79,1,0,0
1741921201,4.205,102.41,1,0,99.52,27.92,548,24.74,22.82,20.55,25.26,28.12,28.69,134.91,159.58,163.81,164.59,164.72,0.76,1,0,0
1741921261,4.206,102.41,1,0,99.52,27.95,548,24.78,22.92,25.61,32.63,37.11,38.01,165.41,197.56,204.06,205.27,205.47,0.83,1,0,0
1741921321,4.206,102.41,1,0,99.52,28.06,548,24.84,22.87,19.16,23.21,25.59,26.07,126.58,149.16,152.73,153.38,153.49,0.74,1,0,0
1741921381,4.206,102.41,0,0,99.52,28.16,547,24.88,22.84,14.51,17.51,19.26,19.61,96,113.02,115.65,116.13,116.21,0.75,1,0,0
1741921441,4.206,102.41,1,0,99.52,28.22,545,24.9,22.86,12.85,15.53,17.1,17.41,84.99,100.09,102.44,102.87,102.95,0.76,1,0,0
1741921501,4.206,102.41,0,0,99.52,28.27,547,24.91,22.87,10.12,12.06,13.16,13.38,67.34,79.02,80.68,80.99,81.04,0.74,1,0,0
1741921561,4.206,102.41,0,0,99.53,28.31,546,24.96,22.87,9.57,10.95,11.62,11.75,64.77,75.26,76.34,76.53,76.57,0.7,1,0,0
1741921621,4.206,102.41,0,0,99.53,28.32,546,24.94,22.88,8.46,9.37,9.7,9.77,58.02,66.9,67.52,67.62,67.64,0.67,1,0,0
1741921681,4.207,102.41,1,0,99.53,28.35,546,24.96,22.93,7.6,8.26,8.44,8.48,52.49,60.28,60.67,60.73,60.74,0.65,1,0,0
1741921741,4.206,102.41,0,0,99.53,28.35,546,24.92,22.88,7.92,8.68,8.93,8.97,54.47,62.68,63.17,63.25,63.26,0.65,1,0,0
1741921801,4.206,102.41,0,0,99.53,28.33,544,24.94,22.92,6.94,7.52,7.67,7.7,47.94,55.03,55.36,55.42,55.43,0.63,1,0,0
1741921861,4.205,102.41,0,0,99.53,28.34,545,24.97,22.87,6.64,7.16,7.27,7.3,45.93,52.67,52.95,53,53.01,0.65,1,0,0
1741921921,4.207,102.41,0,0,99.53,28.34,544,24.96,22.89,6.31,6.72,6.76,6.77,43.85,50.16,50.33,50.35,50.36,0.62,1,0,0
1741921981,4.206,102.41,1,0,99.54,28.33,544,24.96,22.87,6.04,6.4,6.41,6.41,42.11,48.11,48.23,48.25,48.25,0.58,1,0,0
1741922041,4.207,102.41,1,0,99.54,28.35,544,24.98,22.8,6.58,7.01,7.06,7.07,45.75,52.33,52.52,52.54,52.55,0.61,1,0,0
1741922101,4.204,102.41,0,0,99.54,28.34,542,24.99,22.8,6.41,6.93,7.05,7.07,44.33,50.86,51.14,51.19,51.2,0.62,1,0,0
1741922161,4.205,102.41,0,0,99.54,28.35,541,24.97,22.7,6.06,6.57,6.7,6.73,41.83,48.02,48.32,48.36,48.37,0.64,1,0,0
1741922221,4.206,102.41,0,0,99.54,28.35,539,24.94,22.63,5.92,6.35,6.43,6.45,41.02,47,47.22,47.25,47.26,0.61,1,0,0
1741922281,4.205,102.41,0,0,99.54,28.37,538,24.98,23.15,5.76,6.09,6.09,6.09,40.14,45.83,45.95,45.96,45.96,0.58,1,0,0
1741922341,4.205,102.25,1,0,99.54,28.33,540,24.99,23.02,6.12,6.48,6.48,6.48,42.7,48.76,48.88,48.89,48.9,0.57,1,0,0
1741922401,4.206,102.25,0,0,99.54,28.32,541,25.03,23.08,5.94,6.31,6.33,6.33,41.37,47.28,47.42,47.43,47.44,0.59,1,0,0
1741922461,4.206,102.25,0,0,99.54,28.32,547,25.04,23.19,5.38,5.77,5.83,5.84,37.36,42.78,42.96,42.99,43,0.61,1,0,0
1741922521,4.205,102.25,0,0,99.54,28.3,550,25.03,23.08,5.81,6.2,6.24,6.25,40.39,46.2,46.37,46.4,46.4,0.6,1,0,0
1741922581,4.206,102.25,1,0,99.54,28.28,547,25,22.8,5.93,6.31,6.34,6.34,41.25,47.17,47.32,47.34,47.35,0.6,1,0,0
1741922641,4.206,102.25,1,0,99.54,28.29,545,24.99,22.68,5.33,5.64,5.64,5.64,37.18,42.46,42.56,42.57,42.58,0.57,1,0,0
1741922701,4.207,102.41,0,0,99.54,28.25,546,24.96,22.69,5.88,6.22,6.22,6.22,41.01,46.84,46.95,46.96,46.97,0.58,1,0,0
1741922761,4.206,102.41,0,0,99.54,28.22,545,24.95,22.85,5.55,5.87,5.87,5.87,38.71,44.21,44.31,44.32,44.33,0.58,1,0,0
1741922821,4.206,102.41,1,0,99.54,28.25,545,24.96,23.37,5.42,5.79,5.85,5.86,37.64,43.08,43.25,43.28,43.29,0.63,1,0,0
1741922881,4.206,102.41,1,0,99.54,28.3,548,24.98,23.75,5.18,5.54,5.58,5.59,35.97,41.17,41.33,41.36,41.36,0.64,1,0,0
1741922941,4.206,102.41,0,0,99.54,28.35,555,24.98,23.55,5.37,5.76,5.82,5.84,37.22,42.64,42.83,42.86,42.86,0.63,1,0,0
1741923001,4.206,102.41,0,0,99.54,28.34,558,25,23.35,5.87,6.25,6.29,6.3,40.79,46.66,46.82,46.85,46.85,0.63,1,0,0
1741923061,4.206,102.41,0,0,99.54,28.34,556,25.01,23.07,5.27,5.62,5.66,5.67,36.62,41.9,42.05,42.08,42.08,0.63,1,0,0
1741923121,4.206,102.41,0,0,99.54,28.33,553,24.97,23.03,5.71,6.07,6.1,6.11,39.7,45.4,45.55,45.57,45.58,0.6,1,0,0
1741923181,4.206,102.41,0,0,99.54,28.32,555,24.94,22.99,4.79,5.08,5.1,5.1,33.31,38.07,38.19,38.2,38.21,0.61,1,0,0
1741923241,4.207,102.41,1,0,99.54,28.3,554,24.9,22.94,5.96,6.33,6.35,6.35,41.52,47.45,47.59,47.6,47.61,0.6,1,0,0
1741923301,4.206,102.41,0,0,99.54,28.28,552,24.92,23.02,5.32,5.62,5.63,5.63,37.06,42.32,42.43,42.44,42.44,0.6,1,0,0
1741923361,4.206,102.41,0,0,99.53,28.27,552,24.92,22.76,5.24,5.57,5.59,5.59,36.5,41.72,41.85,41.87,41.87,0.6,1,0,0
1741923421,4.209,102.41,0,0,99.53,28.3,554,24.92,22.84,7.63,8.16,8.24,8.25,52.95,60.61,60.86,60.9,60.91,0.63,1,0,0
1741923481,4.206,102.41,0,0,99.53,28.29,554,24.93,22.79,9.35,10.37,10.77,10.85,63.99,73.84,74.55,74.67,74.7,0.7,1,0,0
1741923541,4.205,102.41,0,0,99.54,28.29,553,24.92,22.81,10.76,12.16,12.8,12.92,73.12,84.73,85.79,85.98,86.01,0.68,1,0,0
1741923601,4.206,102.41,1,0,99.54,28.31,554,24.91,22.74,9.19,10.45,11.05,11.17,62.36,72.36,73.33,73.5,73.53,0.73,1,0,0
1741923661,4.205,102.41,0,0,99.54,28.32,556,24.9,22.68,7.81,8.98,9.55,9.67,52.77,61.38,62.31,62.47,62.5,0.72,1,0,0
1741923721,4.206,102.41,0,0,99.54,27.92,553,24.49,22.04,7.18,8.02,8.36,8.43,49.05,56.68,57.28,57.38,57.4,0.66,1,0,0
1741923781,4.205,102.41,1,0,99.54,27.32,546,23.94,22.09,7.3,8.05,8.33,8.38,50.07,57.7,58.21,58.29,58.31,0.67,1,0,0
1741923841,4.207,102.25,0,0,99.53,26.8,538,23.56,22.02,23.61,28.49,31.35,31.92,156.24,183.93,188.21,188.99,189.13,0.74,1,0,0
1741923901,4.206,102.41,0,0,99.53,26.31,533,23.18,22.05,20.16,25.47,28.83,29.51,130.67,155.71,160.61,161.52,161.67,0.75,1,0,0
1741923961,4.206,102.41,1,0,99.54,25.95,532,22.94,22.17,15.14,19.04,21.49,21.98,98.31,117.01,120.59,121.26,121.37,0.79,1,0,0
1741924021,4.206,102.41,0,0,99.54,25.62,528,22.59,22.28,23.87,30.89,35.47,36.38,152.96,183.52,190.11,191.34,191.54,0.81,1,0,0
1741924081,4.207,102.41,1,0,99.53,25.53,526,22.65,22.68,20.9,27.23,31.37,32.2,133.55,160.52,166.48,167.6,167.78,0.8,1,0,0
1741924141,4.207,102.41,1,0,99.53,25.73,531,22.91,23.04,17.61,22.21,25.11,25.69,114.22,136.05,140.28,141.07,141.2,0.76,1,0,0
1741924201,4.206,102.41,1,0,99.53,26.02,543,23.13,23.26,15.16,19.58,22.45,23.02,97.25,116.61,120.75,121.52,121.65,0.77,1,0,0
1741924261,4.205,102.41,1,0,99.53,26.3,558,23.37,23.48,16.1,20.61,23.51,24.09,103.73,124.06,128.26,129.05,129.17,0.74,1,0,0
1741924321,4.206,102.41,0,0,99.53,26.59,572,23.53,23.95,13.4,17.04,19.36,19.83,86.56,103.34,106.72,107.35,107.45,0.76,1,0,0
1741924381,4.206,102.41,0,0,99.53,26.83,598,23.72,24.69,13,17.51,20.56,21.17,81.7,99.18,103.52,104.33,104.46,0.82,1,0,0
1741924441,4.206,102.41,1,0,99.53,27.06,620,23.83,25.69,13.06,18.73,22.71,23.5,79.36,98.31,103.9,104.96,105.12,0.85,1,0,0
1741924501,4.206,102.41,1,0,99.53,27.23,640,23.97,26.25,13,18.11,21.63,22.34,80.3,98.51,103.49,104.43,104.57,0.82,1,0,0
1741924561,4.206,102.41,1,0,99.52,27.41,661,24.06,26.94,11.4,15.29,17.9,18.43,71.79,87.04,90.77,91.47,91.58,0.82,1,0,0
1741924621,4.205,102.41,1,0,99.52,27.58,687,24.17,27.99,12.49,16.44,19.06,19.58,79.39,95.71,99.46,100.16,100.28,0.81,1,0,0
1741924681,4.207,102.41,1,0,99.52,27.72,697,24.3,28.56,11.76,15.2,17.43,17.88,75.42,90.44,93.66,94.27,94.36,0.77,1,0,0
1741924741,4.206,102.41,0,0,99.52,27.85,712,24.38,29.27,11.2,14.53,16.7,17.14,71.69,86.07,89.2,89.78,89.88,0.78,1,0,0
1741924801,4.206,102.41,0,0,99.53,27.97,727,24.46,29.66,11.09,14.76,17.22,17.71,70.06,84.76,88.27,88.93,89.04,0.8,1,0,0
1741924861,4.207,102.41,1,0,99.53,28.06,755,24.52,29.9,11.65,16.19,19.32,19.94,72.05,88.32,92.74,93.58,93.71,0.83,1,0,0
1741924921,4.206,102.41,0,0,99.53,28.15,760,24.62,29.83,10.79,14.81,17.57,18.12,67.13,81.98,85.89,86.62,86.74,0.83,1,0,0
1741924981,4.206,102.41,1,0,99.52,28.25,754,24.69,29.45,10.81,14.6,17.15,17.67,67.89,82.47,86.11,86.79,86.9,0.82,1,0,0
1741925041,4.206,102.41,1,0,99.52,28.34,748,24.77,29.69,11.05,14.22,16.28,16.69,71,85.05,88.02,88.57,88.66,0.77,1,0,0
1741925101,4.207,102.41,0,0,99.52,28.4,747,24.86,29.97,11.03,14.65,17.07,17.55,69.77,84.35,87.81,88.45,88.56,0.8,1,0,0
1741925161,4.205,102.41,0,0,99.52,28.47,747,24.91,30.09,11.23,14.5,16.62,17.04,72.08,86.41,89.47,90.05,90.14,0.76,1,0,0
1741925221,4.206,102.41,1,0,99.52,28.54,752,24.99,30.18,10.78,13.57,15.32,15.67,70.04,83.36,85.92,86.39,86.47,0.73,1,0,0
1741925281,4.206,102.41,0,0,99.52,28.6,758,25.01,30.62,10.79,13.66,15.47,15.83,69.92,83.36,86,86.49,86.57,0.73,1,0,0
1741925341,4.206,102.41,0,0,99.52,28.66,762,25.07,30.78,10.88,14.64,17.17,17.68,68.42,83.03,86.64,87.32,87.43,0.8,1,0,0
1741925401,4.206,102.41,1,0,99.52,28.71,768,25.13,30.78,9.4,13.08,15.62,16.13,58.09,71.25,74.84,75.52,75.62,0.81,1,0,0
1741925461,4.206,102.41,1,0,99.52,28.77,769,25.18,30.74,10.35,14.09,16.64,17.15,64.66,78.76,82.38,83.06,83.17,0.82,1,0,0
1741925521,4.206,102.41,1,0,99.52,28.83,772,25.23,30.56,10.06,13.56,15.93,16.4,63.19,76.74,80.1,80.73,80.83,0.81,1,0,0
1741925581,4.206,102.41,0,0,99.52,28.88,774,25.29,30.39,10.44,14.1,16.58,17.07,65.53,79.62,83.14,83.8,83.91,0.82,1,0,0
1741925641,4.206,102.41,0,0,99.52,28.93,778,25.34,30.48,9.8,13.34,15.74,16.22,61.26,74.6,78.02,78.66,78.76,0.83,1,0,0
1741925701,4.207,102.41,0,0,99.52,28.97,778,25.38,30.19,9.25,12.15,14.07,14.45,58.9,70.96,73.7,74.22,74.3,0.78,1,0,0
1741925761,4.207,102.41,1,0,99.51,29.01,781,25.41,30.33,9.77,12.7,14.62,15,62.48,75.05,77.81,78.33,78.41,0.8,1,0,0
1741925821,4.206,102.41,0,0,99.51,29.05,784,25.45,30.2,9.6,12.39,14.21,14.58,61.56,73.81,76.43,76.92,77,0.76,1,0,0
1741925881,4.207,102.41,0,0,99.51,29.09,781,25.48,30.25,8.58,10.64,11.91,12.17,56.09,66.5,68.37,68.72,68.78,0.74,1,0,0
1741925941,4.206,102.41,0,0,99.51,29.12,785,25.52,30.23,9.25,11.93,13.67,14.02,59.35,71.14,73.65,74.12,74.2,0.79,1,0,0
1741926001,4.207,102.41,0,0,99.51,29.17,788,25.55,30.16,8.65,11.39,13.21,13.57,54.98,66.3,68.9,69.38,69.46,0.79,1,0,0
1741926061,4.206,102.41,1,0,99.51,29.21,787,25.58,30.1,8.7,11.02,12.5,12.79,56.29,67.13,69.28,69.68,69.74,0.77,1,0,0
1741926121,4.205,102.41,1,0,99.51,29.25,789,25.64,30.06,9.23,11.77,13.39,13.71,59.61,71.2,73.56,73.99,74.06,0.78,1,0,0
1741926181,4.206,102.41,1,0,99.51,29.29,790,25.63,29.98,8.95,11.25,12.69,12.98,58.19,69.24,71.34,71.73,71.8,0.78,1,0,0
1741926241,4.206,102.41,1,0,99.51,29.32,793,25.69,29.97,8.9,11.33,12.88,13.19,57.46,68.62,70.87,71.29,71.36,0.79,1,0,0
1741926301,4.206,102.25,0,0,99.51,29.35,796,25.73,29.87,8.34,11.21,13.14,13.53,52.49,63.67,66.42,66.94,67.02,0.79,1,0,0
1741926361,4.206,102.25,1,0,99.5,29.4,800,25.74,29.92,8.08,10.59,12.24,12.57,51.49,61.99,64.37,64.81,64.88,0.76,1,0,0
1741926421,4.206,102.25,0,0,99.5,29.41,802,25.76,29.93,8.83,11.25,12.81,13.12,56.96,68.06,70.31,70.73,70.8,0.77,1,0,0
1741926481,4.206,102.25,0,0,99.5,29.45,806,25.79,29.9,8.23,10.88,12.64,13,52.18,63,65.52,65.99,66.07,0.77,1,0,0
1741926541,4.206,102.25,0,0,99.5,29.47,809,25.81,29.88,8.97,11.49,13.11,13.43,57.78,69.12,71.46,71.9,71.97,0.74,1,0,0
1741926601,4.206,102.25,1,0,99.49,29.5,812,25.85,29.86,7.97,10.02,11.31,11.57,51.76,61.61,63.49,63.84,63.9,0.77,1,0,0
1741926661,4.206,102.25,0,0,99.49,29.55,818,25.86,29.84,7.83,9.8,11.04,11.28,50.93,60.55,62.36,62.69,62.75,0.76,1,0,0
1741926721,4.206,102.25,0,0,99.49,29.44,801,25.76,28.35,7.64,9.14,10,10.17,50.73,59.6,60.9,61.14,61.18,0.72,1,0,0
1741926781,4.205,102.25,0,0,99.48,29.1,739,25.5,27.69,7.58,8.82,9.47,9.6,50.96,59.45,60.47,60.65,60.68,0.68,1,0,0
1741926841,4.207,102.25,0,0,99.48,29.03,730,25.51,28.16,7.08,8.08,8.55,8.65,48,55.73,56.5,56.64,56.66,0.66,1,0,0
1741926901,4.206,102.25,0,0,99.48,29.09,735,25.58,28.17,6.66,7.72,8.27,8.38,44.79,52.22,53.09,53.24,53.27,0.69,1,0,0
1741926961,4.205,102.25,0,0,99.48,29.17,793,25.65,29.44,6.71,8.06,8.84,9,44.51,52.34,53.51,53.73,53.77,0.74,1,0,0
1741927021,4.205,102.25,0,0,99.48,29.26,869,25.71,30.42,6.29,8.01,9.1,9.32,40.65,48.54,50.13,50.42,50.47,0.77,1,0,0
1741927081,4.206,102.25,0,0,99.48,29.38,903,25.73,31.07,7.06,9.17,10.55,10.83,45.16,54.23,56.22,56.59,56.65,0.73,1,0,0
1741927141,4.205,102.25,1,0,99.48,29.45,928,25.77,31.22,6.43,8.56,9.99,10.27,40.61,49.13,51.17,51.55,51.61,0.76,1,0,0
1741927201,4.206,102.25,0,0,99.48,29.54,942,25.79,31.74,7.11,9.55,11.2,11.53,44.73,54.26,56.61,57.05,57.12,0.75,1,0,0
1741927261,4.207,102.25,0,0,99.48,29.6,951,25.85,31.93,6.56,8.57,9.89,10.15,41.85,50.34,52.24,52.59,52.65,0.75,1,0,0
1741927321,4.206,102.25,0,0,99.48,29.66,952,25.88,32.3,6.95,8.8,9.97,10.21,45,53.66,55.37,55.68,55.74,0.75,1,0,0
1741927381,4.206,102.25,0,0,99.48,29.71,957,25.93,32.47,6.6,8.26,9.3,9.51,42.99,51.1,52.62,52.9,52.94,0.75,1,0,0
1741927441,4.206,102.25,0,0,99.48,29.76,955,25.94,32.6,6.05,7.79,8.92,9.14,38.86,46.55,48.18,48.48,48.53,0.78,1,0,0
1741927501,4.207,102.25,0,0,99.48,29.79,950,25.98,33.11,6.42,8.29,9.5,9.75,41.2,49.4,51.15,51.48,51.53,0.76,1,0,0
1741927561,4.207,102.25,0,0,99.48,29.83,943,26.02,33.19,5.69,7.39,8.5,8.72,36.37,43.68,45.29,45.58,45.63,0.75,1,0,0
1741927621,4.205,102.25,0,0,99.48,29.87,938,26.05,33.25,6.57,8.81,10.32,10.62,41.36,50.15,52.31,52.71,52.77,0.79,1,0,0
1741927681,4.207,102.25,0,0,99.48,29.89,936,26.07,33.31,6.23,8.16,9.43,9.69,39.69,47.79,49.61,49.96,50.01,0.78,1,0,0
1741927741,4.206,102.25,0,0,99.48,29.92,933,26.1,33.48,5.26,6.89,7.96,8.17,33.56,40.39,41.92,42.21,42.25,0.77,1,0,0
1741927801,4.205,102.25,0,0,99.48,29.94,931,26.13,33.53,6,7.84,9.05,9.3,38.31,46.08,47.82,48.15,48.2,0.77,1,0,0
1741927861,4.206,102.25,0,0,99.48,29.97,932,26.15,33.48,5.81,7.62,8.83,9.07,36.95,44.51,46.24,46.56,46.61,0.76,1,0,0
1741927921,4.205,102.25,0,0,99.47,30.01,933,26.17,33.44,5.86,7.62,8.76,8.99,37.51,45.06,46.71,47.01,47.06,0.75,1,0,0
1741927981,4.205,102.25,0,0,99.47,30.03,935,26.21,33.56,5.75,6.9,7.55,7.69,38.18,44.87,45.87,46.05,46.08,0.7,1,0,0
1741928041,4.205,102.25,0,0,99.47,30.05,937,26.23,33.44,6.19,7.29,7.88,8,41.44,48.47,49.39,49.55,49.58,0.68,1,0,0
1741928101,4.205,102.25,0,0,99.47,30.06,940,26.26,33.64,6.13,7.25,7.86,7.99,40.95,47.96,48.9,49.07,49.1,0.7,1,0,0
1741928161,4.206,102.25,0,0,99.47,30.08,943,26.28,33.53,5.29,6.29,6.85,6.96,35.25,41.34,42.19,42.35,42.38,0.71,1,0,0
1741928221,4.206,102.25,0,0,99.47,30.11,942,26.31,33.71,4.76,5.88,6.56,6.69,31.17,36.92,37.92,38.11,38.14,0.74,1,0,0
1741928281,4.206,102.25,0,0,99.47,30.13,945,26.32,33.62,5.3,6.6,7.41,7.58,34.55,41.02,42.21,42.43,42.47,0.75,1,0,0
1741928341,4.206,102.25,0,0,99.47,30.16,947,26.34,33.78,5.77,7.05,7.82,7.98,38,44.88,46.02,46.23,46.26,0.74,1,0,0
1741928401,4.207,102.25,0,0,99.47,30.17,950,26.37,33.79,4.95,6.09,6.79,6.93,32.43,38.38,39.41,39.6,39.64,0.74,1,0,0
1741928461,4.205,102.25,0,0,99.47,30.19,955,26.38,33.88,5.64,6.97,7.78,7.95,36.97,43.79,44.98,45.2,45.24,0.73,1,0,0
1741928521,4.206,102.25,0,0,99.47,30.21,961,26.4,33.88,5.34,6.81,7.75,7.94,34.43,41.15,42.51,42.77,42.81,0.75,1,0,0
1741928581,4.207,102.25,0,0,99.47,30.23,964,26.43,33.81,5.22,6.65,7.56,7.74,33.73,40.27,41.6,41.84,41.88,0.75,1,0,0
1741928641,4.206,102.25,1,0,99.47,30.25,967,26.45,33.95,5.05,6.28,7.03,7.18,32.99,39.14,40.25,40.45,40.49,0.76,1,0,0
1741928701,4.206,102.25,0,0,99.47,30.27,968,26.46,33.94,4.78,5.88,6.55,6.69,31.33,37.08,38.07,38.26,38.29,0.73,1,0,0
1741928761,4.205,102.25,0,0,99.47,30.29,969,26.47,33.91,4.85,6,6.7,6.84,31.76,37.62,38.66,38.85,38.88,0.74,1,0,0
1741928821,4.206,102.25,0,0,99.46,30.31,971,26.49,34.03,5.31,6.56,7.33,7.48,34.78,41.2,42.33,42.54,42.57,0.76,1,0,0
1741928881,4.205,102.25,0,0,99.46,30.33,970,26.51,34.05,4.57,5.66,6.32,6.45,29.92,35.45,36.43,36.61,36.64,0.75,1,0,0
1741928941,4.206,102.25,1,0,99.46,30.33,969,26.55,33.96,4.76,5.95,6.7,6.84,31.03,36.86,37.95,38.15,38.19,0.78,1,0,0
1741929001,4.206,102.25,0,0,99.46,30.36,969,26.55,34.12,5.38,6.76,7.63,7.81,34.92,41.57,42.84,43.08,43.11,0.74,1,0,0
1741929061,4.206,102.25,0,0,99.47,30.37,970,26.57,33.95,5.27,6.47,7.19,7.33,34.65,40.96,42.03,42.23,42.26,0.73,1,0,0
1741929121,4.207,102.25,1,0,99.47,30.37,977,26.59,34.06,4.7,5.66,6.21,6.32,31.14,36.63,37.47,37.62,37.65,0.72,1,0,0
1741929181,4.205,102.25,0,0,99.47,30.4,978,26.59,34.12,4.59,5.48,5.99,6.1,30.48,35.79,36.57,36.71,36.73,0.72,1,0,0
1741929241,4.205,102.25,0,0,99.47,30.42,978,26.63,34.15,5.18,6.22,6.83,6.95,34.3,40.34,41.26,41.43,41.46,0.73,1,0,0
1741929301,4.206,102.25,0,0,99.47,30.44,980,26.65,34.19,5.38,6.42,7.02,7.14,35.78,42,42.9,43.07,43.1,0.74,1,0,0
1741929361,4.207,102.25,0,0,99.47,30.46,981,26.63,34.26,4.51,5.5,6.09,6.21,29.73,35.1,35.98,36.14,36.16,0.76,1,0,0
1741929421,4.206,102.25,0,0,99.47,30.5,981,26.68,34.23,4.72,5.88,6.59,6.73,30.83,36.59,37.64,37.83,37.87,0.77,1,0,0
1741929481,4.206,102.25,0,0,99.47,30.52,983,26.69,34.19,4.67,5.73,6.37,6.5,30.63,36.23,37.18,37.36,37.39,0.75,1,0,0
1741929541,4.205,102.25,0,0,99.47,30.54,981,26.71,34.18,4.36,5.3,5.87,5.98,28.74,33.9,34.74,34.9,34.92,0.71,1,0,0
1741929601,4.205,102.25,0,0,99.47,30.55,980,26.73,34.27,4.49,5.35,5.84,5.94,29.85,35.03,35.77,35.91,35.93,0.71,1,0,0
1741929661,4.206,102.25,0,0,99.47,30.57,982,26.73,34.29,4.62,5.68,6.33,6.46,30.29,35.84,36.8,36.98,37.01,0.71,1,0,0
1741929721,4.206,102.25,0,0,99.47,30.59,983,26.75,34.3,4.91,5.8,6.29,6.39,32.8,38.4,39.15,39.29,39.31,0.71,1,0,0
1741929781,4.207,102.25,0,0,99.47,30.59,984,26.78,34.41,4.93,6.09,6.79,6.93,32.33,38.28,39.32,39.51,39.55,0.76,1,0,0
1741929841,4.206,102.25,1,0,99.47,30.61,986,26.76,34.47,4.66,5.75,6.41,6.55,30.5,36.12,37.11,37.29,37.32,0.74,1,0,0
1741929901,4.205,102.25,0,0,99.47,30.65,988,26.77,34.34,4.73,5.81,6.47,6.6,31.02,36.69,37.67,37.85,37.88,0.75,1,0,0
1741929961,4.206,102.25,1,0,99.47,30.66,991,26.77,34.43,4.95,6.12,6.83,6.97,32.46,38.44,39.48,39.68,39.71,0.74,1,0,0
1741930021,4.205,102.25,0,0,99.47,30.67,996,26.83,34.51,4.63,5.55,6.09,6.19,30.68,36.07,36.88,37.02,37.05,0.72,1,0,0
1741930081,4.206,102.25,0,0,99.47,30.69,1000,26.82,34.43,4.69,5.69,6.29,6.41,30.97,36.52,37.4,37.56,37.59,0.72,1,0,0
1741930141,4.206,102.25,0,0,99.47,30.71,1002,26.84,34.49,4.76,5.59,6.04,6.13,31.9,37.29,37.99,38.11,38.14,0.71,1,0,0
1741930201,4.205,102.25,1,0,99.47,30.74,1004,26.84,34.45,4.77,5.63,6.09,6.19,31.9,37.33,38.05,38.18,38.21,0.71,1,0,0
1741930261,4.207,102.25,0,0,99.47,30.74,1006,26.87,34.42,4.43,5.31,5.81,5.91,29.42,34.57,35.33,35.47,35.49,0.71,1,0,0
1741930321,4.206,102.25,1,0,99.47,30.77,1009,26.89,34.45,4.06,4.88,5.35,5.45,26.94,31.68,32.39,32.52,32.54,0.72,1,0,0
1741930381,4.206,102.25,0,0,99.47,30.77,1010,26.89,34.38,4.12,5.11,5.73,5.85,26.88,31.89,32.79,32.96,32.99,0.74,1,0,0
1741930441,4.206,102.25,0,0,99.47,30.79,1014,26.9,34.42,4.37,5.2,5.67,5.76,29.11,34.15,34.86,34.99,35.02,0.7,1,0,0
1741930501,4.205,102.25,0,0,99.47,30.79,1015,26.92,34.46,4.62,5.46,5.92,6.01,30.88,36.15,36.86,36.98,37.01,0.71,1,0,0
1741930561,4.207,102.25,0,0,99.47,30.8,1016,26.93,34.42,4.25,4.95,5.32,5.39,28.56,33.33,33.9,34.01,34.03,0.7,1,0,0
1741930621,4.206,102.25,0,0,99.47,30.82,1018,26.94,34.47,4.56,5.37,5.81,5.9,30.49,35.67,36.35,36.47,36.49,0.71,1,0,0
1741930681,4.206,102.25,0,0,99.47,30.82,1019,26.93,34.36,4.46,5.3,5.76,5.86,29.74,34.86,35.58,35.71,35.73,0.72,1,0,0
1741930741,4.205,102.25,0,0,99.47,30.86,1029,26.95,34.15,3.68,4.37,4.76,4.84,24.51,28.74,29.33,29.44,29.46,0.71,1,0,0
1741930801,4.206,102.25,0,0,99.47,30.84,1036,26.97,34.13,3.8,4.5,4.89,4.97,25.38,29.73,30.32,30.43,30.45,0.72,1,0,0
1741930861,4.206,102.25,0,0,99.47,30.79,1038,26.98,34.11,4.15,4.9,5.32,5.4,27.72,32.46,33.1,33.21,33.23,0.71,1,0,0
1741930921,4.206,102.25,0,0,99.47,30.76,1051,26.98,33.96,4.36,5.21,5.7,5.8,28.93,33.98,34.72,34.86,34.88,0.71,1,0,0
1741930981,4.206,102.25,0,0,99.47,30.79,1054,26.98,33.85,4.37,5.1,5.5,5.57,29.31,34.23,34.84,34.95,34.96,0.7,1,0,0
1741931041,4.206,102.25,0,0,99.46,30.81,1059,27.03,33.79,3.59,4.07,4.3,4.34,24.37,28.26,28.63,28.69,28.71,0.69,1,0,0
1741931101,4.206,102.25,0,0,99.46,30.83,1061,27.02,33.77,3.62,4.05,4.23,4.26,24.72,28.57,28.88,28.93,28.94,0.67,1,0,0
1741931161,4.207,102.25,0,0,99.46,30.76,1063,27.05,33.74,4.33,4.84,5.05,5.09,29.59,34.19,34.55,34.62,34.63,0.65,1,0,0
1741931221,4.205,102.25,0,0,99.46,30.74,1065,27.01,33.78,3,3.36,3.51,3.54,20.49,23.69,23.95,24,24.01,0.66,1,0,0
1741931281,4.206,102.25,0,0,99.47,30.75,1069,27.02,33.91,3.64,4.08,4.28,4.32,24.8,28.69,29.02,29.07,29.09,0.65,1,0,0
1741931341,4.205,102.25,0,0,99.47,30.72,1070,27.03,33.83,3.37,3.91,4.19,4.24,22.66,26.42,26.86,26.93,26.95,0.68,1,0,0
1741931401,4.206,102.25,0,0,99.47,30.68,1072,27.04,33.95,4.17,4.78,5.08,5.14,28.22,32.8,33.28,33.37,33.38,0.66,1,0,0
1741931461,4.205,102.25,0,0,99.47,30.67,1074,27.05,33.95,3.35,3.82,4.05,4.09,22.69,26.35,26.72,26.78,26.8,0.68,1,0,0
1741931521,4.204,102.25,0,0,99.47,30.68,1078,27.04,34.07,3.34,3.85,4.11,4.16,22.49,26.19,26.6,26.68,26.69,0.7,1,0,0
1741931581,4.206,102.25,0,0,99.47,30.67,1078,27.07,33.95,3.72,4.39,4.75,4.83,24.86,29.1,29.66,29.76,29.78,0.7,1,0,0
1741931641,4.205,102.25,0,0,99.47,30.63,1079,27.06,33.98,3.46,4.03,4.33,4.39,23.23,27.11,27.58,27.67,27.68,0.69,1,0,0
1741931701,4.206,102.25,0,0,99.48,30.6,1079,27.04,34.03,3.55,4.09,4.35,4.4,24,27.92,28.34,28.42,28.43,0.69,1,0,0
1741931761,4.205,102.25,0,0,99.48,30.58,1079,27.07,34.03,3.56,4.06,4.3,4.35,24.12,28.01,28.4,28.47,28.48,0.67,1,0,0
1741931821,4.207,102.25,0,0,99.48,30.56,1081,27.05,33.86,3.32,3.76,3.96,4,22.54,26.13,26.47,26.53,26.54,0.66,1,0,0
1741931881,4.205,102.25,0,0,99.48,30.54,1083,27.06,33.88,4.12,4.62,4.83,4.87,28.13,32.53,32.89,32.95,32.96,0.64,1,0,0
1741931941,4.206,102.25,0,0,99.48,30.51,1087,27.08,33.93,4.07,4.52,4.7,4.74,27.86,32.16,32.47,32.53,32.54,0.65,1,0,0
1741932001,4.205,102.25,0,0,99.48,30.5,1086,27.07,33.85,3.8,4.25,4.44,4.48,25.94,29.98,30.31,30.37,30.38,0.67,1,0,0
1741932061,4.206,102.25,0,0,99.48,30.5,1086,27.04,33.89,3.58,3.99,4.15,4.19,24.47,28.26,28.55,28.6,28.61,0.68,1,0,0
1741932121,4.207,102.25,0,0,99.48,30.49,1091,27.08,33.77,3.51,3.9,4.05,4.08,24.01,27.71,27.98,28.03,28.04,0.66,1,0,0
1741932181,4.206,102.25,0,0,99.48,30.48,1091,27.07,33.81,3.97,4.4,4.55,4.59,27.23,31.4,31.69,31.74,31.75,0.66,1,0,0
1741932241,4.205,102.25,0,0,99.49,30.49,1091,27.09,33.83,3.36,3.76,3.93,3.97,22.95,26.53,26.82,26.87,26.88,0.67,1,0,0
1741932301,4.206,102.25,0,0,99.49,30.48,1092,27.09,33.77,4.25,4.71,4.88,4.91,29.16,33.63,33.94,33.99,34.01,0.66,1,0,0
1741932361,4.205,102.25,0,0,99.49,30.47,1090,27.08,33.87,4.37,4.86,5.05,5.09,29.87,34.49,34.83,34.89,34.9,0.65,1,0,0
1741932421,4.206,102.25,0,0,99.49,30.47,1087,27.11,33.78,3.86,4.3,4.48,4.51,26.36,30.45,30.76,30.81,30.83,0.64,1,0,0
1741932481,4.206,102.25,0,0,99.49,30.51,1091,27.08,33.76,3.64,4.09,4.28,4.32,24.82,28.71,29.04,29.09,29.11,0.67,1,0,0
1741932541,4.206,102.25,0,0,99.49,30.53,1107,27.13,33.96,3.6,4,4.15,4.18,24.62,28.41,28.69,28.74,28.75,0.66,1,0,0
1741932601,4.205,102.25,0,0,99.49,30.55,1110,27.11,33.96,3.79,4.27,4.48,4.52,25.84,29.91,30.27,30.33,30.34,0.67,1,0,0
1741932661,4.205,102.25,0,0,99.49,30.47,1085,27.04,32.81,4.89,5.45,5.69,5.73,33.38,38.57,38.97,39.04,39.06,0.65,1,0,0
1741932721,4.205,102.25,1,0,99.49,30.3,1016,26.92,32.24,4.15,4.54,4.66,4.69,28.59,32.89,33.13,33.17,33.18,0.64,1,0,0
1741932781,4.206,102.25,0,0,99.49,30.32,1008,26.92,32.65,4.39,4.84,4.99,5.02,30.14,34.73,35.02,35.07,35.08,0.65,1,0,0
1741932841,4.206,102.25,1,0,99.49,30.36,1009,26.95,32.86,4.29,4.84,5.09,5.14,29.16,33.78,34.2,34.27,34.29,0.68,1,0,0
1741932901,4.205,102.25,1,0,99.49,30.44,1066,26.98,33,3.46,3.91,4.11,4.16,23.54,27.28,27.62,27.68,27.69,0.68,1,0,0
1741932961,4.207,102.25,0,0,99.49,30.49,1100,26.99,32.93,3.2,3.57,3.72,3.75,21.83,25.23,25.49,25.54,25.54,0.66,1,0,0
1741933021,4.207,102.25,0,0,99.49,30.51,1109,27.03,32.89,3.15,3.55,3.71,3.75,21.5,24.88,25.16,25.21,25.22,0.65,1,0,0
1741933081,4.206,102.25,0,0,99.49,30.49,1105,27.03,32.73,2.95,3.3,3.45,3.47,20.11,23.25,23.5,23.54,23.55,0.65,1,0,0
1741933141,4.206,102.25,0,0,99.49,30.47,1086,27.07,32.8,3.29,3.72,3.92,3.96,22.36,25.91,26.24,26.3,26.31,0.68,1,0,0
1741933201,4.206,102.25,0,0,99.49,30.47,1074,27.04,32.76,3.42,3.9,4.12,4.17,23.21,26.94,27.31,27.37,27.39,0.68,1,0,0
1741933261,4.206,102.25,0,0,99.49,30.46,1073,27.07,32.8,2.88,3.27,3.45,3.49,19.52,22.64,22.94,22.99,23,0.68,1,0,0
1741933321,4.206,102.25,0,0,99.49,30.45,1073,27.06,32.81,2.51,2.81,2.94,2.97,17.14,19.81,20.03,20.07,20.08,0.66,1,0,0
1741933381,4.206,102.25,0,0,99.49,30.44,1073,27.08,32.81,2.99,3.3,3.4,3.42,20.55,23.67,23.87,23.91,23.92,0.65,1,0,0
1741933441,4.206,102.25,0,0,99.49,30.42,1074,27.07,33.16,3.51,3.85,3.97,3.99,24.1,27.75,27.97,28.01,28.02,0.65,1,0,0
1741933501,4.205,102.25,0,0,99.49,30.41,1074,27.06,33.17,3.88,4.24,4.35,4.37,26.7,30.71,30.93,30.97,30.98,0.65,1,0,0
1741933561,4.205,102.25,0,0,99.49,30.42,1076,27.07,33.01,2.74,2.98,3.04,3.05,18.92,21.73,21.87,21.89,21.9,0.65,1,0,0
1741933621,4.206,102.25,0,0,99.49,30.43,1082,27.08,32.99,3.52,3.85,3.95,3.97,24.29,27.92,28.12,28.16,28.16,0.65,1,0,0
1741933681,4.205,102.25,0,0,99.49,30.44,1085,27.09,32.97,3.29,3.6,3.7,3.72,22.69,26.09,26.28,26.31,26.32,0.64,1,0,0
1741933741,4.206,102.25,0,0,99.49,30.45,1089,27.09,33.02,3.13,3.4,3.48,3.5,21.61,24.82,24.98,25.01,25.02,0.63,1,0,0
1741933801,4.206,102.25,0,0,99.49,30.45,1095,27.09,32.9,2.88,3.11,3.16,3.17,19.95,22.88,23.01,23.03,23.03,0.61,1,0,0
1741933861,4.206,102.25,0,0,99.49,30.45,1101,27.09,32.88,3.33,3.61,3.68,3.69,22.98,26.38,26.54,26.57,26.57,0.62,1,0,0
1741933921,4.205,102.25,0,0,99.49,30.45,1110,27.07,32.96,3.16,3.45,3.54,3.55,21.81,25.07,25.24,25.27,25.28,0.63,1,0,0
1741933981,4.204,102.25,0,0,99.49,30.46,1110,27.09,32.88,3.54,3.87,3.97,3.99,24.4,28.06,28.26,28.29,28.3,0.64,1,0,0
1741934041,4.206,102.25,0,0,99.48,30.47,1109,27.11,32.86,3.31,3.61,3.7,3.72,22.83,26.24,26.42,26.45,26.46,0.63,1,0,0
1741934101,4.206,102.25,0,0,99.48,30.48,1101,27.11,32.98,3.31,3.59,3.66,3.68,22.84,26.23,26.39,26.42,26.42,0.62,1,0,0
1741934161,4.205,102.25,0,0,99.48,30.46,1098,27.1,32.88,3.81,4.12,4.19,4.21,26.38,30.26,30.43,30.46,30.46,0.61,1,0,0
1741934221,4.205,102.25,0,0,99.48,30.48,1096,27.1,32.69,3.18,3.43,3.48,3.49,22.03,25.26,25.39,25.41,25.42,0.6,1,0,0
1741934281,4.206,102.25,0,0,99.48,30.47,1097,27.13,32.9,3.4,3.69,3.76,3.78,23.48,26.95,27.12,27.14,27.15,0.61,1,0,0
1741934341,4.206,102.25,0,0,99.48,30.46,1102,27.08,32.75,3.32,3.6,3.67,3.69,22.92,26.32,26.48,26.5,26.51,0.6,1,0,0
1741934401,4.207,102.25,0,0,99.48,30.48,1109,27.1,32.76,3.49,3.81,3.91,3.93,24.06,27.66,27.86,27.89,27.9,0.65,1,0,0
1741934461,4.206,102.25,0,0,99.48,30.48,1117,27.12,32.7,3.34,3.7,3.83,3.86,22.87,26.38,26.63,26.67,26.68,0.66,1,0,0
1741934521,4.205,102.25,0,0,99.47,30.48,1115,27.1,32.68,2.92,3.22,3.34,3.36,19.99,23.05,23.26,23.29,23.3,0.64,1,0,0
1741934581,4.205,102.25,0,0,99.47,30.47,1106,27.1,32.85,3.69,4.08,4.22,4.25,25.27,29.14,29.4,29.45,29.46,0.65,1,0,0
1741934641,4.206,102.25,0,0,99.47,30.45,1072,27.11,32.66,3.56,3.95,4.1,4.13,24.38,28.13,28.4,28.45,28.46,0.67,1,0,0
1741934701,4.205,102.25,0,0,99.47,30.43,1063,27.14,32.6,3.49,3.88,4.02,4.05,23.92,27.6,27.87,27.91,27.92,0.66,1,0,0
1741934761,4.206,102.25,0,0,99.47,30.43,1060,27.12,32.61,3.51,3.82,3.91,3.93,24.22,27.83,28.01,28.04,28.05,0.62,1,0,0
1741934821,4.206,102.25,0,0,99.47,30.45,1059,27.11,32.84,3.4,3.67,3.74,3.75,23.55,27.01,27.16,27.18,27.19,0.61,1,0,0
1741934881,4.206,102.25,0,0,99.47,30.45,1060,27.06,32.04,4.63,5.02,5.11,5.13,31.99,36.72,36.94,36.98,36.99,0.63,1,0,0
1741934941,4.205,102.25,0,0,99.47,30.41,1043,27.02,31.82,4.38,4.79,4.92,4.95,30.13,34.66,34.92,34.96,34.97,0.63,1,0,0
1741935001,4.206,102.25,0,0,99.47,30.46,1042,27.04,32.89,3.43,3.77,3.88,3.9,23.56,27.13,27.35,27.39,27.39,0.64,1,0,0
1741935061,4.206,102.25,0,0,99.47,30.48,1043,27.06,33.07,3.78,4.19,4.34,4.37,25.91,29.88,30.16,30.21,30.22,0.66,1,0,0
1741935121,4.207,102.25,0,0,99.48,30.48,1049,27.06,33.03,3.73,4.07,4.17,4.19,25.69,29.53,29.74,29.78,29.79,0.64,1,0,0
1741935181,4.206,102.25,0,0,99.48,30.49,1065,27.07,32.7,3.09,3.36,3.43,3.44,21.32,24.48,24.64,24.66,24.67,0.64,1,0,0
1741935241,4.206,102.25,0,0,99.48,30.47,1081,27.1,32.47,2.97,3.23,3.31,3.32,20.53,23.58,23.73,23.76,23.76,0.64,1,0,0
1741935301,4.205,102.25,0,0,99.48,30.44,1090,27.1,32.39,3.82,4.17,4.27,4.3,26.33,30.27,30.48,30.52,30.53,0.65,1,0,0
1741935361,4.206,102.25,0,0,99.48,30.46,1090,27.11,32.2,3.23,3.52,3.6,3.62,22.25,25.57,25.75,25.78,25.78,0.65,1,0,0
1741935421,4.206,102.25,0,0,99.48,30.48,1088,27.11,32.25,3.1,3.4,3.51,3.53,21.28,24.5,24.7,24.73,24.74,0.65,1,0,0
1741935481,4.204,102.25,0,0,99.48,30.47,1087,27.13,32.12,3.26,3.57,3.66,3.68,22.45,25.82,26.01,26.04,26.05,0.66,1,0,0
1741935541,4.206,102.25,0,0,99.48,30.48,1089,27.13,32.17,3.06,3.36,3.45,3.47,21.04,24.22,24.41,24.44,24.45,0.64,1,0,0
1741935601,4.206,102.25,0,0,99.47,30.49,1092,27.13,32.12,2.9,3.16,3.24,3.26,20.02,23.01,23.17,23.19,23.2,0.63,1,0,0
1741935661,4.207,102.25,0,0,99.47,30.5,1092,27.16,32.14,3.45,3.76,3.86,3.88,23.76,27.32,27.51,27.55,27.55,0.63,1,0,0
1741935721,4.205,102.25,0,0,99.47,30.51,1095,27.14,32.11,2.97,3.26,3.36,3.38,20.42,23.51,23.7,23.73,23.74,0.65,1,0,0
1741935781,4.206,102.25,0,0,99.47,30.51,1099,27.16,32.2,2.67,2.93,3.03,3.04,18.33,21.11,21.29,21.32,21.32,0.65,1,0,0
1741935841,4.206,102.25,0,0,99.47,30.53,1103,27.16,32.14,3.1,3.42,3.54,3.56,21.27,24.52,24.73,24.77,24.78,0.64,1,0,0
1741935901,4.206,102.25,0,0,99.48,30.55,1105,27.19,32.18,2.26,2.47,2.54,2.55,15.59,17.92,18.05,18.07,18.08,0.63,1,0,0
1741935961,4.205,102.25,0,0,99.48,30.54,1108,27.17,32.2,2.48,2.74,2.84,2.86,17.05,19.65,19.82,19.85,19.86,0.63,1,0,0
1741936021,4.205,102.25,0,0,99.48,30.56,1108,27.19,32.15,2.74,3.01,3.1,3.12,18.83,21.68,21.86,21.89,21.89,0.63,1,0,0
1741936081,4.207,102.25,0,0,99.48,30.57,1110,27.19,32.18,2.99,3.27,3.35,3.37,20.6,23.69,23.86,23.88,23.89,0.63,1,0,0
1741936141,4.206,102.25,0,0,99.48,30.58,1106,27.24,32.16,2.81,3.06,3.13,3.14,19.41,22.3,22.45,22.47,22.48,0.62,1,0,0
1741936201,4.206,102.25,0,0,99.48,30.59,1105,27.2,32.09,2.79,3.02,3.08,3.09,19.28,22.13,22.26,22.28,22.28,0.6,1,0,0
1741936261,4.207,102.25,0,0,99.48,30.59,1105,27.22,32.12,2.68,2.9,2.94,2.95,18.58,21.31,21.42,21.44,21.45,0.62,1,0,0
1741936321,4.205,102.25,0,0,99.48,30.61,1106,27.21,32.15,2.88,3.11,3.16,3.17,19.92,22.85,22.97,22.99,23,0.63,1,0,0
1741936381,4.206,102.25,0,0,99.48,30.61,1110,27.23,32.11,2.74,2.98,3.04,3.05,18.92,21.73,21.87,21.89,21.89,0.65,1,0,0
1741936441,4.205,102.25,0,0,99.48,30.62,1114,27.24,32.09,2.51,2.74,2.81,2.82,17.26,19.85,19.99,20.01,20.02,0.64,1,0,0
1741936501,4.206,102.25,0,0,99.48,30.61,1118,27.24,32.07,2.88,3.15,3.23,3.25,19.82,22.79,22.96,22.99,23,0.66,1,0,0
1741936561,4.207,102.25,0,0,99.49,30.63,1119,27.25,32.15,2.88,3.12,3.18,3.2,19.89,22.84,22.98,23,23,0.64,1,0,0
1741936621,4.205,102.25,0,0,99.49,30.63,1120,27.25,32.04,2.14,2.32,2.36,2.37,14.81,16.99,17.09,17.11,17.11,0.63,1,0,0
1741936681,4.206,102.25,0,0,99.49,30.65,1120,27.27,32.14,3.08,3.32,3.37,3.38,21.3,24.42,24.55,24.57,24.58,0.62,1,0,0
1741936741,4.205,102.25,0,0,99.49,30.66,1121,27.28,32.14,2.33,2.51,2.54,2.54,16.19,18.55,18.63,18.65,18.65,0.62,1,0,0
1741936801,4.205,102.25,0,0,99.48,30.66,1124,27.3,32.09,2.03,2.19,2.23,2.23,14.05,16.11,16.2,16.21,16.21,0.63,1,0,0
1741936861,4.206,102.25,0,0,99.48,30.66,1129,27.29,32.13,3.2,3.43,3.47,3.48,22.21,25.44,25.55,25.57,25.57,0.62,1,0,0
1741936921,4.206,102.25,0,0,99.48,30.68,1133,27.29,32.15,2.52,2.7,2.72,2.73,17.49,20.02,20.11,20.12,20.12,0.62,1,0,0
1741936981,4.206,102.25,0,0,99.48,30.7,1141,27.29,32.14,2.81,3.01,3.04,3.05,19.5,22.33,22.43,22.44,22.45,0.61,1,0,0
1741937041,4.206,102.25,0,0,99.48,30.69,1142,27.29,32.14,2.67,2.86,2.89,2.9,18.49,21.18,21.27,21.29,21.29,0.61,1,0,0
1741937101,4.206,102.25,0,0,99.47,30.7,1141,27.29,32.17,3.17,3.4,3.43,3.43,22.04,25.23,25.34,25.35,25.35,0.61,1,0,0
1741937161,4.206,102.25,0,0,99.47,30.72,1142,27.3,32.16,2.68,2.89,2.93,2.94,18.58,21.3,21.4,21.42,21.43,0.61,1,0,0
1741937221,4.206,102.25,0,0,99.47,30.73,1141,27.31,32.14,2.77,2.98,3.03,3.04,19.16,21.97,22.08,22.1,22.1,0.61,1,0,0
1741937281,4.206,102.25,0,0,99.47,30.74,1140,27.33,32.14,2.95,3.19,3.24,3.25,20.41,23.41,23.54,23.56,23.56,0.61,1,0,0
1741937341,4.206,102.25,0,0,99.47,30.75,1138,27.34,32.1,3.15,3.38,3.42,3.43,21.86,25.04,25.16,25.17,25.18,0.61,1,0,0
1741937401,4.206,102.25,0,0,99.47,30.76,1139,27.33,31.99,2.7,2.91,2.94,2.95,18.75,21.48,21.58,21.6,21.6,0.62,1,0,0
1741937461,4.207,102.25,0,0,99.47,30.77,1143,27.32,32.07,2.55,2.74,2.77,2.78,17.67,20.24,20.34,20.35,20.36,0.61,1,0,0
1741937521,4.205,102.25,0,0,99.47,30.78,1141,27.34,32.13,2.6,2.79,2.81,2.82,18.08,20.7,20.78,20.79,20.8,0.6,1,0,0
1741937581,4.206,102.25,0,0,99.47,30.79,1144,27.35,32.07,2.87,3.07,3.1,3.11,19.91,22.8,22.89,22.91,22.91,0.61,1,0,0
1741937641,4.206,102.25,0,0,99.47,30.79,1146,27.34,32.06,2.57,2.74,2.76,2.76,17.9,20.48,20.55,20.56,20.56,0.6,1,0,0
1741937701,4.207,102.25,0,0,99.46,30.8,1151,27.38,32.08,2.91,3.09,3.09,3.09,20.3,23.19,23.25,23.26,23.26,0.59,1,0,0
1741937761,4.207,102.25,0,0,99.46,30.8,1153,27.35,32.06,2.54,2.71,2.72,2.73,17.68,20.22,20.29,20.3,20.3,0.6,1,0,0
1741937821,4.206,102.25,0,0,99.46,30.83,1154,27.37,32.04,2.96,3.16,3.18,3.19,20.61,23.57,23.66,23.67,23.67,0.59,1,0,0
1741937881,4.207,102.25,0,0,99.46,30.82,1153,27.38,32.06,3.16,3.4,3.44,3.45,21.93,25.12,25.24,25.26,25.26,0.61,1,0,0
1741937941,4.206,102.25,0,0,99.46,30.84,1154,27.35,32.09,2.93,3.17,3.23,3.24,20.24,23.22,23.36,23.38,23.39,0.61,1,0,0
1741938001,4.205,102.25,0,0,99.46,30.84,1155,27.38,32.05,2.62,2.86,2.94,2.95,18.08,20.79,20.94,20.96,20.97,0.63,1,0,0
1741938061,4.206,102.25,0,0,99.46,30.83,1155,27.38,31.95,3.38,3.72,3.85,3.87,23.23,26.76,26.98,27.02,27.03,0.65,1,0,0
1741938121,4.204,102.25,0,0,99.46,30.84,1154,27.38,32.04,2.37,2.59,2.66,2.67,16.3,18.74,18.88,18.9,18.91,0.63,1,0,0
1741938181,4.205,102.25,0,0,99.46,30.84,1157,27.38,32,2.82,3.05,3.11,3.12,19.52,22.39,22.52,22.54,22.55,0.63,1,0,0
1741938241,4.206,102.25,0,0,99.45,30.84,1158,27.4,31.98,2.55,2.75,2.8,2.81,17.63,20.22,20.33,20.35,20.36,0.62,1,0,0
1741938301,4.206,102.25,0,0,99.45,30.82,1158,27.39,31.98,2.63,2.85,2.91,2.92,18.19,20.88,21.01,21.03,21.03,0.63,1,0,0
1741938361,4.205,102.25,0,0,99.46,30.82,1160,27.4,32,2.68,2.91,2.96,2.97,18.54,21.28,21.41,21.43,21.43,0.63,1,0,0
1741938421,4.206,102.25,0,0,99.46,30.82,1160,27.4,31.95,2.51,2.7,2.74,2.75,17.36,19.9,20,20.02,20.03,0.63,1,0,0
1741938481,4.207,102.25,0,0,99.46,30.82,1160,27.43,31.91,2.75,2.96,3,3.01,19.03,21.81,21.92,21.94,21.95,0.62,1,0,0
1741938541,4.206,102.25,0,0,99.46,30.82,1160,27.41,31.98,2.9,3.11,3.14,3.15,20.16,23.08,23.18,23.2,23.2,0.61,1,0,0
1741938601,4.206,102.25,0,0,99.46,30.84,1163,27.45,31.98,2.89,3.11,3.14,3.15,20.05,22.97,23.08,23.09,23.1,0.62,1,0,0
1741938661,4.207,102.25,0,0,99.47,30.81,1164,27.44,31.92,2.7,2.91,2.95,2.95,18.73,21.47,21.57,21.59,21.59,0.63,1,0,0
1741938721,4.205,102.25,0,0,99.47,30.81,1165,27.43,32,3.25,3.49,3.53,3.54,22.56,25.84,25.96,25.98,25.98,0.62,1,0,0
1741938781,4.205,102.25,0,0,99.47,30.84,1167,27.44,31.93,2.94,3.16,3.21,3.22,20.36,23.34,23.45,23.47,23.48,0.64,1,0,0
1741938841,4.206,102.25,0,0,99.47,30.83,1170,27.45,32,2.57,2.76,2.8,2.81,17.83,20.43,20.53,20.54,20.54,0.63,1,0,0
1741938901,4.206,102.25,0,0,99.47,30.85,1172,27.47,31.98,2.64,2.84,2.88,2.88,18.3,20.97,21.07,21.08,21.09,0.63,1,0,0
1741938961,4.206,102.25,0,0,99.46,30.83,1172,27.46,31.89,2.45,2.67,2.73,2.74,16.93,19.45,19.58,19.6,19.6,0.64,1,0,0
1741939021,4.205,102.25,0,0,99.46,30.86,1175,27.48,32.03,2.99,3.24,3.31,3.33,20.61,23.67,23.82,23.84,23.85,0.62,1,0,0
1741939081,4.206,102.25,0,0,99.46,30.85,1175,27.45,31.89,2.88,3.09,3.13,3.14,19.97,22.88,22.99,23,23.01,0.59,1,0,0
1741939141,4.205,102.25,0,0,99.46,30.85,1176,27.49,31.85,2.79,3.01,3.05,3.06,19.33,22.16,22.28,22.3,22.3,0.6,1,0,0
1741939201,4.205,102.25,0,0,99.46,30.84,1179,27.48,31.84,2.94,3.11,3.11,3.11,20.48,23.39,23.44,23.45,23.45,0.59,1,0,0
1741939261,4.205,102.25,0,0,99.46,30.84,1178,27.48,31.77,2.31,2.44,2.44,2.44,16.09,18.37,18.42,18.42,18.42,0.58,1,0,0
1741939321,4.205,102.25,0,0,99.46,30.84,1182,27.48,31.89,2.63,2.83,2.86,2.87,18.27,20.93,21.02,21.04,21.04,0.59,1,0,0
1741939381,4.206,102.25,0,0,99.46,30.86,1183,27.48,31.88,2.45,2.63,2.66,2.66,17.02,19.49,19.58,19.59,19.59,0.6,1,0,0
1741939441,4.206,102.25,0,0,99.46,30.85,1185,27.49,31.84,2.26,2.43,2.45,2.46,15.72,18,18.07,18.09,18.09,0.61,1,0,0
1741939501,4.205,102.25,0,0,99.46,30.85,1186,27.51,31.89,2.63,2.81,2.83,2.84,18.29,20.93,21.01,21.02,21.02,0.6,1,0,0
1741939561,4.206,102.25,0,0,99.46,30.85,1189,27.49,31.94,2.76,2.96,2.99,2.99,19.18,21.95,22.05,22.06,22.06,0.62,1,0,0
1741939621,4.206,102.25,0,0,99.46,30.84,1188,27.49,31.89,2.6,2.78,2.81,2.82,18.01,20.62,20.71,20.73,20.73,0.6,1,0,0
1741939681,4.206,102.25,0,0,99.46,30.85,1191,27.49,31.95,2.5,2.65,2.65,2.65,17.42,19.9,19.95,19.96,19.96,0.59,1,0,0
1741939741,4.205,102.25,0,0,99.47,30.86,1193,27.53,31.99,2.89,3.08,3.1,3.1,20.1,22.99,23.07,23.08,23.08,0.59,1,0,0
1741939801,4.205,102.25,0,0,99.47,30.86,1194,27.54,31.93,3.1,3.3,3.32,3.32,21.56,24.66,24.74,24.75,24.76,0.61,1,0,0
1741939861,4.206,102.25,0,0,99.47,30.89,1195,27.53,31.94,2.33,2.49,2.51,2.52,16.14,18.48,18.56,18.57,18.57,0.61,1,0,0
1741939921,4.205,102.25,0,0,99.47,30.89,1197,27.5,31.92,3.32,3.55,3.58,3.59,23.05,26.38,26.48,26.5,26.5,0.62,1,0,0
1741939981,4.206,102.25,0,0,99.47,30.87,1199,27.51,31.82,3.2,3.42,3.45,3.46,22.21,25.42,25.52,25.54,25.54,0.62,1,0,0
1741940041,4.207,102.25,0,0,99.47,30.89,1199,27.52,31.9,2.66,2.85,2.87,2.88,18.49,21.16,21.25,21.26,21.26,0.62,1,0,0
1741940101,4.206,102.25,0,0,99.47,30.89,1201,27.54,31.97,2.61,2.79,2.82,2.83,18.09,20.72,20.81,20.82,20.82,0.64,1,0,0
1741940161,4.206,102.25,0,0,99.47,30.89,1207,27.55,32.04,2.92,3.13,3.16,3.17,20.29,23.23,23.33,23.34,23.35,0.62,1,0,0
1741940221,4.206,102.25,0,0,99.48,30.91,1210,27.54,32.03,2.56,2.75,2.78,2.78,17.77,20.35,20.44,20.45,20.46,0.63,1,0,0
1741940281,4.206,102.25,0,0,99.48,30.9,1213,27.53,31.99,2.52,2.71,2.74,2.74,17.51,20.05,20.14,20.15,20.16,0.63,1,0,0
1741940341,4.206,102.25,0,0,99.48,30.92,1213,27.54,31.96,2.68,2.86,2.89,2.9,18.59,21.29,21.37,21.38,21.39,0.62,1,0,0
1741940401,4.206,102.25,0,0,99.48,30.92,1213,27.53,31.92,2.48,2.67,2.71,2.71,17.15,19.66,19.76,19.77,19.78,0.62,1,0,0
1741940461,4.206,102.25,0,0,99.48,30.9,1212,27.54,31.91,3.16,3.39,3.43,3.43,21.9,25.08,25.2,25.21,25.22,0.62,1,0,0
1741940521,4.205,102.25,0,0,99.48,30.93,1211,27.56,32.09,2.56,2.73,2.74,2.75,17.82,20.38,20.45,20.46,20.46,0.59,1,0,0
1741940581,4.206,102.25,0,0,99.47,30.91,1211,27.57,31.96,2.25,2.38,2.38,2.38,15.7,17.93,17.98,17.98,17.98,0.59,1,0,0
1741940641,4.205,102.25,0,0,99.47,30.91,1212,27.57,32.03,2.62,2.77,2.77,2.77,18.24,20.83,20.88,20.89,20.89,0.59,1,0,0
1741940701,4.207,102.25,0,0,99.47,30.92,1213,27.57,31.92,2.19,2.32,2.32,2.33,15.26,17.44,17.49,17.49,17.49,0.61,1,0,0
1741940761,4.206,102.25,0,0,99.47,30.91,1218,27.56,31.93,2.5,2.66,2.67,2.67,17.42,19.91,19.97,19.98,19.98,0.61,1,0,0
1741940821,4.206,102.25,0,0,99.46,30.93,1220,27.58,31.94,2.79,2.96,2.97,2.97,19.47,22.24,22.3,22.31,22.31,0.61,1,0,0
1741940881,4.205,102.25,0,0,99.46,30.92,1221,27.57,32,2.94,3.13,3.14,3.15,20.46,23.39,23.47,23.48,23.48,0.63,1,0,0
1741940941,4.206,102.25,0,0,99.46,30.92,1221,27.6,32,3.03,3.22,3.23,3.24,21.12,24.14,24.22,24.23,24.23,0.61,1,0,0
1741941001,4.206,102.25,0,0,99.46,30.94,1223,27.6,32.05,2.51,2.67,2.68,2.68,17.46,19.96,20.03,20.03,20.04,0.62,1,0,0
1741941061,4.207,102.25,0,0,99.46,30.95,1223,27.61,32.01,2.91,3.09,3.1,3.1,20.24,23.13,23.2,23.21,23.21,0.62,1,0,0
1741941121,4.206,102.25,0,0,99.46,30.94,1224,27.59,31.92,2.33,2.48,2.49,2.49,16.17,18.49,18.56,18.57,18.57,0.62,1,0,0
1741941181,4.205,102.25,0,0,99.46,30.95,1226,27.59,31.87,2.88,3.07,3.1,3.1,19.99,22.87,22.96,22.97,22.98,0.63,1,0,0
1741941241,4.206,102.25,0,0,99.47,30.94,1227,27.6,31.9,2.63,2.81,2.84,2.85,18.22,20.86,20.95,20.97,20.97,0.64,1,0,0
1741941301,4.206,102.25,0,0,99.47,30.95,1228,27.6,31.95,2.62,2.79,2.81,2.81,18.21,20.82,20.9,20.91,20.91,0.62,1,0,0
1741941361,4.206,102.25,0,0,99.47,30.95,1227,27.6,31.94,2.61,2.78,2.79,2.79,18.13,20.74,20.81,20.81,20.82,0.61,1,0,0
1741941421,4.206,102.25,0,0,99.47,30.96,1228,27.6,31.88,2.83,3.03,3.06,3.07,19.61,22.46,22.56,22.57,22.57,0.62,1,0,0
1741941481,4.206,102.25,0,0,99.47,30.96,1229,27.6,31.89,2.48,2.65,2.68,2.69,17.18,19.67,19.76,19.77,19.78,0.61,1,0,0
1741941541,4.206,102.25,0,0,99.47,30.97,1232,27.61,31.91,2.72,2.91,2.94,2.95,18.86,21.59,21.68,21.7,21.7,0.62,1,0,0
1741941601,4.205,102.25,0,0,99.47,30.97,1232,27.61,31.96,2.97,3.18,3.2,3.21,20.64,23.62,23.72,23.73,23.73,0.63,1,0,0
1741941661,4.206,102.25,0,0,99.47,30.99,1232,27.62,32.06,2.58,2.78,2.82,2.82,17.87,20.48,20.58,20.6,20.6,0.63,1,0,0
1741941721,4.206,102.25,0,0,99.47,31.01,1231,27.63,32.06,2.47,2.64,2.67,2.67,17.16,19.64,19.72,19.73,19.74,0.61,1,0,0
1741941781,4.204,102.25,0,0,99.48,31.01,1235,27.6,32.11,2.6,2.77,2.8,2.8,18.05,20.65,20.73,20.74,20.75,0.61,1,0,0
1741941841,4.205,102.25,0,0,99.48,31.02,1235,27.62,32.08,2.76,2.96,2.99,3,19.12,21.9,22,22.01,22.02,0.6,1,0,0
1741941901,4.206,102.25,0,0,99.48,31.03,1237,27.61,32.11,2.79,2.95,2.95,2.95,19.43,22.2,22.25,22.26,22.26,0.58,1,0,0
1741941961,4.205,102.25,0,0,99.47,31.04,1237,27.65,32.09,2.52,2.68,2.68,2.69,17.56,20.06,20.12,20.13,20.13,0.59,1,0,0
1741942021,4.206,102.25,0,0,99.47,31.04,1242,27.65,32.13,3.11,3.3,3.31,3.31,21.66,24.75,24.83,24.83,24.84,0.59,1,0,0
1741942081,4.205,102.25,0,0,99.47,31.05,1244,27.64,32.18,2.71,2.89,2.92,2.92,18.82,21.54,21.62,21.63,21.64,0.61,1,0,0
1741942141,4.205,102.25,0,0,99.47,31.05,1246,27.65,32.22,2.84,3.02,3.04,3.04,19.8,22.63,22.7,22.71,22.72,0.6,1,0,0
1741942201,4.206,102.25,0,0,99.47,31.06,1247,27.65,32.19,2.46,2.61,2.62,2.62,17.14,19.58,19.64,19.64,19.65,0.59,1,0,0
1741942261,4.205,102.25,0,0,99.47,31.07,1248,27.65,32.17,2.52,2.67,2.67,2.67,17.58,20.07,20.13,20.13,20.13,0.61,1,0,0
1741942321,4.206,102.25,0,0,99.47,31.07,1247,27.65,32.19,2.89,3.07,3.07,3.07,20.16,23.03,23.09,23.1,23.1,0.6,1,0,0
1741942381,4.205,102.25,0,0,99.48,31.07,1246,27.68,32.25,2.51,2.67,2.68,2.68,17.51,20.01,20.07,20.08,20.08,0.61,1,0,0
1741942441,4.206,102.25,0,0,99.48,31.08,1244,27.67,32.24,2.57,2.72,2.73,2.73,17.86,20.41,20.47,20.48,20.48,0.62,1,0,0
1741942501,4.206,102.25,0,0,99.49,31.07,1244,27.7,32.18,2.35,2.51,2.52,2.52,16.38,18.73,18.79,18.8,18.8,0.61,1,0,0
1741942561,4.206,102.25,0,0,99.49,31.11,1245,27.68,32.16,2.93,3.13,3.16,3.16,20.35,23.29,23.38,23.39,23.4,0.61,1,0,0
1741942621,4.206,102.25,0,0,99.49,31.11,1248,27.72,32.05,2.75,2.96,2.99,3,19.08,21.87,21.97,21.98,21.99,0.62,1,0,0
1741942681,4.205,102.25,0,0,99.49,31.13,1262,27.69,32.13,2.41,2.6,2.64,2.65,16.71,19.16,19.25,19.27,19.27,0.63,1,0,0
1741942741,4.204,102.25,0,0,99.49,31.14,1266,27.7,32.09,2.75,2.95,2.99,3,19.03,21.8,21.91,21.93,21.93,0.61,1,0,0
1741942801,4.205,102.25,0,0,99.49,31.16,1273,27.69,32.11,2.57,2.75,2.78,2.78,17.85,20.44,20.52,20.53,20.54,0.62,1,0,0
1741942861,4.206,102.25,0,0,99.49,31.16,1276,27.72,32.1,2.8,3,3.04,3.05,19.39,22.21,22.31,22.33,22.33,0.63,1,0,0
1741942921,4.207,102.25,0,0,99.49,31.17,1277,27.74,32.09,3.33,3.57,3.61,3.62,23.08,26.44,26.56,26.57,26.58,0.64,1,0,0
1741942981,4.206,102.25,0,0,99.49,31.16,1280,27.72,32.04,2.47,2.64,2.66,2.67,17.14,19.62,19.7,19.71,19.71,0.62,1,0,0
1741943041,4.205,102.25,0,0,99.48,31.17,1279,27.72,32.11,2.92,3.14,3.17,3.18,20.28,23.23,23.33,23.35,23.35,0.62,1,0,0
1741943101,4.206,102.25,0,0,99.48,31.17,1279,27.72,32.11,2.73,2.92,2.94,2.95,18.93,21.67,21.76,21.77,21.78,0.61,1,0,0
1741943161,4.206,102.25,0,0,99.48,31.18,1279,27.73,32.06,2.44,2.62,2.66,2.67,16.87,19.34,19.44,19.45,19.46,0.61,1,0,0
1741943221,4.205,102.25,0,0,99.48,31.19,1283,27.73,32.06,2.4,2.58,2.62,2.63,16.64,19.07,19.17,19.18,19.18,0.61,1,0,0
1741943281,4.204,102.25,0,0,99.48,31.21,1284,27.76,32.16,3.11,3.33,3.36,3.36,21.57,24.7,24.8,24.81,24.82,0.61,1,0,0
1741943341,4.206,102.25,0,0,99.48,31.21,1285,27.74,32.08,2.94,3.14,3.16,3.17,20.39,23.34,23.43,23.44,23.44,0.61,1,0,0
1741943401,4.206,102.25,0,0,99.48,31.22,1286,27.74,32.19,2.86,3.05,3.06,3.07,19.93,22.79,22.86,22.87,22.88,0.59,1,0,0
1741943461,4.206,102.25,0,0,99.48,31.22,1286,27.75,32.17,3.03,3.21,3.21,3.21,21.15,24.15,24.21,24.22,24.22,0.59,1,0,0
1741943521,4.207,102.25,0,0,99.48,31.23,1287,27.73,32.22,2.87,3.03,3.03,3.03,19.99,22.83,22.89,22.89,22.9,0.59,1,0,0
1741943581,4.205,102.25,0,0,99.48,31.23,1287,27.77,32.2,2.72,2.87,2.87,2.87,18.93,21.62,21.67,21.68,21.68,0.58,1,0,0
1741943641,4.205,102.25,0,0,99.48,31.21,1286,27.75,32.19,3.04,3.22,3.22,3.22,21.2,24.21,24.27,24.28,24.28,0.57,1,0,0
1741943701,4.206,102.25,0,0,99.48,31.22,1287,27.76,32.19,2.88,3.06,3.07,3.08,20.07,22.94,23.01,23.02,23.02,0.59,1,0,0
1741943761,4.205,102.25,0,0,99.48,31.23,1288,27.78,32.21,2.57,2.76,2.79,2.8,17.84,20.43,20.52,20.53,20.54,0.62,1,0,0
1741943821,4.206,102.25,0,0,99.48,31.24,1289,27.76,32.25,2.51,2.7,2.73,2.73,17.43,19.97,20.06,20.07,20.07,0.63,1,0,0
1741943881,4.205,102.25,0,0,99.48,31.24,1287,27.77,32.21,2.8,3,3.03,3.04,19.4,22.22,22.32,22.33,22.33,0.61,1,0,0
1741943941,4.206,102.25,0,0,99.48,31.24,1289,27.78,32.28,2.83,3.05,3.09,3.1,19.62,22.49,22.6,22.62,22.62,0.61,1,0,0
1741944001,4.205,102.25,0,0,99.49,31.24,1291,27.77,32.36,3.01,3.23,3.28,3.29,20.83,23.88,23.99,24.01,24.01,0.6,1,0,0
1741944061,4.205,102.25,0,0,99.49,31.25,1294,27.78,32.4,2.67,2.86,2.9,2.9,18.53,21.22,21.32,21.33,21.33,0.6,1,0,0
1741944121,4.205,102.25,0,0,99.49,31.28,1297,27.79,32.4,2.54,2.74,2.77,2.78,17.61,20.18,20.28,20.3,20.3,0.6,1,0,0
1741944181,4.205,102.25,0,0,99.49,31.26,1297,27.78,32.44,2.92,3.1,3.11,3.12,20.32,23.23,23.3,23.31,23.31,0.59,1,0,0
1741944241,4.206,102.25,0,0,99.49,31.29,1298,27.82,32.46,2.63,2.79,2.79,2.79,18.32,20.93,20.99,20.99,21,0.58,1,0,0
1741944301,4.206,102.25,0,0,99.49,31.27,1297,27.8,32.35,2.62,2.77,2.77,2.77,18.24,20.83,20.88,20.88,20.89,0.58,1,0,0
1741944361,4.205,102.25,0,0,99.49,31.27,1297,27.8,32.41,3.17,3.35,3.35,3.35,22.07,25.21,25.27,25.27,25.28,0.56,1,0,0
1741944421,4.207,102.25,0,0,99.49,31.24,1297,27.8,32.26,2.53,2.67,2.67,2.67,17.63,20.13,20.18,20.18,20.18,0.59,1,0,0
1741944481,4.205,102.25,0,0,99.49,31.25,1299,27.79,32.37,2.48,2.63,2.63,2.63,17.31,19.77,19.82,19.82,19.83,0.56,1,0,0
1741944541,4.205,102.25,0,0,99.49,31.23,1300,27.8,32.31,3.02,3.21,3.22,3.22,21.03,24.04,24.11,24.12,24.12,0.6,1,0,0
1741944601,4.205,102.25,0,0,99.5,31.23,1298,27.82,32.32,2.45,2.62,2.65,2.65,16.97,19.44,19.52,19.53,19.54,0.62,1,0,0
1741944661,4.206,102.25,0,0,99.5,31.22,1302,27.83,32.28,2.66,2.83,2.86,2.86,18.45,21.12,21.2,21.21,21.21,0.61,1,0,0
1741944721,4.206,102.25,0,0,99.51,31.22,1301,27.83,32.22,2.57,2.76,2.79,2.8,17.85,20.44,20.53,20.55,20.55,0.63,1,0,0
1741944781,4.206,102.25,0,0,99.51,31.23,1303,27.82,32.37,2.84,3.06,3.11,3.12,19.64,22.52,22.64,22.65,22.66,0.63,1,0,0
1741944841,4.206,102.25,0,0,99.51,31.23,1303,27.82,32.29,2.41,2.59,2.62,2.63,16.68,19.11,19.21,19.22,19.22,0.63,1,0,0
1741944901,4.206,102.25,0,0,99.51,31.23,1305,27.83,32.3,3.2,3.44,3.49,3.49,22.2,25.44,25.56,25.58,25.58,0.64,1,0,0
1741944961,4.206,102.25,0,0,99.51,31.23,1304,27.81,32.26,2.56,2.74,2.76,2.76,17.78,20.35,20.43,20.44,20.45,0.62,1,0,0
1741945021,4.205,102.25,0,0,99.51,31.22,1304,27.82,32.27,2.68,2.87,2.89,2.9,18.61,21.31,21.39,21.4,21.41,0.63,1,0,0
1741945081,4.206,102.25,0,0,99.51,31.23,1304,27.84,32.39,3.02,3.23,3.26,3.27,20.98,24.01,24.11,24.12,24.12,0.62,1,0,0
1741945141,4.206,102.25,0,0,99.51,31.23,1305,27.83,32.32,2.58,2.75,2.77,2.78,17.9,20.49,20.56,20.58,20.58,0.62,1,0,0
1741945201,4.206,102.25,0,0,99.51,31.23,1305,27.83,32.19,2.34,2.49,2.5,2.5,16.26,18.59,18.65,18.66,18.66,0.6,1,0,0
1741945261,4.205,102.25,0,0,99.51,31.23,1308,27.83,32.3,2.69,2.87,2.89,2.89,18.73,21.42,21.5,21.51,21.51,0.63,1,0,0
1741945321,4.206,102.25,0,0,99.51,31.24,1309,27.85,32.31,2.56,2.72,2.74,2.74,17.8,20.35,20.42,20.43,20.43,0.6,1,0,0
1741945381,4.206,102.25,0,0,99.5,31.24,1308,27.86,32.24,3.23,3.43,3.45,3.45,22.47,25.69,25.77,25.79,25.79,0.6,1,0,0
1741945441,4.206,102.25,0,0,99.5,31.24,1308,27.83,32.27,2.7,2.88,2.89,2.89,18.82,21.52,21.58,21.59,21.6,0.61,1,0,0
1741945501,4.206,102.25,0,0,99.5,31.23,1308,27.85,32.29,2.91,3.13,3.17,3.18,20.2,23.14,23.25,23.27,23.27,0.63,1,0,0
1741945561,4.205,102.25,0,0,99.5,31.24,1305,27.85,32.33,3.15,3.34,3.34,3.34,21.99,25.11,25.18,25.18,25.19,0.58,1,0,0
1741945621,4.205,102.25,0,0,99.5,31.23,1304,27.85,32.24,2.71,2.88,2.9,2.9,18.84,21.55,21.62,21.63,21.63,0.59,1,0,0
1741945681,4.206,102.25,0,0,99.5,31.22,1305,27.84,32.28,3.32,3.56,3.6,3.61,22.99,26.34,26.47,26.48,26.49,0.6,1,0,0
1741945741,4.205,102.25,0,0,99.5,31.22,1305,27.87,32.23,2.76,2.92,2.92,2.92,19.25,21.98,22.04,22.04,22.05,0.58,1,0,0
1741945801,4.206,102.25,0,0,99.5,31.22,1304,27.84,32.19,3.09,3.27,3.27,3.27,21.57,24.63,24.69,24.69,24.7,0.58,1,0,0
1741945861,4.206,102.25,0,0,99.5,31.22,1303,27.85,32.29,2.83,3,3.01,3.01,19.71,22.52,22.58,22.59,22.59,0.6,1,0,0
1741945921,4.205,102.25,0,0,99.5,31.23,1302,27.88,32.13,2.91,3.1,3.12,3.12,20.25,23.16,23.24,23.25,23.25,0.61,1,0,0
1741945981,4.206,102.25,0,0,99.5,31.25,1306,27.85,32.17,3.01,3.21,3.22,3.23,20.94,23.94,24.02,24.03,24.04,0.61,1,0,0
1741946041,4.206,102.25,0,0,99.5,31.24,1303,27.87,32.04,3.13,3.35,3.39,3.39,21.74,24.89,24.99,25.01,25.01,0.63,1,0,0
1741946101,4.207,102.25,0,0,99.5,31.24,1304,27.87,32.11,2.81,3,3.03,3.04,19.52,22.35,22.43,22.45,22.45,0.61,1,0,0
1741946161,4.207,102.25,0,0,99.5,31.24,1306,27.86,32.06,2.87,3.05,3.06,3.07,19.95,22.81,22.89,22.89,22.9,0.6,1,0,0
1741946221,4.205,102.25,0,0,99.5,31.24,1307,27.85,32.09,3.63,3.84,3.85,3.85,25.28,28.87,28.95,28.96,28.96,0.59,1,0,0
1741946281,4.205,102.25,0,0,99.5,31.27,1309,27.87,32.14,2.87,3.05,3.06,3.07,19.96,22.82,22.89,22.9,22.91,0.61,1,0,0
1741946341,4.205,102.25,0,0,99.5,31.25,1307,27.87,32.1,3.31,3.53,3.55,3.55,23.04,26.35,26.44,26.45,26.46,0.61,1,0,0
1741946401,4.205,102.25,0,0,99.51,31.27,1308,27.86,32.2,2.95,3.13,3.15,3.15,20.49,23.43,23.51,23.52,23.53,0.6,1,0,0
1741946461,4.206,102.25,0,0,99.51,31.26,1307,27.86,32.11,3.06,3.25,3.27,3.27,21.28,24.33,24.41,24.42,24.42,0.61,1,0,0
1741946521,4.207,102.25,0,0,99.51,31.27,1306,27.87,32.16,2.66,2.85,2.87,2.88,18.47,21.15,21.23,21.25,21.25,0.62,1,0,0
1741946581,4.206,102.25,0,0,99.51,31.25,1308,27.85,32.11,3.25,3.47,3.49,3.5,22.56,25.82,25.92,25.93,25.93,0.6,1,0,0
1741946641,4.205,102.25,0,0,99.51,31.24,1312,27.88,32.08,3.02,3.22,3.25,3.26,20.96,23.99,24.08,24.1,24.1,0.59,1,0,0
1741946701,4.207,102.25,0,0,99.51,31.24,1316,27.88,32.14,3.11,3.32,3.34,3.35,21.63,24.75,24.84,24.85,24.86,0.61,1,0,0
1741946761,4.207,102.25,0,0,99.52,31.25,1317,27.85,32.11,2.97,3.18,3.21,3.22,20.6,23.59,23.69,23.7,23.71,0.63,1,0,0
1741946821,4.205,102.25,0,0,99.52,31.24,1318,27.85,32.12,3.12,3.35,3.39,3.4,21.66,24.81,24.92,24.94,24.94,0.64,1,0,0
1741946881,4.206,102.25,0,0,99.52,31.24,1319,27.88,32.08,3.08,3.3,3.34,3.35,21.33,24.43,24.55,24.56,24.57,0.62,1,0,0
1741946941,4.206,102.25,0,0,99.52,31.25,1319,27.88,32.08,3.04,3.27,3.31,3.32,21.06,24.13,24.24,24.26,24.27,0.63,1,0,0
1741947001,4.205,102.25,0,0,99.52,31.23,1320,27.9,32.15,3.13,3.36,3.4,3.41,21.7,24.86,24.98,25,25,0.6,1,0,0
1741947061,4.205,102.25,0,0,99.52,31.25,1320,27.92,32.18,3.03,3.25,3.29,3.29,21.05,24.11,24.21,24.23,24.23,0.6,1,0,0
1741947121,4.206,102.25,0,0,99.52,31.24,1321,27.89,32.12,3.27,3.46,3.46,3.46,22.82,26.07,26.13,26.14,26.14,0.59,1,0,0
1741947181,4.206,102.25,0,0,99.52,31.23,1321,27.89,32.07,2.79,2.97,2.99,3,19.41,22.2,22.28,22.29,22.3,0.6,1,0,0
1741947241,4.205,102.25,0,0,99.52,31.24,1320,27.9,32.11,2.74,2.94,2.97,2.98,18.99,21.75,21.85,21.86,21.87,0.59,1,0,0
1741947301,4.205,102.25,0,0,99.52,31.25,1320,27.89,32.06,3.23,3.45,3.47,3.48,22.45,25.69,25.78,25.79,25.8,0.6,1,0,0
1741947361,4.206,102.25,0,0,99.53,31.25,1321,27.88,32.07,2.68,2.85,2.87,2.87,18.66,21.33,21.4,21.41,21.41,0.6,1,0,0
1741947421,4.205,102.25,0,0,99.53,31.26,1323,27.92,32.17,3.51,3.73,3.75,3.76,24.42,27.92,28.01,28.02,28.03,0.6,1,0,0
1741947481,4.206,102.25,0,0,99.53,31.25,1326,27.91,32.12,2.85,3.02,3.03,3.03,19.81,22.64,22.71,22.71,22.72,0.6,1,0,0
1741947541,4.205,102.25,0,0,99.54,31.26,1326,27.91,32.03,3.38,3.6,3.63,3.63,23.51,26.89,26.98,27,27,0.63,1,0,0
1741947601,4.206,102.25,0,0,99.54,31.26,1326,27.9,32.15,3.32,3.54,3.56,3.57,23.09,26.41,26.5,26.51,26.52,0.62,1,0,0
1741947661,4.207,102.25,0,0,99.54,31.24,1328,27.93,32.1,3.02,3.21,3.22,3.23,21.01,24.02,24.1,24.11,24.11,0.63,1,0,0
1741947721,4.205,102.25,0,0,99.54,31.25,1328,27.91,32.03,3.11,3.31,3.32,3.32,21.65,24.75,24.83,24.84,24.84,0.62,1,0,0
1741947781,4.206,102.25,0,0,99.54,31.26,1328,27.92,32.06,3.22,3.41,3.42,3.42,22.41,25.6,25.67,25.68,25.68,0.61,1,0,0
1741947841,4.206,102.25,0,0,99.54,31.27,1329,27.9,32.16,3.08,3.27,3.27,3.28,21.48,24.54,24.61,24.62,24.62,0.6,1,0,0
1741947901,4.206,102.25,0,0,99.54,31.28,1331,27.91,32.16,3.02,3.2,3.21,3.21,21.04,24.04,24.11,24.11,24.12,0.6,1,0,0
1741947961,4.206,102.25,0,0,99.54,31.3,1333,27.92,32.14,2.95,3.14,3.15,3.16,20.53,23.48,23.55,23.56,23.57,0.63,1,0,0
1741948021,4.206,102.25,0,0,99.54,31.3,1336,27.91,32.12,2.76,2.93,2.94,2.95,19.2,21.95,22.02,22.03,22.03,0.62,1,0,0
1741948081,4.206,102.25,0,0,99.55,31.33,1337,27.91,32.24,2.91,3.1,3.11,3.11,20.26,23.16,23.23,23.24,23.25,0.63,1,0,0
1741948141,4.205,102.25,0,0,99.55,31.35,1343,27.91,32.14,2.74,2.9,2.91,2.91,19.05,21.77,21.83,21.84,21.84,0.61,1,0,0
1741948201,4.205,102.25,0,0,99.55,31.35,1343,27.91,32.15,2.98,3.17,3.18,3.19,20.7,23.67,23.75,23.76,23.77,0.63,1,0,0
1741948261,4.206,102.25,0,0,99.55,31.36,1344,27.91,32.2,3.09,3.29,3.31,3.32,21.52,24.61,24.69,24.71,24.71,0.61,1,0,0
1741948321,4.205,102.25,0,0,99.55,31.38,1342,27.92,32.13,2.99,3.19,3.22,3.22,20.76,23.76,23.85,23.86,23.86,0.61,1,0,0
1741948381,4.204,102.25,0,0,99.55,31.38,1345,27.93,32.2,2.74,2.9,2.91,2.91,19.12,21.84,21.9,21.91,21.91,0.59,1,0,0
1741948441,4.206,102.25,0,0,99.56,31.38,1346,27.93,32.15,3.01,3.21,3.23,3.24,20.89,23.9,23.99,24,24.01,0.6,1,0,0
1741948501,4.205,102.25,0,0,99.56,31.38,1348,27.94,32.18,3.16,3.35,3.35,3.35,22.03,25.17,25.23,25.24,25.24,0.59,1,0,0
1741948561,4.207,102.25,0,0,99.56,31.4,1348,27.95,32.2,3.05,3.22,3.22,3.22,21.24,24.26,24.31,24.32,24.32,0.57,1,0,0
1741948621,4.205,102.25,0,0,99.56,31.37,1349,27.93,32.2,3.03,3.2,3.2,3.2,21.13,24.13,24.19,24.19,24.2,0.58,1,0,0
1741948681,4.206,102.25,0,0,99.56,31.39,1346,27.94,32.2,2.73,2.89,2.89,2.9,19.03,21.74,21.79,21.8,21.8,0.58,1,0,0
1741948741,4.206,102.25,0,0,99.56,31.4,1347,27.95,32.29,2.89,3.06,3.06,3.06,20.18,23.05,23.1,23.11,23.11,0.57,1,0,0
1741948801,4.205,102.25,0,0,99.56,31.39,1349,27.94,32.24,2.87,3.04,3.04,3.04,20.03,22.87,22.93,22.93,22.94,0.59,1,0,0
1741948861,4.205,102.25,0,0,99.56,31.42,1352,27.97,32.31,2.4,2.56,2.58,2.58,16.66,19.06,19.13,19.14,19.14,0.61,1,0,0
1741948921,4.205,102.25,0,0,99.57,31.42,1352,27.97,32.25,3.26,3.5,3.54,3.54,22.61,25.9,26.01,26.03,26.03,0.62,1,0,0
1741948981,4.206,102.25,0,0,99.57,31.42,1354,27.96,32.26,2.7,2.9,2.93,2.94,18.71,21.44,21.53,21.55,21.55,0.62,1,0,0
1741949041,4.206,102.25,0,0,99.56,31.42,1356,27.96,32.22,2.95,3.14,3.16,3.16,20.54,23.49,23.57,23.58,23.58,0.62,1,0,0
1741949101,4.206,102.25,0,0,99.56,31.42,1356,27.96,32.25,2.8,2.99,3.02,3.02,19.47,22.28,22.37,22.38,22.38,0.62,1,0,0
1741949161,4.206,102.25,0,0,99.56,31.43,1356,27.97,32.25,3.06,3.26,3.27,3.27,21.31,24.36,24.44,24.45,24.45,0.62,1,0,0
1741949221,4.205,102.25,0,0,99.56,31.43,1360,27.99,32.29,2.69,2.86,2.87,2.87,18.76,21.44,21.5,21.51,21.51,0.62,1,0,0
1741949281,4.205,102.25,0,0,99.56,31.43,1359,27.97,32.23,2.53,2.69,2.7,2.7,17.64,20.16,20.22,20.23,20.24,0.61,1,0,0
1741949341,4.205,102.25,0,0,99.56,31.44,1360,27.97,32.25,3.22,3.43,3.45,3.46,22.38,25.6,25.69,25.7,25.7,0.62,1,0,0
1741949401,4.205,102.25,0,0,99.56,31.45,1362,27.97,32.26,3.26,3.5,3.54,3.55,22.6,25.88,26,26.02,26.02,0.63,1,0,0
1741949461,4.206,102.25,0,0,99.56,31.46,1360,28,32.29,2.73,2.93,2.97,2.98,18.95,21.7,21.8,21.82,21.82,0.6,1,0,0
1741949521,4.205,102.25,0,0,99.56,31.46,1359,28,32.29,2.93,3.1,3.1,3.1,20.41,23.31,23.37,23.37,23.38,0.58,1,0,0
1741949581,4.205,102.25,0,0,99.56,31.47,1363,27.98,32.31,2.77,2.95,2.96,2.96,19.26,22.02,22.1,22.11,22.11,0.61,1,0,0
1741949641,4.205,102.25,0,0,99.56,31.49,1367,27.99,32.2,2.68,2.86,2.87,2.88,18.66,21.34,21.42,21.43,21.43,0.61,1,0,0
1741949701,4.205,102.25,0,0,99.56,31.49,1367,27.97,32.32,3.09,3.3,3.32,3.33,21.5,24.59,24.68,24.69,24.7,0.61,1,0,0
1741949761,4.206,102.25,0,0,99.56,31.49,1370,28,32.33,2.89,3.05,3.05,3.05,20.13,22.99,23.05,23.06,23.06,0.58,1,0,0
1741949821,4.205,102.25,0,0,99.56,31.49,1370,28,32.35,3.04,3.22,3.23,3.23,21.15,24.17,24.24,24.25,24.25,0.6,1,0,0
1741949881,4.206,102.25,0,0,99.56,31.5,1372,28.02,32.32,2.83,3.01,3.02,3.02,19.71,22.53,22.6,22.61,22.61,0.59,1,0,0
1741949941,4.206,102.25,0,0,99.56,31.51,1372,28,32.32,2.7,2.85,2.85,2.85,18.8,21.47,21.52,21.52,21.53,0.58,1,0,0
1741950001,4.206,102.25,0,0,99.56,31.5,1373,28,32.27,2.99,3.16,3.16,3.16,20.85,23.81,23.86,23.87,23.87,0.55,1,0,0
1741950061,4.206,102.25,0,0,99.56,31.51,1371,28,32.25,3.14,3.32,3.32,3.32,21.87,24.98,25.04,25.04,25.05,0.58,1,0,0
1741950121,4.205,102.25,0,0,99.56,31.5,1366,28,32.2,2.8,2.96,2.96,2.96,19.5,22.27,22.32,22.33,22.33,0.57,1,0,0
1741950181,4.206,102.25,0,0,99.55,31.52,1366,28.01,32.25,2.75,2.91,2.91,2.91,19.18,21.9,21.95,21.96,21.96,0.58,1,0,0
1741950241,4.205,102.25,0,0,99.55,31.52,1364,28.03,32.21,2.84,3,3,3,19.8,22.61,22.67,22.67,22.68,0.58,1,0,0
1741950301,4.206,102.25,0,0,99.55,31.53,1366,28.02,32.19,3.26,3.45,3.45,3.45,22.75,25.98,26.05,26.05,26.06,0.57,1,0,0
1741950361,4.204,102.25,0,0,99.56,31.53,1367,28.02,32.21,3.22,3.41,3.41,3.41,22.45,25.64,25.71,25.71,25.72,0.59,1,0,0
1741950421,4.205,102.25,0,0,99.56,31.51,1365,28.04,32.23,2.68,2.83,2.83,2.83,18.68,21.33,21.38,21.39,21.39,0.58,1,0,0
1741950481,4.206,102.25,0,0,99.56,31.51,1364,28.04,32.24,3.24,3.42,3.42,3.42,22.56,25.76,25.82,25.83,25.84,0.58,1,0,0
1741950541,4.205,102.25,0,0,99.56,31.51,1363,28.03,32.13,3.01,3.2,3.22,3.22,20.95,23.95,24.03,24.04,24.04,0.6,1,0,0
1741950601,4.205,102.25,0,0,99.56,31.51,1365,28.04,32.2,3.08,3.26,3.26,3.26,21.49,24.54,24.6,24.61,24.61,0.58,1,0,0
1741950661,4.206,102.25,0,0,99.56,31.49,1368,28.06,32.14,3.36,3.55,3.55,3.55,23.41,26.74,26.8,26.81,26.81,0.58,1,0,0
1741950721,4.206,102.25,0,0,99.56,31.49,1366,28.04,32.21,3.4,3.6,3.6,3.6,23.71,27.08,27.14,27.15,27.16,0.58,1,0,0
1741950781,4.206,102.25,0,0,99.57,31.5,1363,28.03,32.17,3.05,3.22,3.22,3.22,21.24,24.25,24.31,24.32,24.32,0.57,1,0,0
1741950841,4.206,102.25,0,0,99.57,31.5,1366,28.04,32.21,3.14,3.32,3.32,3.32,21.89,25,25.06,25.07,25.07,0.59,1,0,0
1741950901,4.206,102.25,0,0,99.57,31.49,1365,28.03,32.27,3.14,3.34,3.36,3.37,21.81,24.95,25.04,25.05,25.05,0.61,1,0,0
1741950961,4.206,102.25,0,0,99.57,31.51,1365,28.03,32.24,3.13,3.35,3.37,3.38,21.74,24.88,24.98,24.99,25,0.63,1,0,0
1741951021,4.204,102.25,1,0,99.57,31.5,1364,28.06,32.27,3.27,3.48,3.49,3.5,22.72,25.98,26.07,26.08,26.08,0.6,1,0,0
1741951081,4.206,102.25,1,0,99.57,31.51,1365,28.08,32.34,3.53,3.76,3.78,3.79,24.58,28.1,28.2,28.21,28.22,0.6,1,0,0
1741951141,4.205,102.25,1,0,99.57,31.49,1365,28.07,32.24,3.36,3.59,3.63,3.63,23.33,26.7,26.81,26.82,26.83,0.61,1,0,0
1741951201,4.206,102.25,1,0,99.57,31.49,1367,28.07,32.2,3.35,3.59,3.62,3.63,23.26,26.62,26.74,26.75,26.76,0.61,1,0,0
1741951261,4.206,102.25,1,0,99.57,31.49,1366,28.07,32.2,3.26,3.48,3.51,3.51,22.65,25.92,26.02,26.03,26.04,0.61,1,0,0
1741951321,4.206,102.25,1,0,99.57,31.49,1366,28.06,32.29,3.64,3.9,3.94,3.95,25.28,28.94,29.07,29.08,29.09,0.61,1,0,0
1741951381,4.206,102.25,1,0,99.57,31.49,1367,28.04,32.31,3.02,3.23,3.26,3.26,20.98,24.01,24.11,24.12,24.13,0.62,1,0,0
1741951441,4.206,102.25,1,0,99.57,31.5,1366,28.05,32.33,3.77,4.03,4.07,4.08,26.21,30,30.12,30.14,30.14,0.61,1,0,0
1741951501,4.206,102.25,1,0,99.57,31.49,1366,28.06,32.18,3.38,3.62,3.66,3.67,23.42,26.82,26.94,26.96,26.97,0.63,1,0,0
1741951561,4.206,102.25,1,0,99.57,31.51,1366,28.06,32.34,3.64,3.91,3.96,3.97,25.25,28.93,29.06,29.08,29.09,0.63,1,0,0
1741951621,4.206,102.25,1,0,99.58,31.49,1363,28.05,32.28,3.31,3.59,3.66,3.68,22.89,26.28,26.44,26.46,26.47,0.63,1,0,0
1741951681,4.207,102.25,1,0,99.58,31.48,1366,28.06,32.25,3.29,3.53,3.57,3.58,22.82,26.13,26.25,26.27,26.27,0.62,1,0,0
1741951741,4.206,102.25,1,0,99.58,31.51,1367,28.05,32.16,3.49,3.74,3.78,3.79,24.22,27.74,27.86,27.88,27.89,0.62,1,0,0
1741951801,4.207,102.25,1,0,99.58,31.5,1370,28.06,32.33,3.88,4.16,4.2,4.21,26.92,30.83,30.96,30.98,30.99,0.62,1,0,0
1741951861,4.205,102.25,1,0,99.58,31.5,1368,28.06,32.25,3.37,3.61,3.65,3.66,23.37,26.77,26.89,26.9,26.91,0.63,1,0,0
1741951921,4.206,102.25,1,0,99.58,31.52,1371,28.07,32.23,3.43,3.7,3.75,3.76,23.75,27.23,27.37,27.39,27.4,0.64,1,0,0
1741951981,4.205,102.25,1,0,99.58,31.52,1369,28.06,32.19,3.46,3.76,3.85,3.87,23.87,27.43,27.61,27.64,27.64,0.65,1,0,0
1741952041,4.206,102.25,1,0,99.58,31.53,1369,28.07,32.19,3.26,3.59,3.69,3.71,22.44,25.83,26.04,26.08,26.08,0.66,1,0,0
1741952101,4.206,102.25,2,0,99.58,31.52,1368,28.06,32.18,3.21,3.52,3.61,3.63,22.13,25.45,25.64,25.67,25.68,0.65,1,0,0
1741952161,4.206,102.25,2,0,99.58,31.53,1368,28.07,32.22,3.55,3.86,3.94,3.95,24.53,28.17,28.35,28.38,28.38,0.64,1,0,0
1741952221,4.206,102.25,2,0,99.58,31.51,1370,28.08,32.15,3.27,3.55,3.63,3.64,22.56,25.91,26.08,26.1,26.11,0.65,1,0,0
1741952281,4.206,102.25,2,0,99.58,31.52,1370,28.06,32.14,3.68,4.01,4.11,4.13,25.35,29.14,29.35,29.38,29.39,0.66,1,0,0
1741952341,4.206,102.25,2,0,99.58,31.53,1369,28.08,32.21,3.81,4.22,4.37,4.4,26.15,30.15,30.43,30.48,30.49,0.68,1,0,0
1741952401,4.206,102.25,2,0,99.58,31.52,1367,28.05,32.09,3.59,3.95,4.08,4.11,24.64,28.39,28.63,28.67,28.68,0.66,1,0,0
1741952461,4.205,102.25,2,0,99.58,31.52,1371,28.05,32.04,3.71,4.03,4.13,4.14,25.58,29.39,29.59,29.62,29.62,0.65,1,0,0
1741952521,4.206,102.25,2,0,99.58,31.53,1374,28.08,32.16,3.99,4.32,4.39,4.41,27.6,31.67,31.85,31.88,31.89,0.65,1,0,0
1741952581,4.207,102.25,2,0,99.57,31.53,1373,28.09,32.2,4.07,4.43,4.54,4.56,28.05,32.24,32.46,32.5,32.51,0.67,1,0,0
1741952641,4.206,102.25,2,0,99.57,31.53,1373,28.07,32.23,4.06,4.43,4.53,4.55,28.04,32.21,32.43,32.47,32.47,0.67,1,0,0
1741952701,4.206,102.25,3,0,99.57,31.54,1375,28.09,32.2,3.75,4.14,4.29,4.32,25.74,29.67,29.93,29.98,29.99,0.68,1,0,0
1741952761,4.205,102.25,3,0,99.57,31.54,1378,28.08,32.11,3.42,3.79,3.92,3.95,23.48,27.07,27.32,27.36,27.37,0.67,1,0,0
1741952821,4.206,102.25,3,0,99.57,31.55,1380,28.1,32.15,3.26,3.56,3.65,3.67,22.46,25.83,26.02,26.05,26.05,0.64,1,0,0
1741952881,4.205,102.25,3,0,99.57,31.52,1382,28.09,32.15,3.26,3.56,3.65,3.66,22.49,25.85,26.03,26.06,26.07,0.65,1,0,0
1741952941,4.206,102.25,3,0,99.57,31.53,1383,28.11,32.13,3.44,3.72,3.79,3.8,23.82,27.32,27.48,27.5,27.51,0.63,1,0,0
1741953001,4.205,102.25,3,0,99.57,31.56,1384,28.09,32.2,3.19,3.45,3.5,3.51,22.1,25.34,25.48,25.5,25.51,0.65,1,0,0
1741953061,4.206,102.25,3,0,99.58,31.55,1387,28.1,32.18,3.75,4.06,4.13,4.15,25.96,29.79,29.96,29.98,29.99,0.65,1,0,0
1741953121,4.206,102.25,4,0,99.58,31.54,1386,28.12,32.14,3.17,3.46,3.54,3.56,21.85,25.12,25.29,25.32,25.33,0.64,1,0,0
1741953181,4.205,102.25,4,0,99.58,31.56,1390,28.1,32.22,2.98,3.23,3.3,3.31,20.59,23.65,23.79,23.81,23.82,0.65,1,0,0
1741953241,4.206,102.25,4,0,99.57,31.54,1390,28.09,32.09,3.3,3.56,3.61,3.62,22.89,26.24,26.37,26.39,26.4,0.64,1,0,0
1741953301,4.205,102.25,4,0,99.57,31.55,1390,28.1,32.05,3.18,3.43,3.49,3.51,21.98,25.21,25.35,25.37,25.38,0.65,1,0,0
1741953361,4.205,102.25,4,0,99.57,31.55,1391,28.12,32.13,3.43,3.7,3.76,3.77,23.75,27.24,27.38,27.41,27.41,0.63,1,0,0
1741953421,4.206,102.25,4,0,99.57,31.56,1391,28.11,32.18,3.63,3.89,3.93,3.94,25.21,28.87,29,29.01,29.02,0.62,1,0,0
1741953481,4.206,102.25,4,0,99.57,31.55,1392,28.11,32.13,3.32,3.54,3.57,3.58,23.03,26.35,26.46,26.47,26.48,0.62,1,0,0
1741953541,4.206,102.25,4,0,99.57,31.55,1397,28.13,32.23,4.26,4.56,4.6,4.61,29.6,33.88,34.02,34.04,34.04,0.64,1,0,0
1741953601,4.206,102.25,5,0,99.57,31.55,1400,28.09,32.17,3.5,3.74,3.77,3.78,24.28,27.79,27.91,27.92,27.93,0.63,1,0,0
1741953661,4.205,102.25,5,0,99.58,31.56,1399,28.12,32.17,2.88,3.08,3.11,3.12,20.03,22.92,23.02,23.03,23.03,0.62,1,0,0
1741953721,4.207,102.25,5,0,99.58,31.56,1401,28.14,32.29,3.09,3.3,3.32,3.33,21.51,24.61,24.7,24.71,24.71,0.62,1,0,0
1741953781,4.205,102.25,6,0,99.58,31.57,1405,28.11,32.15,3.73,3.98,4.01,4.01,25.89,29.62,29.74,29.75,29.76,0.62,1,0,0
1741953841,4.206,102.25,6,0,99.58,31.58,1405,28.14,32.23,3.08,3.28,3.3,3.31,21.37,24.45,24.54,24.55,24.56,0.63,1,0,0
1741953901,4.207,102.25,6,0,99.58,31.59,1409,28.14,32.22,3.29,3.52,3.55,3.56,22.85,26.15,26.26,26.27,26.28,0.62,1,0,0
1741953961,4.205,102.25,6,0,99.57,31.6,1411,28.15,32.21,3.02,3.22,3.23,3.24,21.02,24.04,24.12,24.13,24.14,0.61,1,0,0
1741954021,4.206,102.25,6,0,99.57,31.62,1416,28.15,32.23,3.71,3.96,3.99,4,25.75,29.47,29.58,29.6,29.61,0.63,1,0,0
1741954081,4.206,102.25,7,0,99.57,31.63,1414,28.16,32.34,3.54,3.82,3.88,3.89,24.53,28.13,28.28,28.3,28.31,0.65,1,0,0
1741954141,4.206,102.25,7,0,99.57,31.62,1415,28.16,32.22,3.08,3.35,3.43,3.44,21.28,24.45,24.61,24.63,24.64,0.64,1,0,0
1741954201,4.206,102.25,8,0,99.57,31.63,1415,28.18,32.21,3.76,4.08,4.16,4.18,25.96,29.81,29.99,30.02,30.03,0.65,1,0,0
1741954261,4.204,102.25,8,0,99.57,31.66,1416,28.18,32.28,3.62,3.91,3.98,3.99,25.06,28.74,28.9,28.93,28.93,0.65,1,0,0
1741954321,4.205,102.25,8,0,99.57,31.66,1416,28.19,32.28,3.17,3.41,3.45,3.46,22.01,25.21,25.33,25.35,25.35,0.64,1,0,0
1741954381,4.205,102.25,9,0,99.57,31.67,1417,28.19,32.26,3.52,3.79,3.84,3.85,24.37,27.93,28.07,28.09,28.1,0.64,1,0,0
1741954441,4.205,102.25,10,0,99.57,31.69,1421,28.18,32.28,3.07,3.31,3.36,3.37,21.26,24.37,24.5,24.52,24.53,0.65,1,0,0
1741954501,4.207,102.25,11,0,99.57,31.7,1425,28.19,32.29,3.15,3.41,3.47,3.48,21.81,25.02,25.17,25.19,25.19,0.65,1,0,0
1741954561,4.207,102.25,12,0,99.57,31.69,1429,28.2,32.28,2.83,3.06,3.12,3.13,19.55,22.43,22.57,22.59,22.59,0.65,1,0,0
1741954621,4.206,102.25,13,0,99.57,31.71,1430,28.22,32.29,3.68,3.99,4.06,4.07,25.46,29.22,29.39,29.41,29.42,0.64,1,0,0
1741954681,4.206,102.25,13,0,99.57,31.71,1429,28.23,32.34,3.1,3.35,3.4,3.41,21.49,24.64,24.77,24.79,24.8,0.66,1,0,0
1741954741,4.205,102.25,15,0,99.57,31.75,1429,28.22,32.32,3.31,3.61,3.69,3.7,22.85,26.26,26.43,26.46,26.47,0.67,1,0,0
1741954801,4.207,102.25,17,0,99.57,31.75,1423,28.22,32.31,3.5,3.79,3.86,3.88,24.15,27.73,27.89,27.92,27.93,0.65,1,0,0
1741954861,4.206,102.25,19,0,99.57,31.77,1421,28.24,32.24,3.19,3.42,3.46,3.47,22.14,25.36,25.47,25.48,25.49,0.63,1,0,0
1741954921,4.206,102.25,20,0,99.57,31.78,1422,28.26,32.22,3.62,3.89,3.94,3.95,25.13,28.79,28.92,28.94,28.95,0.64,1,0,0
1741954981,4.205,102.25,21,0,99.56,31.78,1421,28.28,32.19,3.24,3.48,3.53,3.54,22.45,25.73,25.85,25.87,25.88,0.63,1,0,0
1741955041,4.205,102.25,22,0,99.56,31.82,1424,28.29,32.25,3.24,3.47,3.5,3.5,22.51,25.76,25.87,25.88,25.89,0.62,1,0,0
1741955101,4.206,102.25,24,0,99.56,31.82,1429,28.32,32.29,3.16,3.38,3.42,3.42,21.93,25.11,25.22,25.23,25.24,0.64,1,0,0
1741955161,4.206,102.25,25,0,99.56,31.84,1431,28.31,32.29,3.16,3.39,3.42,3.42,21.96,25.14,25.25,25.26,25.27,0.63,1,0,0
1741955221,4.206,102.25,26,0,99.56,31.87,1432,28.34,32.21,2.86,3.08,3.11,3.12,19.84,22.74,22.84,22.86,22.86,0.63,1,0,0
1741955281,4.206,102.25,24,0,99.56,31.89,1432,28.34,32.29,2.54,2.73,2.76,2.77,17.6,20.17,20.26,20.27,20.28,0.62,1,0,0
1741955341,4.206,102.25,27,0,99.56,31.93,1432,28.34,32.22,3.05,3.26,3.29,3.3,21.16,24.22,24.32,24.34,24.34,0.6,1,0,0
1741955401,4.206,102.25,30,0,99.57,31.96,1429,28.35,32.16,2.35,2.51,2.53,2.53,16.3,18.66,18.73,18.74,18.74,0.61,1,0,0
1741955461,4.205,102.25,30,0,99.57,32,1425,28.4,32.18,3.04,3.23,3.24,3.24,21.13,24.16,24.23,24.24,24.24,0.6,1,0,0
1741955521,4.205,102.25,30,0,99.57,32.02,1425,28.42,32.28,2.59,2.75,2.76,2.76,18.05,20.62,20.68,20.69,20.69,0.6,1,0,0
1741955581,4.207,102.25,32,0,99.57,32.05,1425,28.44,32.18,2.8,2.99,3.01,3.02,19.49,22.29,22.38,22.39,22.39,0.62,1,0,0
1741955641,4.206,102.25,32,0,99.57,32.08,1425,28.45,32.19,3.01,3.23,3.27,3.28,20.86,23.9,24.01,24.03,24.03,0.61,1,0,0
1741955701,4.206,102.25,34,0,99.57,32.14,1427,28.47,32.2,2.8,2.99,3.02,3.02,19.42,22.23,22.32,22.33,22.33,0.6,1,0,0
1741955761,4.205,102.25,34,0,99.57,32.14,1433,28.47,32.2,3.29,3.53,3.58,3.58,22.85,26.17,26.29,26.31,26.31,0.61,1,0,0
1741955821,4.206,102.25,34,0,99.57,32.18,1434,28.51,32.15,2.8,3.02,3.06,3.07,19.43,22.27,22.38,22.4,22.4,0.62,1,0,0
1741955881,4.206,102.25,33,0,99.57,32.19,1437,28.53,32.19,3,3.27,3.34,3.35,20.74,23.82,23.97,24,24,0.61,1,0,0
1741955941,4.205,102.25,34,0,99.57,32.2,1443,28.55,32.22,2.97,3.27,3.37,3.39,20.38,23.48,23.68,23.71,23.72,0.63,1,0,0
1741956001,4.206,102.25,35,0,99.57,32.23,1449,28.54,32.22,2.41,2.62,2.68,2.69,16.65,19.12,19.24,19.26,19.27,0.63,1,0,0
1741956061,4.206,102.25,35,0,99.56,32.25,1453,28.58,32.29,3.23,3.51,3.58,3.6,22.34,25.65,25.81,25.84,25.84,0.64,1,0,0
1741956121,4.206,102.25,35,0,99.56,32.28,1453,28.62,32.24,2.8,3.03,3.1,3.11,19.32,22.18,22.31,22.34,22.34,0.63,1,0,0
1741956181,4.205,102.25,36,0,99.56,32.28,1457,28.59,32.25,2.79,3.09,3.2,3.22,19.11,22.04,22.24,22.28,22.28,0.67,1,0,0
1741956241,4.205,102.25,36,0,99.56,32.3,1460,28.6,32.28,2.98,3.29,3.4,3.42,20.45,23.57,23.78,23.81,23.82,0.65,1,0,0
1741956301,4.205,102.25,36,0,99.56,32.3,1465,28.64,32.27,2.88,3.14,3.21,3.23,19.84,22.8,22.96,22.99,22.99,0.63,1,0,0
1741956361,4.205,102.25,35,0,99.56,32.33,1468,28.65,32.2,2.99,3.24,3.31,3.32,20.66,23.72,23.86,23.89,23.89,0.63,1,0,0
1741956421,4.206,102.25,35,0,99.56,32.34,1471,28.65,32.29,2.49,2.7,2.75,2.76,17.17,19.72,19.84,19.86,19.86,0.63,1,0,0
1741956481,4.206,102.25,37,0,99.55,32.36,1471,28.66,32.23,3.22,3.48,3.53,3.54,22.3,25.58,25.72,25.74,25.74,0.61,1,0,0
1741956541,4.206,102.25,36,0,99.55,32.36,1472,28.67,32.36,2.83,3.08,3.15,3.16,19.56,22.47,22.61,22.64,22.64,0.64,1,0,0
1741956601,4.206,102.25,35,0,99.55,32.37,1475,28.7,32.28,2.52,2.78,2.88,2.9,17.28,19.92,20.09,20.12,20.13,0.65,1,0,0
1741956661,4.206,102.25,32,0,99.55,32.37,1476,28.69,32.33,2.66,2.91,2.99,3.01,18.28,21.04,21.2,21.22,21.23,0.65,1,0,0
1741956721,4.205,102.25,32,0,99.55,32.4,1477,28.71,32.23,2.9,3.14,3.21,3.22,20.01,22.98,23.12,23.14,23.15,0.64,1,0,0
1741956781,4.205,102.25,30,0,99.55,32.41,1478,28.69,32.23,2.81,3.09,3.18,3.2,19.35,22.27,22.45,22.48,22.49,0.65,1,0,0
1741956841,4.204,102.25,35,0,99.55,32.43,1477,28.71,32.2,2.98,3.27,3.36,3.38,20.52,23.61,23.79,23.82,23.83,0.63,1,0,0
1741956901,4.207,102.25,36,0,99.55,32.4,1476,28.73,32.21,2.76,2.98,3.03,3.04,19.07,21.88,22,22.02,22.03,0.61,1,0,0
1741956961,4.205,102.25,33,0,99.55,32.41,1477,28.75,32.18,2.93,3.15,3.19,3.2,20.29,23.25,23.37,23.38,23.39,0.6,1,0,0
1741957021,4.205,102.25,36,0,99.55,32.44,1478,28.74,32.21,3.07,3.3,3.34,3.35,21.25,24.35,24.47,24.48,24.49,0.61,1,0,0
1741957081,4.206,102.25,40,0,99.55,32.45,1475,28.75,32.19,2.93,3.16,3.2,3.21,20.32,23.29,23.41,23.42,23.43,0.61,1,0,0
1741957141,4.205,102.25,40,0,99.55,32.45,1477,28.77,32.35,2.82,3.04,3.08,3.09,19.53,22.39,22.5,22.52,22.53,0.62,1,0,0
1741957201,4.206,102.25,42,0,99.55,32.45,1478,28.8,32.26,2.91,3.1,3.12,3.12,20.24,23.15,23.23,23.24,23.24,0.61,1,0,0
1741957261,4.205,102.25,44,0,99.56,32.46,1481,28.81,32.39,2.77,2.94,2.95,2.95,19.31,22.07,22.13,22.14,22.14,0.61,1,0,0
1741957321,4.204,102.25,44,0,99.55,32.48,1484,28.81,33.05,3.14,3.35,3.38,3.38,21.83,24.97,25.06,25.08,25.08,0.63,1,0,0
1741957381,4.205,102.25,45,0,99.55,32.48,1494,28.81,33.37,3.32,3.54,3.56,3.56,23.07,26.38,26.48,26.49,26.49,0.63,1,0,0
1741957441,4.207,102.25,44,0,99.55,32.48,1513,28.8,34.01,3.14,3.38,3.42,3.43,21.8,24.97,25.09,25.11,25.11,0.63,1,0,0
1741957501,4.204,102.25,43,0,99.55,32.49,1506,28.79,33.68,3.04,3.26,3.3,3.3,21.11,24.18,24.28,24.3,24.3,0.63,1,0,0
1741957561,4.205,102.25,44,0,99.56,32.5,1498,28.79,34.27,3.04,3.24,3.27,3.27,21.12,24.16,24.25,24.26,24.27,0.62,1,0,0
1741957621,4.206,102.25,44,0,99.56,32.5,1496,28.78,34.09,3.15,3.39,3.43,3.44,21.81,25,25.12,25.14,25.15,0.65,1,0,0
1741957681,4.205,102.25,42,0,99.56,32.5,1487,28.78,34.02,2.69,2.88,2.91,2.92,18.66,21.37,21.47,21.48,21.49,0.62,1,0,0
1741957741,4.206,102.25,37,0,99.56,32.51,1466,28.79,34.02,3.09,3.34,3.39,3.41,21.38,24.53,24.66,24.68,24.69,0.6,1,0,0
1741957801,4.206,102.25,40,0,99.56,32.51,1437,28.8,33.89,2.99,3.22,3.27,3.28,20.68,23.72,23.84,23.86,23.87,0.62,1,0,0
1741957861,4.205,102.25,42,0,99.56,32.49,1415,28.81,33.6,2.91,3.13,3.17,3.18,20.17,23.11,23.22,23.24,23.24,0.61,1,0,0
1741957921,4.205,102.25,43,0,99.56,32.51,1400,28.81,33.23,3.34,3.59,3.63,3.64,23.14,26.51,26.64,26.66,26.66,0.63,1,0,0
1741957981,4.206,102.25,41,0,99.56,32.51,1376,28.81,32.87,2.74,2.94,2.97,2.97,19.04,21.8,21.9,21.91,21.91,0.62,1,0,0
1741958041,4.206,102.25,43,0,99.57,32.5,1362,28.82,32.83,3,3.2,3.23,3.23,20.82,23.83,23.92,23.93,23.94,0.63,1,0,0
1741958101,4.205,102.25,44,0,99.57,32.49,1348,28.83,32.65,3.05,3.27,3.31,3.32,21.15,24.23,24.34,24.36,24.36,0.64,1,0,0
1741958161,4.206,102.25,45,0,99.57,32.51,1338,28.85,32.47,2.92,3.15,3.21,3.22,20.21,23.18,23.31,23.33,23.33,0.64,1,0,0
1741958221,4.205,102.25,46,0,99.57,32.5,1321,28.87,32.29,3.24,3.49,3.55,3.56,22.44,25.73,25.86,25.89,25.89,0.65,1,0,0
1741958281,4.206,102.25,47,0,99.57,32.51,1311,28.83,32.14,2.8,3,3.03,3.04,19.41,22.23,22.33,22.34,22.35,0.64,1,0,0
1741958341,4.205,102.25,52,0,99.56,32.54,1300,28.86,32.06,2.9,3.12,3.16,3.17,20.1,23.03,23.14,23.16,23.17,0.65,1,0,0
1741958401,4.206,102.25,53,0,99.56,32.54,1282,28.86,31.76,2.74,2.93,2.94,2.95,19.08,21.83,21.9,21.91,21.92,0.63,1,0,0
1741958461,4.205,102.25,53,0,99.56,32.54,1273,28.87,31.88,2.76,2.93,2.94,2.95,19.2,21.94,22.01,22.02,22.02,0.62,1,0,0
1741958521,4.207,102.25,54,0,99.56,32.55,1261,28.85,31.67,2.82,3.01,3.04,3.04,19.61,22.44,22.52,22.53,22.54,0.62,1,0,0
1741958581,4.205,102.25,53,0,99.55,32.55,1249,28.87,31.35,2.84,3.01,3.02,3.02,19.74,22.56,22.63,22.63,22.64,0.61,1,0,0
1741958641,4.207,102.25,50,0,99.55,32.55,1242,28.87,31.43,2.58,2.74,2.75,2.75,17.99,20.56,20.62,20.63,20.63,0.61,1,0,0
1741958701,4.207,102.25,53,0,99.55,32.55,1234,28.85,30.96,2.88,3.07,3.08,3.09,20.01,22.88,22.96,22.97,22.98,0.61,1,0,0
1741958761,4.205,102.25,53,0,99.55,32.54,1222,28.85,31.04,2.82,2.98,2.98,2.98,19.63,22.42,22.47,22.48,22.48,0.58,1,0,0
1741958821,4.205,102.25,57,0,99.55,32.55,1220,28.87,31.14,2.24,2.37,2.37,2.37,15.63,17.85,17.9,17.9,17.9,0.59,1,0,0
1741958881,4.206,102.25,60,0,99.55,32.56,1216,28.9,31.04,2.59,2.74,2.75,2.75,18.09,20.66,20.71,20.72,20.72,0.58,1,0,0
1741958941,4.205,102.25,59,0,99.55,32.56,1208,28.89,30.98,2.54,2.68,2.68,2.68,17.68,20.19,20.24,20.24,20.25,0.56,1,0,0
1741959001,4.206,102.25,59,0,99.55,32.59,1207,28.9,30.99,2.84,3,3,3,19.8,22.61,22.67,22.67,22.68,0.57,1,0,0
1741959061,4.205,102.25,60,0,99.55,32.61,1204,28.9,30.92,2.76,2.92,2.92,2.92,19.25,21.98,22.04,22.04,22.04,0.58,1,0,0
1741959121,4.205,102.25,61,0,99.55,32.62,1195,28.89,30.75,2.78,2.99,3.02,3.03,19.31,22.12,22.22,22.23,22.24,0.6,1,0,0
1741959181,4.206,102.25,62,0,99.55,32.62,1193,28.91,30.35,2.49,2.64,2.64,2.64,17.35,19.82,19.87,19.88,19.88,0.59,1,0,0
1741959241,4.206,102.25,62,0,99.55,32.64,1187,28.94,30.67,2.75,2.92,2.93,2.93,19.16,21.9,21.97,21.98,21.98,0.59,1,0,0
1741959301,4.206,102.25,62,0,99.55,32.65,1189,28.93,30.53,2.7,2.87,2.89,2.89,18.81,21.5,21.57,21.58,21.58,0.59,1,0,0
1741959361,4.205,102.25,64,0,99.54,32.67,1185,28.91,30.37,2.45,2.59,2.6,2.6,17.05,19.48,19.53,19.54,19.54,0.59,1,0,0
1741959421,4.205,102.25,58,0,99.54,32.64,1166,28.93,29.94,2.41,2.57,2.59,2.59,16.75,19.16,19.23,19.24,19.24,0.61,1,0,0
1741959481,4.207,102.25,64,0,99.54,32.66,1156,28.93,30.06,2.8,2.98,2.99,2.99,19.45,22.24,22.31,22.32,22.33,0.6,1,0,0
1741959541,4.206,102.25,65,0,99.54,32.66,1144,28.94,29.82,2.49,2.63,2.63,2.63,17.33,19.79,19.84,19.84,19.85,0.59,1,0,0
1741959601,4.206,102.25,64,0,99.54,32.66,1142,28.94,29.96,2.59,2.74,2.74,2.74,18.05,20.62,20.67,20.67,20.68,0.59,1,0,0
1741959661,4.205,102.25,64,0,99.53,32.68,1138,28.97,29.86,2.42,2.56,2.56,2.56,16.86,19.25,19.29,19.3,19.3,0.58,1,0,0
1741959721,4.206,102.25,64,0,99.53,32.69,1128,28.95,29.59,2.43,2.57,2.57,2.57,16.95,19.35,19.4,19.4,19.41,0.57,1,0,0
1741959781,4.206,102.25,64,0,99.53,32.7,1117,28.94,29.47,2.7,2.86,2.86,2.86,18.83,21.5,21.55,21.56,21.56,0.58,1,0,0
1741959841,4.205,102.25,63,0,99.53,32.7,1100,28.95,29.13,2.66,2.81,2.81,2.81,18.55,21.19,21.24,21.24,21.24,0.58,1,0,0
1741959901,4.206,102.25,64,0,99.52,32.72,1093,28.96,29.29,2.82,3,3.01,3.02,19.61,22.43,22.5,22.51,22.51,0.6,1,0,0
1741959961,4.205,102.25,65,0,99.52,32.74,1076,28.96,28.83,2.56,2.72,2.73,2.73,17.84,20.39,20.45,20.46,20.46,0.59,1,0,0
1741960021,4.206,102.25,61,0,99.52,32.75,1073,28.95,28.98,2.6,2.76,2.77,2.77,18.12,20.7,20.76,20.77,20.77,0.59,1,0,0
1741960081,4.206,102.25,63,0,99.52,32.74,1069,28.96,28.95,2.64,2.81,2.83,2.83,18.36,21,21.07,21.08,21.09,0.59,1,0,0
1741960141,4.206,102.25,62,0,99.52,32.75,1062,28.95,28.88,2.95,3.13,3.13,3.13,20.58,23.51,23.57,23.58,23.58,0.58,1,0,0
1741960201,4.205,102.25,63,0,99.52,32.73,1055,28.94,28.85,2.45,2.59,2.59,2.59,17.05,19.48,19.52,19.53,19.53,0.58,1,0,0
1741960261,4.205,102.25,63,0,99.52,32.73,1051,28.95,29.09,2.43,2.57,2.57,2.57,16.96,19.36,19.41,19.41,19.42,0.58,1,0,0
1741960321,4.205,102.25,62,0,99.52,32.73,1053,28.98,28.98,2.71,2.87,2.87,2.87,18.89,21.57,21.62,21.63,21.63,0.58,1,0,0
1741960381,4.206,102.25,62,0,99.52,32.74,1046,28.93,28.69,2.7,2.86,2.86,2.86,18.83,21.51,21.56,21.57,21.57,0.59,1,0,0
1741960441,4.206,102.25,62,0,99.52,32.73,1024,28.94,28.43,2.88,3.06,3.08,3.08,20.04,22.91,22.99,23,23,0.6,1,0,0
1741960501,4.205,102.25,63,0,99.52,32.73,1010,28.94,28.11,3.04,3.23,3.25,3.26,21.12,24.15,24.24,24.25,24.25,0.59,1,0,0
1741960561,4.206,102.25,64,0,99.52,32.73,1004,28.94,28.24,2.62,2.78,2.78,2.78,18.27,20.87,20.93,20.93,20.93,0.59,1,0,0
1741960621,4.206,102.25,66,0,99.52,32.74,995,28.93,28.2,2.87,3.05,3.07,3.07,19.93,22.79,22.87,22.88,22.88,0.6,1,0,0
1741960681,4.206,102.25,64,0,99.52,32.73,996,28.95,28.44,2.49,2.66,2.67,2.68,17.32,19.82,19.89,19.9,19.9,0.61,1,0,0
1741960741,4.205,102.25,59,0,99.52,32.75,998,28.96,28.45,3.06,3.25,3.26,3.26,21.29,24.34,24.41,24.42,24.43,0.6,1,0,0
1741960801,4.204,102.25,62,0,99.52,32.76,999,28.96,28.31,2.76,2.92,2.92,2.92,19.25,21.98,22.03,22.04,22.04,0.59,1,0,0
1741960861,4.205,102.25,65,0,99.52,32.75,993,28.98,28.1,2.86,3.02,3.02,3.02,19.92,22.75,22.81,22.81,22.82,0.58,1,0,0
1741960921,4.206,102.25,67,0,99.52,32.76,990,28.99,28.14,2.57,2.72,2.72,2.72,17.91,20.46,20.51,20.52,20.52,0.6,1,0,0
1741960981,4.205,102.25,67,0,99.52,32.78,986,28.97,28.29,2.68,2.85,2.85,2.85,18.68,21.35,21.41,21.42,21.42,0.6,1,0,0
1741961041,4.205,102.25,68,0,99.52,32.8,989,29.01,28.25,2.04,2.17,2.17,2.18,14.23,16.27,16.31,16.32,16.32,0.6,1,0,0
1741961101,4.206,102.25,71,0,99.52,32.81,991,29.01,28.18,2.72,2.88,2.88,2.88,18.94,21.64,21.69,21.7,21.7,0.6,1,0,0
1741961161,4.205,102.25,72,0,99.53,32.85,991,29.02,28.05,2.32,2.46,2.46,2.46,16.15,18.45,18.5,18.51,18.51,0.61,1,0,0
1741961221,4.206,102.25,72,0,99.53,32.86,991,29.03,27.83,2.39,2.54,2.54,2.54,16.67,19.05,19.1,19.11,19.11,0.6,1,0,0
1741961281,4.207,102.25,72,0,99.53,32.87,986,29.04,27.44,2.6,2.77,2.79,2.79,18.1,20.7,20.78,20.79,20.79,0.61,1,0,0
1741961341,4.205,102.25,72,0,99.53,32.86,972,29.06,27.37,2.78,2.95,2.95,2.96,19.36,22.13,22.19,22.2,22.2,0.59,1,0,0
1741961401,4.205,102.25,72,0,99.53,32.85,975,29.03,27.58,2.57,2.73,2.73,2.73,17.92,20.47,20.53,20.54,20.54,0.59,1,0,0
1741961461,4.205,102.25,72,0,99.53,32.88,987,29.1,27.86,2.32,2.46,2.46,2.46,16.15,18.45,18.5,18.51,18.51,0.59,1,0,0
1741961521,4.205,102.25,72,0,99.53,32.9,997,29.09,27.83,2.79,2.95,2.95,2.95,19.43,22.19,22.24,22.25,22.25,0.59,1,0,0
1741961581,4.206,102.25,73,0,99.53,32.92,994,29.1,27.84,2.5,2.65,2.65,2.65,17.44,19.92,19.97,19.97,19.98,0.56,1,0,0
1741961641,4.206,102.25,70,0,99.53,32.94,990,29.1,27.82,2.31,2.44,2.44,2.44,16.07,18.35,18.4,18.4,18.4,0.58,1,0,0
1741961701,4.204,102.25,72,0,99.53,32.94,982,29.11,27.82,2.32,2.46,2.46,2.46,16.19,18.49,18.53,18.54,18.54,0.58,1,0,0
1741961761,4.206,102.25,71,0,99.53,32.95,978,29.12,27.66,2.42,2.56,2.56,2.56,16.85,19.24,19.29,19.29,19.29,0.58,1,0,0
1741961821,4.206,102.25,69,0,99.52,32.94,974,29.14,27.55,2.66,2.82,2.82,2.82,18.56,21.19,21.24,21.25,21.25,0.59,1,0,0
1741961881,4.206,102.25,68,0,99.52,32.98,967,29.15,27.54,2.35,2.48,2.48,2.48,16.36,18.69,18.73,18.73,18.74,0.58,1,0,0
1741961941,4.205,102.25,72,0,99.52,32.99,964,29.14,27.68,2.24,2.38,2.39,2.39,15.62,17.85,17.9,17.9,17.91,0.59,1,0,0
1741962001,4.207,102.25,72,0,99.52,33,961,29.15,27.5,2.37,2.51,2.51,2.51,16.54,18.89,18.93,18.94,18.94,0.58,1,0,0
1741962061,4.206,102.25,75,0,99.52,32.97,959,29.19,27.45,2.82,3.02,3.04,3.05,19.61,22.44,22.53,22.54,22.54,0.6,1,0,0
1741962121,4.205,102.25,77,0,99.52,33,955,29.17,27.51,2.36,2.51,2.53,2.53,16.45,18.81,18.87,18.87,18.88,0.6,1,0,0
1741962181,4.205,102.25,75,0,99.51,33.01,955,29.19,27.6,2.22,2.37,2.39,2.39,15.43,17.66,17.72,17.73,17.73,0.61,1,0,0
1741962241,4.206,102.25,64,0,99.51,33.01,955,29.19,27.7,2.62,2.83,2.87,2.88,18.16,20.82,20.93,20.95,20.95,0.62,1,0,0
1741962301,4.205,102.25,70,0,99.51,32.79,847,28.93,25.44,4.27,4.58,4.63,4.64,29.63,33.94,34.09,34.11,34.11,0.6,1,0,0
1741962361,4.206,102.25,70,0,99.5,32.43,714,28.55,23.52,5.24,5.59,5.62,5.63,36.44,41.68,41.83,41.85,41.85,0.6,1,0,0
1741962421,4.207,102.25,70,0,99.5,32.1,626,28.09,22.37,5.42,5.77,5.8,5.8,37.74,43.15,43.29,43.3,43.31,0.62,1,0,0
1741962481,4.205,102.25,69,0,99.5,31.81,582,27.78,21.81,5.15,5.5,5.54,5.55,35.77,40.94,41.09,41.12,41.12,0.64,1,0,0
1741962541,4.204,102.25,66,0,99.5,31.57,552,27.51,21.43,5.74,6.12,6.17,6.18,39.86,45.61,45.78,45.8,45.81,0.63,1,0,0
1741962601,4.205,102.25,67,0,99.5,31.24,529,27.32,21.09,5.78,6.14,6.17,6.17,40.24,46,46.14,46.16,46.17,0.61,1,0,0
1741962661,4.205,102.25,68,0,99.5,30.93,510,27.21,21.05,6.41,6.81,6.85,6.85,44.57,50.96,51.12,51.15,51.15,0.61,1,0,0
1741962721,4.207,102.25,67,0,99.51,30.71,502,26.99,20.77,5.35,5.71,5.75,5.76,37.15,42.51,42.67,42.69,42.7,0.63,1,0,0
1741962781,4.206,102.25,65,0,99.5,30.53,495,26.91,20.78,5.76,6.17,6.23,6.24,39.99,45.78,45.98,46,46.01,0.65,1,0,0
1741962841,4.206,102.25,54,0,99.5,30.34,485,26.72,20.58,5.1,5.48,5.55,5.56,35.38,40.53,40.72,40.75,40.76,0.64,1,0,0
1741962901,4.206,102.25,58,0,99.5,30.2,479,26.68,20.55,6.02,6.47,6.56,6.58,41.68,47.77,48.01,48.04,48.05,0.65,1,0,0
1741962961,4.206,102.25,59,0,99.5,30.11,476,26.67,20.61,5.78,6.17,6.22,6.23,40.11,45.91,46.09,46.11,46.12,0.62,1,0,0
1741963021,4.205,102.25,59,0,99.5,29.91,472,26.53,20.24,6.11,6.48,6.5,6.5,42.55,48.63,48.77,48.78,48.79,0.6,1,0,0
1741963081,4.205,102.25,56,0,99.51,29.76,461,26.38,20.15,5.66,6.01,6.02,6.02,39.44,45.07,45.2,45.21,45.22,0.61,1,0,0
1741963141,4.206,102.25,56,0,99.51,29.62,459,26.31,20.35,5.3,5.65,5.67,5.68,36.9,42.19,42.33,42.35,42.36,0.63,1,0,0
1741963201,4.205,102.25,57,0,99.5,29.49,457,26.19,20.25,5.79,6.17,6.2,6.21,40.28,46.06,46.22,46.24,46.25,0.62,1,0,0
1741963261,4.206,102.25,58,0,99.51,29.32,456,26.1,20.18,5.61,5.99,6.03,6.04,38.98,44.6,44.77,44.79,44.8,0.63,1,0,0
1741963321,4.206,102.25,59,0,99.51,29.15,453,26.02,20.18,6.01,6.48,6.58,6.6,41.62,47.72,47.97,48.01,48.02,0.67,1,0,0
1741963381,4.205,102.25,59,0,99.51,29.05,452,26,20.29,6.1,6.62,6.76,6.78,42.11,48.36,48.66,48.71,48.72,0.65,1,0,0
1741963441,4.205,102.25,58,0,99.51,29.03,451,25.93,20.27,6.23,6.63,6.66,6.67,43.35,49.57,49.74,49.76,49.76,0.6,1,0,0
1741963501,4.205,102.25,63,0,99.51,28.95,450,25.85,20.18,6.24,6.62,6.63,6.63,43.48,49.68,49.82,49.83,49.84,0.62,1,0,0
1741963561,4.206,102.25,62,0,99.51,28.84,445,25.79,20.25,6.26,6.65,6.67,6.67,43.57,49.8,49.95,49.97,49.98,0.61,1,0,0
1741963621,4.205,102.25,63,0,99.51,28.78,443,25.68,20.23,6.12,6.48,6.48,6.48,42.69,48.76,48.88,48.9,48.9,0.59,1,0,0
1741963681,4.206,102.25,63,0,99.51,28.69,443,25.65,20.26,6.32,6.69,6.69,6.69,44.04,50.3,50.42,50.44,50.44,0.59,1,0,0
1741963741,4.206,102.25,63,0,99.51,28.63,442,25.53,20.3,6.04,6.43,6.46,6.46,42,48.03,48.19,48.21,48.22,0.6,1,0,0
1741963801,4.206,102.25,62,0,99.51,28.55,442,25.38,20.26,5.98,6.38,6.43,6.44,41.57,47.56,47.73,47.76,47.77,0.61,1,0,0
1741963861,4.206,102.25,62,0,99.51,28.48,442,25.34,20.39,5.84,6.26,6.32,6.33,40.54,46.42,46.62,46.65,46.66,0.62,1,0,0
1741963921,4.206,102.25,63,0,99.51,28.42,441,25.33,20.42,6.68,7.18,7.28,7.3,46.25,53.01,53.27,53.31,53.32,0.64,1,0,0
1741963981,4.206,102.25,58,0,99.51,28.31,437,25.26,20.27,6.74,7.27,7.38,7.41,46.64,53.48,53.77,53.81,53.82,0.63,1,0,0
1741964041,4.207,102.25,63,0,99.51,28.21,439,25.19,20.62,6.27,6.76,6.87,6.89,43.39,49.76,50.02,50.06,50.07,0.64,1,0,0
1741964101,4.206,102.25,64,0,99.51,28.14,440,25.22,20.67,6.2,6.65,6.72,6.73,43.03,49.28,49.49,49.52,49.53,0.63,1,0,0
1741964161,4.206,102.25,65,0,99.51,28.09,442,25.26,20.63,6.66,7.13,7.19,7.2,46.26,52.95,53.17,53.2,53.21,0.64,1,0,0
1741964221,4.206,102.25,65,0,99.5,28.02,447,25.29,20.7,6.15,6.62,6.71,6.73,42.6,48.83,49.07,49.11,49.12,0.63,1,0,0
1741964281,4.206,102.25,65,0,99.51,27.99,448,25.26,20.79,6.74,7.3,7.44,7.46,46.56,53.44,53.76,53.81,53.82,0.65,1,0,0
1741964341,4.206,102.25,64,0,99.51,27.94,454,25.26,20.79,6.94,7.59,7.8,7.85,47.74,54.92,55.34,55.41,55.42,0.66,1,0,0
1741964401,4.204,102.25,64,0,99.51,27.84,454,25.19,20.72,6.29,6.8,6.92,6.95,43.52,49.93,50.21,50.26,50.27,0.64,1,0,0
1741964461,4.207,102.25,64,0,99.51,27.77,454,25.15,20.7,6.46,6.95,7.05,7.07,44.74,51.29,51.54,51.58,51.59,0.64,1,0,0
1741964521,4.207,102.25,64,0,99.51,27.72,452,25.14,20.63,6.49,6.91,6.95,6.96,45.13,51.62,51.8,51.82,51.83,0.61,1,0,0
1741964581,4.205,102.25,63,0,99.51,27.68,452,25.12,20.77,6.66,7.19,7.31,7.33,46.07,52.84,53.12,53.17,53.18,0.66,1,0,0
1741964641,4.205,102.25,64,0,99.51,27.68,450,25.1,20.63,6.4,6.86,6.93,6.95,44.38,50.82,51.05,51.08,51.09,0.64,1,0,0
1741964701,4.205,102.25,63,0,99.51,27.68,450,25.07,20.66,6.96,7.48,7.58,7.6,48.19,55.23,55.5,55.54,55.55,0.63,1,0,0
1741964761,4.207,102.25,63,0,99.51,27.6,446,24.99,20.54,6.57,7.03,7.1,7.11,45.64,52.25,52.46,52.49,52.5,0.61,1,0,0
1741964821,4.207,102.25,63,0,99.51,27.57,444,24.97,20.61,5.81,6.2,6.24,6.25,40.38,46.2,46.37,46.39,46.4,0.61,1,0,0
1741964881,4.206,102.25,63,0,99.5,27.57,443,24.87,20.62,6.96,7.46,7.54,7.56,48.26,55.27,55.52,55.55,55.56,0.6,1,0,0
1741964941,4.206,102.25,59,0,99.5,27.59,442,24.81,20.6,6.69,7.14,7.2,7.21,46.45,53.16,53.36,53.39,53.4,0.62,1,0,0
1741965001,4.206,102.25,62,0,99.5,27.6,443,24.78,20.69,6.55,7,7.07,7.08,45.49,52.07,52.28,52.31,52.32,0.61,1,0,0
1741965061,4.205,102.25,62,0,99.5,27.57,443,24.73,20.63,6.76,7.25,7.34,7.35,46.87,53.68,53.93,53.96,53.97,0.63,1,0,0
1741965121,4.204,102.25,62,0,99.5,27.55,443,24.71,20.49,6.73,7.22,7.31,7.33,46.64,53.43,53.68,53.72,53.73,0.63,1,0,0
1741965181,4.205,102.25,60,0,99.5,27.46,443,24.73,20.52,7.05,7.55,7.63,7.65,48.89,55.99,56.23,56.27,56.28,0.64,1,0,0
1741965241,4.206,102.25,60,0,99.5,27.48,441,24.76,20.56,6.26,6.72,6.8,6.82,43.42,49.74,49.97,50,50.01,0.65,1,0,0
1741965301,4.206,102.25,60,0,99.5,27.49,442,24.77,20.48,6.82,7.29,7.36,7.37,47.34,54.19,54.41,54.45,54.46,0.63,1,0,0
1741965361,4.205,102.25,61,0,99.5,27.48,443,24.77,20.39,6.37,6.78,6.82,6.83,44.27,50.64,50.81,50.84,50.84,0.61,1,0,0
1741965421,4.206,102.25,61,0,99.49,27.45,439,24.67,20.36,6.79,7.25,7.31,7.32,47.18,53.99,54.2,54.23,54.24,0.61,1,0,0
1741965481,4.205,102.25,62,0,99.49,27.36,437,24.62,20.41,6.73,7.23,7.32,7.34,46.62,53.42,53.68,53.71,53.72,0.63,1,0,0
1741965541,4.206,102.25,62,0,99.49,27.34,438,24.61,20.6,5.91,6.32,6.38,6.39,41.04,46.97,47.16,47.19,47.2,0.6,1,0,0
1741965601,4.205,102.25,62,0,99.5,27.35,439,24.58,20.51,6.54,6.99,7.06,7.07,45.41,51.98,52.19,52.22,52.23,0.63,1,0,0
1741965661,4.207,102.25,60,0,99.5,27.3,437,24.52,20.58,6.76,7.21,7.27,7.28,46.96,53.73,53.93,53.96,53.97,0.63,1,0,0
1741965721,4.205,102.25,61,0,99.5,27.3,437,24.55,20.67,6.9,7.42,7.52,7.54,47.84,54.82,55.08,55.12,55.13,0.66,1,0,0
1741965781,4.206,102.25,61,0,99.5,27.34,439,24.53,20.61,6.17,6.59,6.64,6.65,42.87,49.06,49.24,49.27,49.28,0.61,1,0,0
1741965841,4.205,102.25,62,0,99.5,27.29,440,24.42,20.64,5.82,6.19,6.22,6.23,40.52,46.32,46.47,46.49,46.5,0.59,1,0,0
1741965901,4.206,102.25,63,0,99.5,27.24,439,24.36,20.6,7.33,7.83,7.9,7.91,50.93,58.29,58.52,58.55,58.56,0.63,1,0,0
1741965961,4.206,102.25,64,0,99.49,27.19,439,24.32,20.61,6.84,7.32,7.39,7.4,47.5,54.37,54.6,54.63,54.64,0.64,1,0,0
1741966021,4.206,102.25,64,0,99.49,27.18,437,24.28,20.69,6.92,7.48,7.61,7.63,47.84,54.88,55.19,55.24,55.25,0.66,1,0,0
1741966081,4.205,102.25,64,0,99.49,27.18,435,24.29,20.82,6.43,6.99,7.15,7.18,44.35,50.95,51.29,51.34,51.35,0.67,1,0,0
1741966141,4.206,102.25,63,0,99.49,27.12,436,24.26,20.67,6.71,7.32,7.5,7.54,46.27,53.19,53.56,53.62,53.63,0.67,1,0,0
1741966201,4.206,102.25,63,0,99.48,27.09,437,24.26,20.78,6.73,7.32,7.49,7.52,46.43,53.34,53.69,53.75,53.76,0.67,1,0,0
1741966261,4.205,102.25,63,0,99.48,27.04,438,24.18,20.77,6.65,7.2,7.33,7.35,45.97,52.75,53.06,53.1,53.12,0.64,1,0,0
1741966321,4.205,102.25,62,0,99.48,27,439,24.16,20.82,6.75,7.32,7.47,7.5,46.63,53.53,53.86,53.92,53.93,0.66,1,0,0
1741966381,4.206,102.25,60,0,99.48,26.97,437,24.14,20.86,6.87,7.48,7.66,7.69,47.41,54.47,54.84,54.9,54.91,0.67,1,0,0
1741966441,4.205,102.25,61,0,99.48,26.97,440,24.12,20.94,6.75,7.36,7.54,7.57,46.57,53.53,53.89,53.95,53.97,0.65,1,0,0
1741966501,4.206,102.25,61,0,99.48,26.97,440,24.11,21.07,6.56,7.07,7.17,7.19,45.46,52.11,52.38,52.42,52.43,0.64,1,0,0
1741966561,4.205,102.25,61,0,99.47,27,439,24.15,20.99,6.73,7.23,7.33,7.35,46.6,53.4,53.67,53.7,53.72,0.64,1,0,0
1741966621,4.206,102.25,62,0,99.48,27.03,436,24.11,21.04,6.97,7.47,7.55,7.57,48.36,55.38,55.63,55.66,55.67,0.63,1,0,0
1741966681,4.209,102.25,62,0,99.47,27.06,436,24.14,21.02,6.17,6.66,6.77,6.8,42.65,48.92,49.2,49.24,49.25,0.65,1,0,0
1741966741,4.206,102.25,62,0,99.47,27.04,435,24.12,20.99,6.33,6.78,6.85,6.87,43.93,50.3,50.52,50.55,50.56,0.61,1,0,0
1741966801,4.209,102.25,60,0,99.47,27.03,432,24.12,21.18,6.5,6.96,7.02,7.03,45.16,51.7,51.9,51.93,51.94,0.62,1,0,0
1741966861,4.205,102.25,59,0,99.47,26.98,433,24.13,21.33,6.77,7.32,7.45,7.48,46.85,53.75,54.06,54.11,54.12,0.67,1,0,0
1741966921,4.207,102.25,61,0,99.48,26.94,432,24.12,21.36,6.75,7.28,7.4,7.42,46.73,53.58,53.87,53.91,53.92,0.65,1,0,0
1741966981,4.207,102.25,62,0,99.47,26.96,432,24.09,21.49,7,7.53,7.63,7.65,48.53,55.61,55.88,55.92,55.93,0.63,1,0,0
1741967041,4.207,102.25,62,0,99.48,26.96,438,24.12,22.1,7.52,8.03,8.1,8.11,52.2,59.74,59.97,60.01,60.02,0.63,1,0,0
1741967101,4.207,102.25,60,0,99.47,26.99,444,24.18,21.78,7.18,7.63,7.67,7.68,49.93,57.09,57.28,57.3,57.31,0.61,1,0,0
1741967161,4.205,102.25,59,0,99.47,27.07,448,24.26,21.54,6.75,7.19,7.24,7.25,46.91,53.66,53.85,53.88,53.89,0.62,1,0,0
1741967221,4.205,102.25,57,0,99.47,27.18,452,24.3,21.7,7.43,8,8.11,8.13,51.49,59.02,59.31,59.35,59.37,0.63,1,0,0
1741967281,4.206,102.25,62,0,99.48,27.21,451,24.32,21.44,6.79,7.37,7.53,7.56,46.88,53.84,54.18,54.23,54.25,0.64,1,0,0
1741967341,4.206,102.25,61,0,99.48,27.23,452,24.34,21.4,7.14,7.8,8.01,8.05,49.18,56.55,56.96,57.03,57.05,0.62,1,0,0
1741967401,4.206,102.25,62,0,99.48,27.24,451,24.32,21.59,7.6,8.14,8.23,8.24,52.77,60.42,60.68,60.72,60.73,0.63,1,0,0
1741967461,4.206,102.25,61,0,99.48,27.25,451,24.34,21.76,6.55,7.02,7.09,7.1,45.46,52.05,52.27,52.3,52.31,0.63,1,0,0
1741967521,4.206,102.25,61,0,99.48,27.24,449,24.35,21.65,6.81,7.39,7.54,7.57,47.07,54.04,54.37,54.42,54.44,0.66,1,0,0
1741967581,4.206,102.25,60,0,99.48,27.27,449,24.35,21.68,7.14,7.72,7.85,7.88,49.38,56.65,56.97,57.02,57.03,0.66,1,0,0
1741967641,4.205,102.25,62,0,99.48,27.28,450,24.37,21.51,7.44,8.03,8.16,8.19,51.5,59.06,59.38,59.42,59.44,0.64,1,0,0
1741967701,4.206,102.25,62,0,99.48,27.28,448,24.41,21.49,6.95,7.44,7.53,7.54,48.18,55.18,55.42,55.46,55.47,0.63,1,0,0
1741967761,4.206,102.25,63,0,99.48,27.3,446,24.4,21.31,6.61,7.08,7.16,7.17,45.86,52.52,52.74,52.78,52.79,0.64,1,0,0
1741967821,4.207,102.25,64,0,99.47,27.3,445,24.41,21.44,7.19,7.69,7.76,7.77,49.9,57.12,57.36,57.39,57.4,0.63,1,0,0
1741967881,4.206,102.25,66,0,99.48,27.33,443,24.38,21.5,6.54,6.97,7.01,7.02,45.49,52.03,52.21,52.23,52.24,0.64,1,0,0
1741967941,4.206,102.25,65,0,99.48,27.35,443,24.41,21.49,7.53,8.04,8.1,8.11,52.34,59.88,60.1,60.14,60.15,0.65,1,0,0
1741968001,4.206,102.25,63,0,99.47,27.33,443,24.4,21.51,6.5,7.01,7.12,7.14,45.03,51.63,51.9,51.94,51.95,0.64,1,0,0
1741968061,4.206,102.25,62,0,99.47,27.32,444,24.37,21.48,7.02,7.53,7.62,7.64,48.66,55.74,56,56.03,56.05,0.65,1,0,0
1741968121,4.206,102.25,63,0,99.47,27.31,442,24.35,21.38,7.22,7.75,7.84,7.86,50.07,57.35,57.61,57.65,57.66,0.63,1,0,0
1741968181,4.206,102.25,63,0,99.47,27.33,445,24.34,21.37,6.88,7.34,7.39,7.4,47.83,54.72,54.91,54.94,54.95,0.6,1,0,0
1741968241,4.205,102.25,63,0,99.47,27.36,443,24.35,21.35,6.94,7.41,7.46,7.47,48.22,55.17,55.38,55.41,55.42,0.62,1,0,0
1741968301,4.206,102.25,63,0,99.47,27.37,443,24.34,21.35,7.08,7.6,7.69,7.7,49.11,56.25,56.5,56.54,56.55,0.64,1,0,0
1741968361,4.206,102.25,64,0,99.47,27.33,441,24.36,21.23,7.31,7.84,7.92,7.94,50.72,58.08,58.34,58.37,58.38,0.62,1,0,0
1741968421,4.206,102.25,64,0,99.47,27.32,443,24.37,21.35,6.65,7.13,7.22,7.23,46.09,52.79,53.03,53.07,53.08,0.64,1,0,0
1741968481,4.206,102.25,63,0,99.47,27.33,444,24.39,21.39,6.63,7.1,7.18,7.2,45.96,52.64,52.87,52.9,52.91,0.64,1,0,0
1741968541,4.206,102.25,62,0,99.47,27.32,444,24.38,21.37,6.8,7.27,7.34,7.36,47.21,54.05,54.27,54.3,54.31,0.64,1,0,0
1741968601,4.206,102.25,62,0,99.47,27.35,446,24.43,21.43,6.48,6.89,6.92,6.92,45.09,51.54,51.71,51.73,51.74,0.61,1,0,0
1741968661,4.205,102.25,62,0,99.47,27.36,444,24.46,21.35,7.66,8.23,8.33,8.35,53.1,60.83,61.12,61.16,61.18,0.62,1,0,0
1741968721,4.206,102.25,61,0,99.47,27.38,442,24.45,21.41,7.51,8.09,8.21,8.23,51.99,59.61,59.91,59.96,59.97,0.62,1,0,0
1741968781,4.206,102.25,61,0,99.47,27.36,439,24.44,21.36,6.7,7.22,7.33,7.35,46.43,53.23,53.5,53.54,53.55,0.64,1,0,0
1741968841,4.206,102.25,58,0,99.47,27.38,439,24.47,21.46,7,7.63,7.81,7.85,48.26,55.47,55.85,55.91,55.92,0.67,1,0,0
1741968901,4.207,102.25,59,0,99.47,27.38,440,24.45,21.28,7.42,8.01,8.14,8.17,51.34,58.89,59.21,59.26,59.27,0.62,1,0,0
1741968961,4.206,102.25,54,0,99.46,27.38,441,24.43,21.35,6.72,7.22,7.3,7.32,46.63,53.42,53.66,53.7,53.71,0.63,1,0,0
1741969021,4.207,102.25,51,0,99.47,27.4,440,24.44,21.3,6.82,7.28,7.34,7.35,47.37,54.2,54.41,54.44,54.45,0.63,1,0,0
1741969081,4.206,102.25,53,0,99.46,27.37,439,24.43,21.27,6.36,6.79,6.85,6.86,44.14,50.52,50.72,50.75,50.76,0.64,1,0,0
1741969141,4.204,102.25,55,0,99.46,27.35,437,24.38,21.23,6.99,7.49,7.57,7.59,48.47,55.51,55.76,55.79,55.8,0.63,1,0,0
1741969201,4.206,102.25,55,0,99.45,27.36,437,24.37,21.23,6.72,7.23,7.34,7.36,46.51,53.31,53.59,53.63,53.64,0.65,1,0,0
1741969261,4.206,102.25,59,0,99.45,27.35,436,24.41,21.3,7.05,7.57,7.67,7.69,48.87,56,56.26,56.3,56.31,0.63,1,0,0
1741969321,4.207,102.25,57,0,99.45,27.36,439,24.4,21.38,7.04,7.57,7.67,7.69,48.76,55.88,56.15,56.19,56.2,0.63,1,0,0
1741969381,4.206,102.25,59,0,99.45,27.28,440,24.36,21.69,6.94,7.42,7.48,7.5,48.23,55.2,55.42,55.45,55.46,0.61,1,0,0
1741969441,4.205,102.25,60,0,99.45,27.28,439,24.29,22.13,7.47,7.96,8,8.01,51.98,59.45,59.65,59.68,59.69,0.61,1,0,0
1741969501,4.205,102.25,58,0,99.45,27.29,447,24.13,22.66,7.25,7.72,7.76,7.76,50.47,57.71,57.9,57.92,57.93,0.62,1,0,0
1741969561,4.206,102.25,58,0,99.44,27.29,448,24.09,22.83,6.5,6.94,7,7.01,45.2,51.71,51.91,51.94,51.95,0.62,1,0,0
1741969621,4.206,102.25,59,0,99.44,27.25,446,24.07,22.76,7.72,8.28,8.38,8.4,53.54,61.33,61.61,61.65,61.66,0.65,1,0,0
1741969681,4.206,102.25,59,0,99.44,27.29,449,24.06,22.8,7.3,7.81,7.88,7.89,50.71,58.05,58.28,58.31,58.32,0.62,1,0,0
1741969741,4.205,102.25,60,0,99.44,27.27,449,24.07,22.61,7.49,7.98,8.03,8.04,52.1,59.59,59.8,59.83,59.84,0.61,1,0,0
1741969801,4.207,102.25,58,0,99.44,27.24,449,24.13,22.35,7.21,7.75,7.85,7.87,50,57.28,57.55,57.59,57.61,0.63,1,0,0
1741969861,4.206,102.25,54,0,99.44,27.28,452,24.12,22.28,6.72,7.23,7.34,7.36,46.5,53.31,53.58,53.63,53.64,0.65,1,0,0
1741969921,4.207,102.25,56,0,99.43,27.24,453,24.07,22.26,7.37,7.91,8,8.02,51.14,58.58,58.84,58.88,58.89,0.62,1,0,0
1741969981,4.205,102.25,56,0,99.43,27.29,451,24.04,22.34,7.13,7.58,7.61,7.62,49.59,56.69,56.87,56.89,56.9,0.62,1,0,0
1741970041,4.206,102.25,54,0,99.44,27.3,449,24.06,22.46,7.05,7.55,7.64,7.65,48.88,55.98,56.22,56.26,56.27,0.65,1,0,0
1741970101,4.206,102.25,54,0,99.43,27.34,451,24.07,22.58,6.88,7.45,7.59,7.61,47.58,54.6,54.92,54.97,54.98,0.66,1,0,0
1741970161,4.205,102.25,53,0,99.43,27.34,453,24.08,22.97,6.71,7.4,7.65,7.7,46.05,53.06,53.53,53.6,53.62,0.7,1,0,0
1741970221,4.205,102.25,56,0,99.43,27.3,456,24.11,22.66,6.96,7.5,7.61,7.63,48.16,55.21,55.5,55.54,55.56,0.66,1,0,0
1741970281,4.206,102.25,56,0,99.43,27.27,455,24.05,22.83,6.86,7.39,7.5,7.53,47.51,54.47,54.75,54.8,54.81,0.64,1,0,0
1741970341,4.206,102.25,50,0,99.42,27.23,456,24.04,22.51,7.01,7.58,7.7,7.73,48.52,55.66,55.96,56.01,56.02,0.65,1,0,0
1741970401,4.206,102.25,50,0,99.42,27.23,454,24.03,22.67,7.25,7.84,7.98,8.01,50.1,57.49,57.82,57.87,57.89,0.64,1,0,0
1741970461,4.205,102.25,47,0,99.43,27.21,452,24.01,22.68,6.02,6.45,6.53,6.54,41.73,47.79,48.01,48.04,48.05,0.63,1,0,0
1741970521,4.206,102.25,50,0,99.42,27.2,450,23.97,22.65,6.78,7.22,7.26,7.27,47.15,53.93,54.11,54.13,54.14,0.63,1,0,0
1741970581,4.207,102.25,53,0,99.42,27.17,448,23.95,22.76,7.58,8.05,8.08,8.08,52.75,60.3,60.48,60.51,60.52,0.61,1,0,0
1741970641,4.204,102.25,52,0,99.42,27.19,448,23.96,22.86,7,7.41,7.42,7.42,48.74,55.69,55.84,55.85,55.86,0.61,1,0,0
1741970701,4.206,102.25,52,0,99.42,27.26,449,23.99,23.08,7.43,7.85,7.85,7.85,51.77,59.12,59.26,59.28,59.28,0.58,1,0,0
1741970761,4.206,102.25,51,0,99.42,27.3,449,24.01,23.05,7.14,7.55,7.55,7.55,49.78,56.85,56.99,57,57.01,0.58,1,0,0
1741970821,4.207,102.25,52,0,99.42,27.26,446,24.02,22.91,6.77,7.16,7.16,7.16,47.2,53.91,54.04,54.05,54.06,0.58,1,0,0
1741970881,4.206,102.25,50,0,99.41,27.32,445,23.94,23.14,7.27,7.68,7.68,7.68,50.65,57.84,57.98,58,58,0.58,1,0,0
1741970941,4.206,102.25,53,0,99.41,27.32,447,23.95,23.16,6.87,7.26,7.26,7.26,47.87,54.66,54.79,54.81,54.81,0.58,1,0,0
1741971001,4.206,102.25,50,0,99.41,27.31,447,23.95,22.86,7.59,8.05,8.07,8.08,52.83,60.37,60.55,60.57,60.58,0.61,1,0,0
1741971061,4.206,102.25,49,0,99.41,27.25,447,23.97,23.13,7.62,8.13,8.18,8.19,52.99,60.62,60.83,60.86,60.87,0.63,1,0,0
1741971121,4.207,102.25,50,0,99.4,27.26,445,24.04,23.55,7.22,7.69,7.74,7.75,50.2,57.41,57.62,57.64,57.65,0.61,1,0,0
1741971181,4.206,102.25,50,0,99.4,27.34,461,24.07,23.81,7.59,8.03,8.03,8.03,52.93,60.45,60.59,60.61,60.62,0.58,1,0,0
1741971241,4.205,102.25,50,0,99.4,27.32,468,24.07,23.43,7.52,7.96,7.97,7.97,52.39,59.84,59.99,60.01,60.02,0.6,1,0,0
1741971301,4.206,102.25,49,0,99.4,27.26,470,24.11,23.13,7.15,7.6,7.62,7.63,49.79,56.91,57.08,57.1,57.11,0.6,1,0,0
1741971361,4.206,102.25,49,0,99.4,27.25,469,24.1,23.55,6.81,7.27,7.32,7.33,47.29,54.11,54.32,54.35,54.36,0.63,1,0,0
1741971421,4.206,102.25,49,0,99.4,27.32,472,24.13,23.91,6.76,7.24,7.31,7.33,46.91,53.71,53.94,53.98,53.99,0.63,1,0,0
1741971481,4.206,102.25,45,0,99.39,27.34,473,24.16,23.4,6.97,7.46,7.53,7.54,48.39,55.4,55.63,55.66,55.67,0.65,1,0,0
1741971541,4.207,102.25,46,0,99.39,27.33,475,24.18,23.5,7.17,7.63,7.68,7.68,49.85,57.01,57.21,57.23,57.24,0.61,1,0,0
1741971601,4.205,102.25,48,0,99.39,27.41,477,24.16,23.32,6.98,7.43,7.48,7.49,48.52,55.49,55.69,55.71,55.72,0.61,1,0,0
1741971661,4.206,102.25,46,0,99.38,27.45,473,24.15,22.93,7.67,8.17,8.23,8.24,53.31,60.98,61.2,61.23,61.24,0.63,1,0,0
1741971721,4.206,102.25,46,0,99.38,27.5,470,24.17,22.86,7.77,8.28,8.34,8.35,54.03,61.8,62.02,62.05,62.06,0.63,1,0,0
1741971781,4.206,102.25,48,0,99.38,27.52,467,24.2,22.71,7.3,7.78,7.83,7.84,50.76,58.06,58.26,58.29,58.3,0.62,1,0,0
1741971841,4.206,102.25,48,0,99.38,27.51,467,24.18,22.53,7.33,7.8,7.85,7.86,50.94,58.26,58.46,58.49,58.5,0.62,1,0,0
1741971901,4.206,102.25,47,0,99.38,27.47,464,24.19,22.64,7.5,7.98,8.02,8.03,52.18,59.67,59.86,59.89,59.9,0.63,1,0,0
1741971961,4.207,102.25,47,0,99.37,27.49,461,24.23,22.49,8.04,8.56,8.61,8.62,55.88,63.91,64.14,64.16,64.18,0.62,1,0,0
1741972021,4.206,102.25,48,0,99.38,27.51,457,24.2,22.48,7.67,8.17,8.21,8.22,53.36,61.02,61.23,61.25,61.26,0.6,1,0,0
1741972081,4.205,102.25,44,0,99.37,27.53,455,24.16,22.59,7.15,7.62,7.66,7.67,49.72,56.86,57.06,57.09,57.1,0.62,1,0,0
1741972141,4.206,102.25,46,0,99.37,27.55,456,24.13,22.52,7.33,7.84,7.91,7.93,50.91,58.27,58.51,58.54,58.55,0.64,1,0,0
1741972201,4.206,102.25,45,0,99.37,27.53,456,24.19,22.55,7.77,8.31,8.39,8.41,53.95,61.76,62.01,62.05,62.06,0.64,1,0,0
1741972261,4.204,102.25,44,0,99.36,27.56,456,24.24,22.42,7.17,7.64,7.69,7.7,49.88,57.04,57.24,57.27,57.28,0.62,1,0,0
1741972321,4.206,102.25,45,0,99.36,27.55,453,24.28,22.48,7.84,8.37,8.44,8.45,54.42,62.28,62.52,62.56,62.57,0.63,1,0,0
1741972381,4.205,102.25,44,0,99.36,27.57,451,24.25,22.29,6.82,7.26,7.3,7.31,47.47,54.28,54.46,54.48,54.49,0.62,1,0,0
1741972441,4.205,102.25,44,0,99.36,27.59,453,24.25,22.21,7.13,7.58,7.61,7.62,49.6,56.71,56.89,56.91,56.92,0.63,1,0,0
1741972501,4.206,102.25,44,0,99.36,27.59,454,24.27,22.28,6.89,7.33,7.37,7.38,47.91,54.79,54.97,54.99,55,0.62,1,0,0
1741972561,4.206,102.25,44,0,99.36,27.59,453,24.29,22.21,7.13,7.61,7.67,7.68,49.51,56.66,56.88,56.91,56.92,0.63,1,0,0
1741972621,4.206,102.25,44,0,99.36,27.61,454,24.24,22.12,6.91,7.37,7.43,7.44,47.98,54.9,55.11,55.14,55.15,0.62,1,0,0
1741972681,4.207,102.25,42,0,99.36,27.57,453,24.22,22.11,6.82,7.3,7.38,7.39,47.29,54.15,54.39,54.42,54.43,0.63,1,0,0
1741972741,4.206,102.25,43,0,99.35,27.58,451,24.2,22.1,6.83,7.37,7.49,7.51,47.3,54.24,54.52,54.57,54.58,0.66,1,0,0
1741972801,4.205,102.25,43,0,99.35,27.58,448,24.24,22.21,7.1,7.63,7.73,7.75,49.24,56.42,56.69,56.73,56.74,0.64,1,0,0
1741972861,4.206,102.25,42,0,99.35,27.56,446,24.25,22.16,6.69,7.17,7.24,7.25,46.46,53.19,53.42,53.45,53.46,0.64,1,0,0
1741972921,4.206,102.25,42,0,99.35,27.54,450,24.25,22.13,7.07,7.54,7.59,7.6,49.15,56.22,56.42,56.45,56.46,0.62,1,0,0
1741972981,4.206,102.25,42,0,99.35,27.57,450,24.24,22.24,6.87,7.31,7.36,7.37,47.76,54.62,54.81,54.83,54.84,0.63,1,0,0
1741973041,4.205,102.25,42,0,99.34,27.55,450,24.24,22.13,6.95,7.4,7.44,7.45,48.33,55.27,55.46,55.48,55.49,0.61,1,0,0
1741973101,4.205,102.25,42,0,99.34,27.52,450,24.27,22.12,6.41,6.81,6.83,6.84,44.65,51.03,51.18,51.2,51.21,0.6,1,0,0
1741973161,4.206,102.25,42,0,99.34,27.55,453,24.25,22.2,6.93,7.34,7.35,7.36,48.27,55.15,55.3,55.31,55.32,0.59,1,0,0
1741973221,4.207,102.25,39,0,99.34,27.57,450,24.27,22.2,7.08,7.49,7.49,7.49,49.38,56.39,56.52,56.54,56.54,0.58,1,0,0
1741973281,4.206,102.25,42,0,99.34,27.6,453,24.28,22.4,6.68,7.07,7.07,7.07,46.6,53.22,53.35,53.36,53.37,0.56,1,0,0
1741973341,4.206,102.25,37,0,99.34,27.63,456,24.31,22.69,7.93,8.39,8.39,8.39,55.29,63.14,63.29,63.3,63.31,0.59,1,0,0
1741973401,4.206,102.25,41,0,99.34,27.69,460,24.4,22.93,6.98,7.4,7.41,7.41,48.59,55.52,55.68,55.69,55.7,0.61,1,0,0
1741973461,4.207,102.25,40,0,99.33,27.75,462,24.45,22.88,6.1,6.48,6.5,6.5,42.46,48.52,48.67,48.69,48.7,0.6,1,0,0
1741973521,4.207,102.25,42,0,99.33,27.79,459,24.46,22.79,7.32,7.75,7.75,7.75,51.06,58.31,58.45,58.46,58.47,0.58,1,0,0
1741973581,4.205,102.25,43,0,99.33,27.84,458,24.49,22.63,7.25,7.67,7.67,7.67,50.56,57.74,57.88,57.9,57.9,0.59,1,0,0
1741973641,4.206,102.25,43,0,99.33,27.91,455,24.5,22.6,7.11,7.59,7.65,7.66,49.43,56.55,56.77,56.8,56.81,0.64,1,0,0
1741973701,4.206,102.25,42,0,99.33,27.95,453,24.57,22.71,6.86,7.32,7.38,7.39,47.69,54.56,54.76,54.79,54.8,0.63,1,0,0
1741973761,4.206,102.25,42,0,99.32,27.94,452,24.55,22.65,6.71,7.19,7.26,7.28,46.6,53.35,53.58,53.61,53.62,0.63,1,0,0
1741973821,4.206,102.25,41,0,99.32,27.95,448,24.54,22.7,6.69,7.14,7.2,7.21,46.52,53.22,53.42,53.45,53.46,0.61,1,0,0
1741973881,4.206,102.25,39,0,99.32,27.97,448,24.56,22.68,7.04,7.46,7.46,7.46,49.09,56.08,56.22,56.24,56.24,0.59,1,0,0
1741973941,4.205,102.25,39,0,99.32,27.97,446,24.6,22.53,6.46,6.83,6.84,6.84,45.01,51.41,51.53,51.55,51.56,0.59,1,0,0
1741974001,4.206,102.25,39,0,99.32,27.98,444,24.62,22.58,7.14,7.56,7.57,7.58,49.71,56.79,56.94,56.96,56.97,0.59,1,0,0
1741974061,4.206,102.25,40,0,99.32,27.97,443,24.59,22.75,6.38,6.78,6.81,6.82,44.37,50.73,50.89,50.91,50.92,0.62,1,0,0
1741974121,4.206,102.25,39,0,99.32,27.98,443,24.59,22.68,6.73,7.13,7.14,7.14,46.89,53.57,53.71,53.73,53.73,0.6,1,0,0
1741974181,4.207,102.25,35,0,99.32,28,443,24.56,22.69,6.93,7.34,7.35,7.35,48.26,55.13,55.28,55.29,55.3,0.6,1,0,0
1741974241,4.206,102.25,38,0,99.32,28.02,444,24.54,22.75,6.69,7.08,7.08,7.09,46.67,53.3,53.43,53.44,53.45,0.59,1,0,0
1741974301,4.206,102.25,38,0,99.32,27.99,441,24.51,22.67,6.39,6.79,6.81,6.81,44.5,50.86,51.01,51.03,51.04,0.61,1,0,0
1741974361,4.206,102.25,36,0,99.31,28.02,443,24.55,22.72,6.42,6.88,6.95,6.97,44.51,50.98,51.2,51.23,51.24,0.64,1,0,0
1741974421,4.205,102.25,36,0,99.31,28.03,443,24.55,22.7,6.51,6.93,6.97,6.97,45.24,51.74,51.91,51.94,51.94,0.62,1,0,0
1741974481,4.207,102.25,36,0,99.31,28.01,446,24.56,22.88,6.83,7.3,7.37,7.39,47.38,54.24,54.47,54.5,54.51,0.63,1,0,0
1741974541,4.209,102.25,35,0,99.3,28.05,447,24.58,23,7.44,7.93,7.98,7.99,51.71,59.15,59.37,59.39,59.4,0.61,1,0,0
1741974601,4.206,102.25,34,0,99.31,28.09,449,24.62,22.97,6.78,7.19,7.21,7.22,47.23,53.97,54.12,54.14,54.15,0.61,1,0,0
1741974661,4.206,102.25,35,0,99.31,28.08,449,24.64,22.92,6.92,7.36,7.39,7.39,48.14,55.04,55.22,55.24,55.25,0.6,1,0,0
1741974721,4.206,102.25,34,0,99.31,28.04,449,24.63,22.88,6.53,6.95,6.98,6.99,45.46,51.98,52.15,52.17,52.18,0.6,1,0,0
1741974781,4.206,102.25,34,0,99.3,27.97,449,24.57,23.25,6.24,6.62,6.64,6.64,43.49,49.69,49.83,49.85,49.85,0.61,1,0,0
1741974841,4.207,102.25,36,0,99.3,27.98,450,24.61,23.2,6.09,6.46,6.47,6.47,42.46,48.51,48.64,48.65,48.66,0.61,1,0,0
1741974901,4.206,102.25,37,0,99.3,27.95,449,24.63,23.4,6.27,6.69,6.73,6.74,43.62,49.89,50.07,50.09,50.1,0.61,1,0,0
1741974961,4.206,102.25,37,0,99.29,27.9,450,24.58,23.27,6.58,7.01,7.05,7.05,45.75,52.32,52.5,52.53,52.54,0.62,1,0,0
1741975021,4.206,102.25,37,0,99.29,27.89,450,24.54,23.31,6.91,7.32,7.34,7.34,48.1,54.96,55.11,55.13,55.14,0.59,1,0,0
1741975081,4.206,102.25,37,0,99.28,27.81,450,24.54,23.43,6.95,7.38,7.41,7.41,48.41,55.33,55.49,55.51,55.52,0.61,1,0,0
1741975141,4.206,102.25,37,0,99.28,27.81,451,24.54,23.28,6.68,7.1,7.12,7.13,46.51,53.17,53.33,53.35,53.36,0.61,1,0,0
1741975201,4.206,102.25,37,0,99.27,27.79,451,24.51,23.49,6.74,7.17,7.2,7.21,46.92,53.65,53.82,53.84,53.85,0.62,1,0,0
1741975261,4.206,102.25,38,0,99.27,27.79,450,24.51,23.57,6.18,6.53,6.53,6.53,43.05,49.17,49.28,49.3,49.3,0.58,1,0,0
1741975321,4.206,102.25,38,0,99.26,27.79,450,24.49,23.54,7.11,7.52,7.52,7.52,49.57,56.61,56.75,56.76,56.77,0.58,1,0,0
1741975381,4.206,102.25,36,0,99.26,27.77,450,24.49,23.67,5.95,6.29,6.3,6.3,41.49,47.38,47.5,47.51,47.52,0.59,1,0,0
1741975441,4.206,102.25,36,0,99.26,27.78,450,24.53,23.73,6.36,6.74,6.76,6.76,44.33,50.65,50.79,50.8,50.81,0.61,1,0,0
